"会話ID","name","text","charId","演出備考"
"GAME_START_1","システム","……夜明け前。
村には、不吉な気配が満ちていた。","","種別=会話; 行=1/4; 参照=game_start:actions[0]; event=game_start; actions=[CONV(value=""GAME_START_1"") -> BOSS(battleBg=""battle_bg_first"",value=[100001,100001])]; winActions=[STEP(value=0) -> SUB(value=1) -> HEAL -> CONV(value=""GAME_START_2"") -> SUB(value=2)]"
"GAME_START_1","システム","（嫌な予感がする……）","","種別=会話; 行=2/4; 参照=game_start:actions[0]; event=game_start; actions=[CONV(value=""GAME_START_1"") -> BOSS(battleBg=""battle_bg_first"",value=[100001,100001])]; winActions=[STEP(value=0) -> SUB(value=1) -> HEAL -> CONV(value=""GAME_START_2"") -> SUB(value=2)]"
"GAME_START_1","村人","きゃあああっ！！","1003","種別=会話; 行=3/4; 参照=game_start:actions[0]; event=game_start; actions=[CONV(value=""GAME_START_1"") -> BOSS(battleBg=""battle_bg_first"",value=[100001,100001])]; winActions=[STEP(value=0) -> SUB(value=1) -> HEAL -> CONV(value=""GAME_START_2"") -> SUB(value=2)]"
"GAME_START_1","システム","子供が魔物に襲われている！","","種別=会話; 行=4/4; 参照=game_start:actions[0]; event=game_start; actions=[CONV(value=""GAME_START_1"") -> BOSS(battleBg=""battle_bg_first"",value=[100001,100001])]; winActions=[STEP(value=0) -> SUB(value=1) -> HEAL -> CONV(value=""GAME_START_2"") -> SUB(value=2)]"
"BATTLE_RETRY_TALK","？？？？","[N:301]よ、まだ倒れてはなりません。
私に残された最後の権能をもって、今一度、深淵を打ち倒す力を授けます…","9999","種別=会話; 行=1/2; 参照=game_start_retry:actions[0]; event=game_start_retry; actions=[CONV(value=""BATTLE_RETRY_TALK"") -> TEMP_LB_START(value=99,id=""game_start_retry_lb99"") -> HEAL -> BOSS(battleBg=""battle_bg_first"",value=[100001,100001])]; winActions=[TEMP_LB_CLEAR(id=""game_start_retry_lb99"") -> STEP(value=0) -> SUB(value=1) -> HEAL -> CONV(value=""GAME_START_2"") -> SUB(value=2) -> LOG(value="""")]"
"BATTLE_RETRY_TALK","システム","不思議なちからで体力が全回復し、秘められた力が開放された！！","","種別=会話; 行=2/2; 参照=game_start_retry:actions[0]; event=game_start_retry; actions=[CONV(value=""BATTLE_RETRY_TALK"") -> TEMP_LB_START(value=99,id=""game_start_retry_lb99"") -> HEAL -> BOSS(battleBg=""battle_bg_first"",value=[100001,100001])]; winActions=[TEMP_LB_CLEAR(id=""game_start_retry_lb99"") -> STEP(value=0) -> SUB(value=1) -> HEAL -> CONV(value=""GAME_START_2"") -> SUB(value=2) -> LOG(value="""")]"
"GAME_START_2","長老","おお……！助かった……。
子ども達を救ってくださり、本当にありがとうございます。","1001","種別=会話; 行=1/2; 参照=game_start:winActions[3]; event=game_start; actions=[CONV(value=""GAME_START_1"") -> BOSS(battleBg=""battle_bg_first"",value=[100001,100001])]; winActions=[STEP(value=0) -> SUB(value=1) -> HEAL -> CONV(value=""GAME_START_2"") -> SUB(value=2)] || 参照=game_start_retry:winActions[4]; event=game_start_retry; actions=[CONV(value=""BATTLE_RETRY_TALK"") -> TEMP_LB_START(value=99,id=""game_start_retry_lb99"") -> HEAL -> BOSS(battleBg=""battle_bg_first"",value=[100001,100001])]; winActions=[TEMP_LB_CLEAR(id=""game_start_retry_lb99"") -> STEP(value=0) -> SUB(value=1) -> HEAL -> CONV(value=""GAME_START_2"") -> SUB(value=2) -> LOG(value="""")]"
"GAME_START_2","長老","……その腕前、ただ者ではありますまい。
お願いがあるのです。村の奥の家まで来てくだされ。","1001","種別=会話; 行=2/2; 参照=game_start:winActions[3]; event=game_start; actions=[CONV(value=""GAME_START_1"") -> BOSS(battleBg=""battle_bg_first"",value=[100001,100001])]; winActions=[STEP(value=0) -> SUB(value=1) -> HEAL -> CONV(value=""GAME_START_2"") -> SUB(value=2)] || 参照=game_start_retry:winActions[4]; event=game_start_retry; actions=[CONV(value=""BATTLE_RETRY_TALK"") -> TEMP_LB_START(value=99,id=""game_start_retry_lb99"") -> HEAL -> BOSS(battleBg=""battle_bg_first"",value=[100001,100001])]; winActions=[TEMP_LB_CLEAR(id=""game_start_retry_lb99"") -> STEP(value=0) -> SUB(value=1) -> HEAL -> CONV(value=""GAME_START_2"") -> SUB(value=2) -> LOG(value="""")]"
"PROLOGUE","長老","おお、[N:301]様。
子ども達を救ってくださりありがとうございます。","1001","種別=会話; 行=1/11; 参照=start_adventure:actions[0]; event=start_adventure; actions=[CONV(value=""PROLOGUE"") -> ALLY(value=109) -> ALLY(value=110) -> STEP(value=1) -> SUB(value=1) -> LOG(value="""")]"
"PROLOGUE","長老","実は、村の北東に突如大穴が開き、魔物が襲ってくるようになったのです…","1001","種別=会話; 行=2/11; 参照=start_adventure:actions[0]; event=start_adventure; actions=[CONV(value=""PROLOGUE"") -> ALLY(value=109) -> ALLY(value=110) -> STEP(value=1) -> SUB(value=1) -> LOG(value="""")]"
"PROLOGUE","長老","村の若い衆で塞ごうとしたんですが、奥に巨大な化け物がいてどうにも手が出せず…","1001","種別=会話; 行=3/11; 参照=start_adventure:actions[0]; event=start_adventure; actions=[CONV(value=""PROLOGUE"") -> ALLY(value=109) -> ALLY(value=110) -> STEP(value=1) -> SUB(value=1) -> LOG(value="""")]"
"PROLOGUE","長老","勝手なお願いとは思うのですが、どうか、化け物を討伐してくれないじゃろうか。","1001","種別=会話; 行=4/11; 参照=start_adventure:actions[0]; event=start_adventure; actions=[CONV(value=""PROLOGUE"") -> ALLY(value=109) -> ALLY(value=110) -> STEP(value=1) -> SUB(value=1) -> LOG(value="""")]"
"PROLOGUE","システム","[N:301]は静かに頷いた","","種別=会話; 行=5/11; 参照=start_adventure:actions[0]; event=start_adventure; actions=[CONV(value=""PROLOGUE"") -> ALLY(value=109) -> ALLY(value=110) -> STEP(value=1) -> SUB(value=1) -> LOG(value="""")]"
"PROLOGUE","長老","おお…ありがとうございます。","1001","種別=会話; 行=6/11; 参照=start_adventure:actions[0]; event=start_adventure; actions=[CONV(value=""PROLOGUE"") -> ALLY(value=109) -> ALLY(value=110) -> STEP(value=1) -> SUB(value=1) -> LOG(value="""")]"
"PROLOGUE","ガイル","頼む、俺たちも連れて行ってくれ！
あんたみたいに戦いたいんだ。","109","種別=会話; 行=7/11; 参照=start_adventure:actions[0]; event=start_adventure; actions=[CONV(value=""PROLOGUE"") -> ALLY(value=109) -> ALLY(value=110) -> STEP(value=1) -> SUB(value=1) -> LOG(value="""")]"
"PROLOGUE","サラ","[N:109]がすみません…ただ、私からもお願いします。簡単な回復しかできませんが…","110","種別=会話; 行=8/11; 参照=start_adventure:actions[0]; event=start_adventure; actions=[CONV(value=""PROLOGUE"") -> ALLY(value=109) -> ALLY(value=110) -> STEP(value=1) -> SUB(value=1) -> LOG(value="""")]"
"PROLOGUE","長老","お、お前たち…
しかし、道案内は必要かもしれん。連れて行ってもらえるじゃろうか。","1001","種別=会話; 行=9/11; 参照=start_adventure:actions[0]; event=start_adventure; actions=[CONV(value=""PROLOGUE"") -> ALLY(value=109) -> ALLY(value=110) -> STEP(value=1) -> SUB(value=1) -> LOG(value="""")]"
"PROLOGUE","長老","化け物は村北東の大穴の奥に…
よろしくお願い申し上げる。","1001","種別=会話; 行=10/11; 参照=start_adventure:actions[0]; event=start_adventure; actions=[CONV(value=""PROLOGUE"") -> ALLY(value=109) -> ALLY(value=110) -> STEP(value=1) -> SUB(value=1) -> LOG(value="""")]"
"PROLOGUE","システム","村の[N:109]と[N:110]が仲間に加わった！","","種別=会話; 行=11/11; 参照=start_adventure:actions[0]; event=start_adventure; actions=[CONV(value=""PROLOGUE"") -> ALLY(value=109) -> ALLY(value=110) -> STEP(value=1) -> SUB(value=1) -> LOG(value="""")]"
"PROLOGUE2","長老","化け物は村北東の大穴の奥に…
よろしくお願い申し上げる。","1001","種別=会話; 行=1/1; 参照=start_adventure2:actions[0]; event=start_adventure2; actions=[CONV(value=""PROLOGUE2"")]"
"START_CAVE1","","この奥には化け物がいるんだ。
今はどうにか塞いでいるが、いつまでもつか…","1002","種別=会話; 行=1/2; 参照=start_cave1:actions[0]; event=start_cave1; actions=[CONV(value=""START_CAVE1"")]"
"START_CAVE1","","あんた、冒険者か？
頼む、村の中央に住んでる長老の話を聞いてくれ。","1002","種別=会話; 行=2/2; 参照=start_cave1:actions[0]; event=start_cave1; actions=[CONV(value=""START_CAVE1"")]"
"START_CAVE2","","あんた、マジであの化け物と戦いにいくのか？
っておい、[N:109]と[N:110]までついてきたのか！？","1002","種別=会話; 行=1/5; 参照=start_cave2:actions[0]; event=start_cave2; actions=[CONV(value=""START_CAVE2"") -> CHOICE(text=""封鎖を解いて、洞穴の奥へ進みますか？""){yes:[CONV(value=""START_CAVE3"") -> MAP_CHANGE(value=""START_CAVE_GATE_OPEN"") -> SUB(value=2)]}{no:[LOG(value=""準備ができたらもう一度話しかけよう"")]}]"
"START_CAVE2","","この兄ちゃんが、俺たちを助けてくれたんだ。
俺だってこの村のために戦いたい！","109","種別=会話; 行=2/5; 参照=start_cave2:actions[0]; event=start_cave2; actions=[CONV(value=""START_CAVE2"") -> CHOICE(text=""封鎖を解いて、洞穴の奥へ進みますか？""){yes:[CONV(value=""START_CAVE3"") -> MAP_CHANGE(value=""START_CAVE_GATE_OPEN"") -> SUB(value=2)]}{no:[LOG(value=""準備ができたらもう一度話しかけよう"")]}]"
"START_CAVE2","","…化け物は、怖いですが…この人なら…
お願いします、奥へ通してください。","110","種別=会話; 行=3/5; 参照=start_cave2:actions[0]; event=start_cave2; actions=[CONV(value=""START_CAVE2"") -> CHOICE(text=""封鎖を解いて、洞穴の奥へ進みますか？""){yes:[CONV(value=""START_CAVE3"") -> MAP_CHANGE(value=""START_CAVE_GATE_OPEN"") -> SUB(value=2)]}{no:[LOG(value=""準備ができたらもう一度話しかけよう"")]}]"
"START_CAVE2","","…わかったよ。今この岩をどける。
俺は一旦長老のとこへ戻るが…","1002","種別=会話; 行=4/5; 参照=start_cave2:actions[0]; event=start_cave2; actions=[CONV(value=""START_CAVE2"") -> CHOICE(text=""封鎖を解いて、洞穴の奥へ進みますか？""){yes:[CONV(value=""START_CAVE3"") -> MAP_CHANGE(value=""START_CAVE_GATE_OPEN"") -> SUB(value=2)]}{no:[LOG(value=""準備ができたらもう一度話しかけよう"")]}]"
"START_CAVE2","","…もう一度聞くが、本当に行くんだな？","1002","種別=会話; 行=5/5; 参照=start_cave2:actions[0]; event=start_cave2; actions=[CONV(value=""START_CAVE2"") -> CHOICE(text=""封鎖を解いて、洞穴の奥へ進みますか？""){yes:[CONV(value=""START_CAVE3"") -> MAP_CHANGE(value=""START_CAVE_GATE_OPEN"") -> SUB(value=2)]}{no:[LOG(value=""準備ができたらもう一度話しかけよう"")]}]"
"START_CAVE3","","…ありがとう。あんたの無事を祈るよ。
[N:109]と[N:110]も、気を付けるんだぞ。","1002","種別=会話; 行=1/1; 参照=start_cave2:actions[1].yes[0]; event=start_cave2; actions=[CONV(value=""START_CAVE2"") -> CHOICE(text=""封鎖を解いて、洞穴の奥へ進みますか？""){yes:[CONV(value=""START_CAVE3"") -> MAP_CHANGE(value=""START_CAVE_GATE_OPEN"") -> SUB(value=2)]}{no:[LOG(value=""準備ができたらもう一度話しかけよう"")]}]"
"START_DUNGEON_CLEAR","","やったぜ！さっすが勇者様だな！！","109","種別=会話; 行=1/3; 参照=start_boss_clear:actions[0]; event=start_boss_clear; actions=[CONV(value=""START_DUNGEON_CLEAR"") -> STEP(value=2) -> SUB(value=0) -> LOG(value=""巨大な化け物を打ち倒した…！"")]"
"START_DUNGEON_CLEAR","","よかった…これで、この村も救われます。ありがとう、勇者様。","110","種別=会話; 行=2/3; 参照=start_boss_clear:actions[0]; event=start_boss_clear; actions=[CONV(value=""START_DUNGEON_CLEAR"") -> STEP(value=2) -> SUB(value=0) -> LOG(value=""巨大な化け物を打ち倒した…！"")]"
"START_DUNGEON_CLEAR","","さっそく長老さまに報告だ！いそごうぜ！！","109","種別=会話; 行=3/3; 参照=start_boss_clear:actions[0]; event=start_boss_clear; actions=[CONV(value=""START_DUNGEON_CLEAR"") -> STEP(value=2) -> SUB(value=0) -> LOG(value=""巨大な化け物を打ち倒した…！"")]"
"PROLOGUE3","長老","なんと、もうあの化け物を討伐してくださったとは！
[N:301]様、本当にありがとうございます。","1001","種別=会話; 行=1/10; 参照=start_adventure3:actions[0]; event=start_adventure3; actions=[CONV(value=""PROLOGUE3"") -> ALLY(value=109) -> ALLY(value=110) -> SUB(value=1) -> OPENING_KAMISHIBAI(flag=""openingPrologue3Viewed"")]"
"PROLOGUE3","長老","……あの穴のような異変を、わしは一度だけ知っております。","1001","種別=会話; 行=2/10; 参照=start_adventure3:actions[0]; event=start_adventure3; actions=[CONV(value=""PROLOGUE3"") -> ALLY(value=109) -> ALLY(value=110) -> SUB(value=1) -> OPENING_KAMISHIBAI(flag=""openingPrologue3Viewed"")]"
"PROLOGUE3","長老","5年ほど前でしょうか。王都の空が、夜中だというのに真昼のように白くなった日がありました。","1001","種別=会話; 行=3/10; 参照=start_adventure3:actions[0]; event=start_adventure3; actions=[CONV(value=""PROLOGUE3"") -> ALLY(value=109) -> ALLY(value=110) -> SUB(value=1) -> OPENING_KAMISHIBAI(flag=""openingPrologue3Viewed"")]"
"PROLOGUE3","長老","翌朝、井戸には虹色の膜が浮き、北の畑には細い亀裂が走っておった。
風の噂では『王都の大儀式が失敗した』と。","1001","種別=会話; 行=4/10; 参照=start_adventure3:actions[0]; event=start_adventure3; actions=[CONV(value=""PROLOGUE3"") -> ALLY(value=109) -> ALLY(value=110) -> SUB(value=1) -> OPENING_KAMISHIBAI(flag=""openingPrologue3Viewed"")]"
"PROLOGUE3","長老","何が行われたのか、村ではほとんど知ることはできませんでした。
ただ、思えばあの日から、各地でおかしなことが起き始めたように思います。","1001","種別=会話; 行=5/10; 参照=start_adventure3:actions[0]; event=start_adventure3; actions=[CONV(value=""PROLOGUE3"") -> ALLY(value=109) -> ALLY(value=110) -> SUB(value=1) -> OPENING_KAMISHIBAI(flag=""openingPrologue3Viewed"")]"
"PROLOGUE3","長老","そして今、東の炎の里では炉の火が言うことを聞かず、鍋ひとつ満足に直せぬそうです。","1001","種別=会話; 行=6/10; 参照=start_adventure3:actions[0]; event=start_adventure3; actions=[CONV(value=""PROLOGUE3"") -> ALLY(value=109) -> ALLY(value=110) -> SUB(value=1) -> OPENING_KAMISHIBAI(flag=""openingPrologue3Viewed"")]"
"PROLOGUE3","ガイル","[N:301]様！助けにいこう！！
火が使えなくなったら、装備もつくることができなくなって、魔物と戦えなくなっちまうよ。","109","種別=会話; 行=7/10; 参照=start_adventure3:actions[0]; event=start_adventure3; actions=[CONV(value=""PROLOGUE3"") -> ALLY(value=109) -> ALLY(value=110) -> SUB(value=1) -> OPENING_KAMISHIBAI(flag=""openingPrologue3Viewed"")]"
"PROLOGUE3","サラ","[N:109]ったら…でも…私も同じ気持ちです。困っている人がいるなら助けたいです。","110","種別=会話; 行=8/10; 参照=start_adventure3:actions[0]; event=start_adventure3; actions=[CONV(value=""PROLOGUE3"") -> ALLY(value=109) -> ALLY(value=110) -> SUB(value=1) -> OPENING_KAMISHIBAI(flag=""openingPrologue3Viewed"")]"
"PROLOGUE3","長老","お前たち…[N:301]様、お願いしてもよろしいでしょうか。
炎の里へ向かうなら、東の街道をお進みくだされ。","1001","種別=会話; 行=9/10; 参照=start_adventure3:actions[0]; event=start_adventure3; actions=[CONV(value=""PROLOGUE3"") -> ALLY(value=109) -> ALLY(value=110) -> SUB(value=1) -> OPENING_KAMISHIBAI(flag=""openingPrologue3Viewed"")]"
"PROLOGUE3","システム","[N:301]は、剣の柄に手を置き、静かに頷いた。","","種別=会話; 行=10/10; 参照=start_adventure3:actions[0]; event=start_adventure3; actions=[CONV(value=""PROLOGUE3"") -> ALLY(value=109) -> ALLY(value=110) -> SUB(value=1) -> OPENING_KAMISHIBAI(flag=""openingPrologue3Viewed"")]"
"START_VILLAGE_ELDER_AFTER","長老","旅支度は整いましたかな。
東の街道は火山へ続いております。","1001","種別=会話; 行=1/2; 参照=start_village_elder_after:actions[0]; event=start_village_elder_after; actions=[CONV(value=""START_VILLAGE_ELDER_AFTER"")]"
"START_VILLAGE_ELDER_AFTER","長老","戻る場所なら、ここにあります。
どうか命まで急がせぬように。","1001","種別=会話; 行=2/2; 参照=start_village_elder_after:actions[0]; event=start_village_elder_after; actions=[CONV(value=""START_VILLAGE_ELDER_AFTER"")]"
"TOWN_START_VILLAGER_1_A","村人","ずっと平和な村だったんだ。
なのに、急に山が崩れて、化け物が…","1003","種別=会話; 行=1/2; 参照=town_start_villager_1_a:actions[0]; event=town_start_villager_1_a; actions=[CONV(value=""TOWN_START_VILLAGER_1_A"")]"
"TOWN_START_VILLAGER_1_A","村人","俺は震えて動けなかった。
…子供たちを助けてくれて、ありがとな。","1003","種別=会話; 行=2/2; 参照=town_start_villager_1_a:actions[0]; event=town_start_villager_1_a; actions=[CONV(value=""TOWN_START_VILLAGER_1_A"")]"
"TOWN_START_VILLAGER_2_A","村の若者","俺も戦うって言ったんだ。
でもさ、言っただけで、膝が笑っちまって。","1002","種別=会話; 行=1/3; 参照=town_start_villager_2_a:actions[0].else[0]; event=town_start_villager_2_a; actions=[IF_FLAG(key=""luminaHerbGiftReceived""){then:[CONV(value=""TOWN_START_VILLAGER_2_AFTER_GIFT"")]}{else:[CONV(value=""TOWN_START_VILLAGER_2_A"") -> ITEM(id=1,count=5) -> FLAG(key=""luminaHerbGiftReceived"")]}]"
"TOWN_START_VILLAGER_2_A","村の若者","情けねえよな…
だからさ、せめてこの薬草持って行ってくれ。","1002","種別=会話; 行=2/3; 参照=town_start_villager_2_a:actions[0].else[0]; event=town_start_villager_2_a; actions=[IF_FLAG(key=""luminaHerbGiftReceived""){then:[CONV(value=""TOWN_START_VILLAGER_2_AFTER_GIFT"")]}{else:[CONV(value=""TOWN_START_VILLAGER_2_A"") -> ITEM(id=1,count=5) -> FLAG(key=""luminaHerbGiftReceived"")]}]"
"TOWN_START_VILLAGER_2_A","システム","「薬草」を5個手に入れた！","","種別=会話; 行=3/3; 参照=town_start_villager_2_a:actions[0].else[0]; event=town_start_villager_2_a; actions=[IF_FLAG(key=""luminaHerbGiftReceived""){then:[CONV(value=""TOWN_START_VILLAGER_2_AFTER_GIFT"")]}{else:[CONV(value=""TOWN_START_VILLAGER_2_A"") -> ITEM(id=1,count=5) -> FLAG(key=""luminaHerbGiftReceived"")]}]"
"TOWN_START_VILLAGER_2_AFTER_GIFT","村の若者","薬草、役に立ってるか？
俺も次は、渡すだけじゃなく動けるようになりたいな。","1002","種別=会話; 行=1/1; 参照=town_start_villager_2_a:actions[0].then[0]; event=town_start_villager_2_a; actions=[IF_FLAG(key=""luminaHerbGiftReceived""){then:[CONV(value=""TOWN_START_VILLAGER_2_AFTER_GIFT"")]}{else:[CONV(value=""TOWN_START_VILLAGER_2_A"") -> ITEM(id=1,count=5) -> FLAG(key=""luminaHerbGiftReceived"")]}]"
"TOWN_START_VILLAGER_3_A","薬草摘み","大穴が明いた日から、薬草が苦くなっちまった。
見な。根っこが黒くなってる。","1003","種別=会話; 行=1/2; 参照=town_start_villager_3_a:actions[0]; event=town_start_villager_3_a; actions=[CONV(value=""TOWN_START_VILLAGER_3_A"")]"
"TOWN_START_VILLAGER_3_A","薬草摘み","…傷薬にはできるさ。飲む時は、鼻をつまみな。","1003","種別=会話; 行=2/2; 参照=town_start_villager_3_a:actions[0]; event=town_start_villager_3_a; actions=[CONV(value=""TOWN_START_VILLAGER_3_A"")]"
"FIRE_VILLAGE_ELDER_BEFORE_STORY","里の長","旅の者か。すまぬが、今の里は客人をもてなす余裕がない。炉の火が日に日に弱っておる。","","種別=会話; 行=1/2; 参照=fire_village_elder_before_story:actions[0]; event=fire_village_elder_before_story; actions=[CONV(value=""FIRE_VILLAGE_ELDER_BEFORE_STORY"")]"
"FIRE_VILLAGE_ELDER_BEFORE_STORY","里の長","東の村で何かを成し、力を貸せると思ったなら、改めて声をかけてくれ。頼みたいことがある。","","種別=会話; 行=2/2; 参照=fire_village_elder_before_story:actions[0]; event=fire_village_elder_before_story; actions=[CONV(value=""FIRE_VILLAGE_ELDER_BEFORE_STORY"")]"
"TOWN_FIRE_VILLAGER_1_BEFORE","鍛冶師","こんな火、生まれてこの方見たことがない。
ずっと見てきたのに、恐いんだ。","1002","種別=会話; 行=1/2; 参照=town_fire_villager_1_before:actions[0]; event=town_fire_villager_1_before; actions=[CONV(value=""TOWN_FIRE_VILLAGER_1_BEFORE"")]"
"TOWN_FIRE_VILLAGER_1_BEFORE","鍛冶師","…火は相棒だよ。きっとこいつも悲しんでる。
……装備、鍛えてやれなくて悪いな。","1002","種別=会話; 行=2/2; 参照=town_fire_villager_1_before:actions[0]; event=town_fire_villager_1_before; actions=[CONV(value=""TOWN_FIRE_VILLAGER_1_BEFORE"")]"
"TOWN_FIRE_VILLAGER_2","里人","少し前、王国兵が火山の視察にきたんだ。
そんなこと、ずっとなかったのにな。","1003","種別=会話; 行=1/2; 参照=town_fire_villager_2:actions[0]; event=town_fire_villager_2; actions=[CONV(value=""TOWN_FIRE_VILLAGER_2"")]"
"TOWN_FIRE_VILLAGER_2","里人","思えばあれから火がおかしいんだ。
火山であいつらが何かやったんじゃないかな…","1003","種別=会話; 行=2/2; 参照=town_fire_villager_2:actions[0]; event=town_fire_villager_2; actions=[CONV(value=""TOWN_FIRE_VILLAGER_2"")]"
"TOWN_FIRE_VILLAGER_3","炭運び","火が死んでから、籠だけが軽くなっちまった。
軽い籠ってのは、妙に背中へ食い込む。","1002","種別=会話; 行=1/2; 参照=town_fire_villager_3:actions[0]; event=town_fire_villager_3; actions=[CONV(value=""TOWN_FIRE_VILLAGER_3"")]"
"TOWN_FIRE_VILLAGER_3","炭運び","楽になったはずなのにな。
背中の方が、ずっと重いってのは変な話だろ。","1002","種別=会話; 行=2/2; 参照=town_fire_villager_3:actions[0]; event=town_fire_villager_3; actions=[CONV(value=""TOWN_FIRE_VILLAGER_3"")]"
"FIRE_VILLAGE_CONSULT","里の長","……その身なりに子供が2人。
予言の勇者様、よくぞ来てくださいました。","","種別=会話; 行=1/11; 参照=fire_village_consult:actions[0]; event=fire_village_consult; actions=[CONV(value=""FIRE_VILLAGE_CONSULT"") -> FLAG(key=""fireVillageConsulted"") -> STEP(value=2) -> SUB(value=2) -> LOG(value=""イグナ火山の異変を調査することになった。"")]"
"FIRE_VILLAGE_CONSULT","里の長","火山が、日に日に荒れております。
火は暴れ、かと思えば消えていくのです。","","種別=会話; 行=2/11; 参照=fire_village_consult:actions[0]; event=fire_village_consult; actions=[CONV(value=""FIRE_VILLAGE_CONSULT"") -> FLAG(key=""fireVillageConsulted"") -> STEP(value=2) -> SUB(value=2) -> LOG(value=""イグナ火山の異変を調査することになった。"")]"
"FIRE_VILLAGE_CONSULT","里の長","これでは何も生み出せず、ただ傷つくのみ。
生活すらままなりませぬ。","","種別=会話; 行=3/11; 参照=fire_village_consult:actions[0]; event=fire_village_consult; actions=[CONV(value=""FIRE_VILLAGE_CONSULT"") -> FLAG(key=""fireVillageConsulted"") -> STEP(value=2) -> SUB(value=2) -> LOG(value=""イグナ火山の異変を調査することになった。"")]"
"FIRE_VILLAGE_CONSULT","里の長","火は、火山に眠る「プリズム」から届く恵みです。
何か、問題が起きたとしか思えません。","","種別=会話; 行=4/11; 参照=fire_village_consult:actions[0]; event=fire_village_consult; actions=[CONV(value=""FIRE_VILLAGE_CONSULT"") -> FLAG(key=""fireVillageConsulted"") -> STEP(value=2) -> SUB(value=2) -> LOG(value=""イグナ火山の異変を調査することになった。"")]"
"FIRE_VILLAGE_CONSULT","ガイル","ぜってーにそれが原因じゃんか！
火山は見に行ったのか！？","109","種別=会話; 行=5/11; 参照=fire_village_consult:actions[0]; event=fire_village_consult; actions=[CONV(value=""FIRE_VILLAGE_CONSULT"") -> FLAG(key=""fireVillageConsulted"") -> STEP(value=2) -> SUB(value=2) -> LOG(value=""イグナ火山の異変を調査することになった。"")]"
"FIRE_VILLAGE_CONSULT","里の長","…もちろん、若者を火山へ送りました。
しかし、帰ってきたのは数名。誰もかれも、酷い火傷と切り傷で、今も目を覚ましません……","","種別=会話; 行=6/11; 参照=fire_village_consult:actions[0]; event=fire_village_consult; actions=[CONV(value=""FIRE_VILLAGE_CONSULT"") -> FLAG(key=""fireVillageConsulted"") -> STEP(value=2) -> SUB(value=2) -> LOG(value=""イグナ火山の異変を調査することになった。"")]"
"FIRE_VILLAGE_CONSULT","サラ","そ、そんな…
いったい何が起きているのでしょうか…","110","種別=会話; 行=7/11; 参照=fire_village_consult:actions[0]; event=fire_village_consult; actions=[CONV(value=""FIRE_VILLAGE_CONSULT"") -> FLAG(key=""fireVillageConsulted"") -> STEP(value=2) -> SUB(value=2) -> LOG(value=""イグナ火山の異変を調査することになった。"")]"
"FIRE_VILLAGE_CONSULT","里の長","里の問題に申し訳ないのだが、お三方に危険を承知でお願いしたいのです。","","種別=会話; 行=8/11; 参照=fire_village_consult:actions[0]; event=fire_village_consult; actions=[CONV(value=""FIRE_VILLAGE_CONSULT"") -> FLAG(key=""fireVillageConsulted"") -> STEP(value=2) -> SUB(value=2) -> LOG(value=""イグナ火山の異変を調査することになった。"")]"
"FIRE_VILLAGE_CONSULT","里の長","火山の奥を確かめてくれませんでしょうか。
火を失えば、この里は終わりなのです…","","種別=会話; 行=9/11; 参照=fire_village_consult:actions[0]; event=fire_village_consult; actions=[CONV(value=""FIRE_VILLAGE_CONSULT"") -> FLAG(key=""fireVillageConsulted"") -> STEP(value=2) -> SUB(value=2) -> LOG(value=""イグナ火山の異変を調査することになった。"")]"
"FIRE_VILLAGE_CONSULT","ガイル","よし！俺と[N:110]と、[N:301]様に任せとけ！","109","種別=会話; 行=10/11; 参照=fire_village_consult:actions[0]; event=fire_village_consult; actions=[CONV(value=""FIRE_VILLAGE_CONSULT"") -> FLAG(key=""fireVillageConsulted"") -> STEP(value=2) -> SUB(value=2) -> LOG(value=""イグナ火山の異変を調査することになった。"")]"
"FIRE_VILLAGE_CONSULT","里の長","火山はこの里の北に…よろしくお願いいたします。","","種別=会話; 行=11/11; 参照=fire_village_consult:actions[0]; event=fire_village_consult; actions=[CONV(value=""FIRE_VILLAGE_CONSULT"") -> FLAG(key=""fireVillageConsulted"") -> STEP(value=2) -> SUB(value=2) -> LOG(value=""イグナ火山の異変を調査することになった。"")]"
"FIRE_VOLCANO_SHAO_JOIN","シャオ","待って。
火山へ行くなら、私も連れていって。","105","種別=会話; 行=1/4; 参照=fire_volcano_entrance:actions[0]; event=fire_volcano_entrance; actions=[CONV(value=""FIRE_VOLCANO_SHAO_JOIN"") -> CHOICE(text=""同行を許可しますか？""){yes:[ALLY(value=105) -> CONV(value=""FIRE_VOLCANO_SHAO_JOINED"") -> FLAG(key=""shaoJoinedAtVolcano"") -> STEP(value=2) -> SUB(value=3) -> CONV(value=""FIRE_VOLCANO_CURSED_FLAMES"")]}{no:[CONV(value=""FIRE_VOLCANO_SHAO_REFUSE"") -> ALLY(value=105) -> CONV(value=""FIRE_VOLCANO_SHAO_JOINED"") -> FLAG(key=""shaoJoinedAtVolcano"") -> STEP(value=2) -> SUB(value=3) -> CONV(value=""FIRE_VOLCANO_CURSED_FLAMES"")]}]"
"FIRE_VOLCANO_SHAO_JOIN","シャオ","一人で入って、押し返された。
魔物だけじゃない。兵士もいた。","105","種別=会話; 行=2/4; 参照=fire_volcano_entrance:actions[0]; event=fire_volcano_entrance; actions=[CONV(value=""FIRE_VOLCANO_SHAO_JOIN"") -> CHOICE(text=""同行を許可しますか？""){yes:[ALLY(value=105) -> CONV(value=""FIRE_VOLCANO_SHAO_JOINED"") -> FLAG(key=""shaoJoinedAtVolcano"") -> STEP(value=2) -> SUB(value=3) -> CONV(value=""FIRE_VOLCANO_CURSED_FLAMES"")]}{no:[CONV(value=""FIRE_VOLCANO_SHAO_REFUSE"") -> ALLY(value=105) -> CONV(value=""FIRE_VOLCANO_SHAO_JOINED"") -> FLAG(key=""shaoJoinedAtVolcano"") -> STEP(value=2) -> SUB(value=3) -> CONV(value=""FIRE_VOLCANO_CURSED_FLAMES"")]}]"
"FIRE_VOLCANO_SHAO_JOIN","シャオ","ここは、私が立ち方を覚えた里。
今度は私が守りたい。","105","種別=会話; 行=3/4; 参照=fire_volcano_entrance:actions[0]; event=fire_volcano_entrance; actions=[CONV(value=""FIRE_VOLCANO_SHAO_JOIN"") -> CHOICE(text=""同行を許可しますか？""){yes:[ALLY(value=105) -> CONV(value=""FIRE_VOLCANO_SHAO_JOINED"") -> FLAG(key=""shaoJoinedAtVolcano"") -> STEP(value=2) -> SUB(value=3) -> CONV(value=""FIRE_VOLCANO_CURSED_FLAMES"")]}{no:[CONV(value=""FIRE_VOLCANO_SHAO_REFUSE"") -> ALLY(value=105) -> CONV(value=""FIRE_VOLCANO_SHAO_JOINED"") -> FLAG(key=""shaoJoinedAtVolcano"") -> STEP(value=2) -> SUB(value=3) -> CONV(value=""FIRE_VOLCANO_CURSED_FLAMES"")]}]"
"FIRE_VOLCANO_SHAO_JOIN","システム","[N:105]が同行を申し出ている。","","種別=会話; 行=4/4; 参照=fire_volcano_entrance:actions[0]; event=fire_volcano_entrance; actions=[CONV(value=""FIRE_VOLCANO_SHAO_JOIN"") -> CHOICE(text=""同行を許可しますか？""){yes:[ALLY(value=105) -> CONV(value=""FIRE_VOLCANO_SHAO_JOINED"") -> FLAG(key=""shaoJoinedAtVolcano"") -> STEP(value=2) -> SUB(value=3) -> CONV(value=""FIRE_VOLCANO_CURSED_FLAMES"")]}{no:[CONV(value=""FIRE_VOLCANO_SHAO_REFUSE"") -> ALLY(value=105) -> CONV(value=""FIRE_VOLCANO_SHAO_JOINED"") -> FLAG(key=""shaoJoinedAtVolcano"") -> STEP(value=2) -> SUB(value=3) -> CONV(value=""FIRE_VOLCANO_CURSED_FLAMES"")]}]"
"FIRE_VOLCANO_SHAO_REFUSE","シャオ","そんなこと言わないで、頼む。火のプリズムを見捨てたら、この里は二度と剣を打てなくなる。","105","種別=会話; 行=1/2; 参照=fire_volcano_entrance:actions[1].no[0]; event=fire_volcano_entrance; actions=[CONV(value=""FIRE_VOLCANO_SHAO_JOIN"") -> CHOICE(text=""同行を許可しますか？""){yes:[ALLY(value=105) -> CONV(value=""FIRE_VOLCANO_SHAO_JOINED"") -> FLAG(key=""shaoJoinedAtVolcano"") -> STEP(value=2) -> SUB(value=3) -> CONV(value=""FIRE_VOLCANO_CURSED_FLAMES"")]}{no:[CONV(value=""FIRE_VOLCANO_SHAO_REFUSE"") -> ALLY(value=105) -> CONV(value=""FIRE_VOLCANO_SHAO_JOINED"") -> FLAG(key=""shaoJoinedAtVolcano"") -> STEP(value=2) -> SUB(value=3) -> CONV(value=""FIRE_VOLCANO_CURSED_FLAMES"")]}]"
"FIRE_VOLCANO_SHAO_REFUSE","シャオ","私は自分の足で進む。だから、あなたの背中を追わせて。","105","種別=会話; 行=2/2; 参照=fire_volcano_entrance:actions[1].no[0]; event=fire_volcano_entrance; actions=[CONV(value=""FIRE_VOLCANO_SHAO_JOIN"") -> CHOICE(text=""同行を許可しますか？""){yes:[ALLY(value=105) -> CONV(value=""FIRE_VOLCANO_SHAO_JOINED"") -> FLAG(key=""shaoJoinedAtVolcano"") -> STEP(value=2) -> SUB(value=3) -> CONV(value=""FIRE_VOLCANO_CURSED_FLAMES"")]}{no:[CONV(value=""FIRE_VOLCANO_SHAO_REFUSE"") -> ALLY(value=105) -> CONV(value=""FIRE_VOLCANO_SHAO_JOINED"") -> FLAG(key=""shaoJoinedAtVolcano"") -> STEP(value=2) -> SUB(value=3) -> CONV(value=""FIRE_VOLCANO_CURSED_FLAMES"")]}]"
"FIRE_VOLCANO_SHAO_JOINED","システム","[N:105]が仲間に加わった！","","種別=会話; 行=1/1; 参照=fire_volcano_entrance:actions[1].yes[1]; event=fire_volcano_entrance; actions=[CONV(value=""FIRE_VOLCANO_SHAO_JOIN"") -> CHOICE(text=""同行を許可しますか？""){yes:[ALLY(value=105) -> CONV(value=""FIRE_VOLCANO_SHAO_JOINED"") -> FLAG(key=""shaoJoinedAtVolcano"") -> STEP(value=2) -> SUB(value=3) -> CONV(value=""FIRE_VOLCANO_CURSED_FLAMES"")]}{no:[CONV(value=""FIRE_VOLCANO_SHAO_REFUSE"") -> ALLY(value=105) -> CONV(value=""FIRE_VOLCANO_SHAO_JOINED"") -> FLAG(key=""shaoJoinedAtVolcano"") -> STEP(value=2) -> SUB(value=3) -> CONV(value=""FIRE_VOLCANO_CURSED_FLAMES"")]}] || 参照=fire_volcano_entrance:actions[1].no[2]; event=fire_volcano_entrance; actions=[CONV(value=""FIRE_VOLCANO_SHAO_JOIN"") -> CHOICE(text=""同行を許可しますか？""){yes:[ALLY(value=105) -> CONV(value=""FIRE_VOLCANO_SHAO_JOINED"") -> FLAG(key=""shaoJoinedAtVolcano"") -> STEP(value=2) -> SUB(value=3) -> CONV(value=""FIRE_VOLCANO_CURSED_FLAMES"")]}{no:[CONV(value=""FIRE_VOLCANO_SHAO_REFUSE"") -> ALLY(value=105) -> CONV(value=""FIRE_VOLCANO_SHAO_JOINED"") -> FLAG(key=""shaoJoinedAtVolcano"") -> STEP(value=2) -> SUB(value=3) -> CONV(value=""FIRE_VOLCANO_CURSED_FLAMES"")]}]"
"FIRE_VOLCANO_CURSED_FLAMES","システム","火山道へ踏み込んだ瞬間、
黒ずんだ炎が道を塞いだ。","","種別=会話; 行=1/3; 参照=fire_volcano_entrance:actions[1].yes[5]; event=fire_volcano_entrance; actions=[CONV(value=""FIRE_VOLCANO_SHAO_JOIN"") -> CHOICE(text=""同行を許可しますか？""){yes:[ALLY(value=105) -> CONV(value=""FIRE_VOLCANO_SHAO_JOINED"") -> FLAG(key=""shaoJoinedAtVolcano"") -> STEP(value=2) -> SUB(value=3) -> CONV(value=""FIRE_VOLCANO_CURSED_FLAMES"")]}{no:[CONV(value=""FIRE_VOLCANO_SHAO_REFUSE"") -> ALLY(value=105) -> CONV(value=""FIRE_VOLCANO_SHAO_JOINED"") -> FLAG(key=""shaoJoinedAtVolcano"") -> STEP(value=2) -> SUB(value=3) -> CONV(value=""FIRE_VOLCANO_CURSED_FLAMES"")]}] || 参照=fire_volcano_entrance:actions[1].no[6]; event=fire_volcano_entrance; actions=[CONV(value=""FIRE_VOLCANO_SHAO_JOIN"") -> CHOICE(text=""同行を許可しますか？""){yes:[ALLY(value=105) -> CONV(value=""FIRE_VOLCANO_SHAO_JOINED"") -> FLAG(key=""shaoJoinedAtVolcano"") -> STEP(value=2) -> SUB(value=3) -> CONV(value=""FIRE_VOLCANO_CURSED_FLAMES"")]}{no:[CONV(value=""FIRE_VOLCANO_SHAO_REFUSE"") -> ALLY(value=105) -> CONV(value=""FIRE_VOLCANO_SHAO_JOINED"") -> FLAG(key=""shaoJoinedAtVolcano"") -> STEP(value=2) -> SUB(value=3) -> CONV(value=""FIRE_VOLCANO_CURSED_FLAMES"")]}]"
"FIRE_VOLCANO_CURSED_FLAMES","シャオ","前に来た時よりひどい。
火が、生き物みたいに怒ってる。","105","種別=会話; 行=2/3; 参照=fire_volcano_entrance:actions[1].yes[5]; event=fire_volcano_entrance; actions=[CONV(value=""FIRE_VOLCANO_SHAO_JOIN"") -> CHOICE(text=""同行を許可しますか？""){yes:[ALLY(value=105) -> CONV(value=""FIRE_VOLCANO_SHAO_JOINED"") -> FLAG(key=""shaoJoinedAtVolcano"") -> STEP(value=2) -> SUB(value=3) -> CONV(value=""FIRE_VOLCANO_CURSED_FLAMES"")]}{no:[CONV(value=""FIRE_VOLCANO_SHAO_REFUSE"") -> ALLY(value=105) -> CONV(value=""FIRE_VOLCANO_SHAO_JOINED"") -> FLAG(key=""shaoJoinedAtVolcano"") -> STEP(value=2) -> SUB(value=3) -> CONV(value=""FIRE_VOLCANO_CURSED_FLAMES"")]}] || 参照=fire_volcano_entrance:actions[1].no[6]; event=fire_volcano_entrance; actions=[CONV(value=""FIRE_VOLCANO_SHAO_JOIN"") -> CHOICE(text=""同行を許可しますか？""){yes:[ALLY(value=105) -> CONV(value=""FIRE_VOLCANO_SHAO_JOINED"") -> FLAG(key=""shaoJoinedAtVolcano"") -> STEP(value=2) -> SUB(value=3) -> CONV(value=""FIRE_VOLCANO_CURSED_FLAMES"")]}{no:[CONV(value=""FIRE_VOLCANO_SHAO_REFUSE"") -> ALLY(value=105) -> CONV(value=""FIRE_VOLCANO_SHAO_JOINED"") -> FLAG(key=""shaoJoinedAtVolcano"") -> STEP(value=2) -> SUB(value=3) -> CONV(value=""FIRE_VOLCANO_CURSED_FLAMES"")]}]"
"FIRE_VOLCANO_CURSED_FLAMES","シャオ","このままじゃ鎧ごと焼かれてしまいます。
長なら昔の鎮め方を知ってるかもしれません。","105","種別=会話; 行=3/3; 参照=fire_volcano_entrance:actions[1].yes[5]; event=fire_volcano_entrance; actions=[CONV(value=""FIRE_VOLCANO_SHAO_JOIN"") -> CHOICE(text=""同行を許可しますか？""){yes:[ALLY(value=105) -> CONV(value=""FIRE_VOLCANO_SHAO_JOINED"") -> FLAG(key=""shaoJoinedAtVolcano"") -> STEP(value=2) -> SUB(value=3) -> CONV(value=""FIRE_VOLCANO_CURSED_FLAMES"")]}{no:[CONV(value=""FIRE_VOLCANO_SHAO_REFUSE"") -> ALLY(value=105) -> CONV(value=""FIRE_VOLCANO_SHAO_JOINED"") -> FLAG(key=""shaoJoinedAtVolcano"") -> STEP(value=2) -> SUB(value=3) -> CONV(value=""FIRE_VOLCANO_CURSED_FLAMES"")]}] || 参照=fire_volcano_entrance:actions[1].no[6]; event=fire_volcano_entrance; actions=[CONV(value=""FIRE_VOLCANO_SHAO_JOIN"") -> CHOICE(text=""同行を許可しますか？""){yes:[ALLY(value=105) -> CONV(value=""FIRE_VOLCANO_SHAO_JOINED"") -> FLAG(key=""shaoJoinedAtVolcano"") -> STEP(value=2) -> SUB(value=3) -> CONV(value=""FIRE_VOLCANO_CURSED_FLAMES"")]}{no:[CONV(value=""FIRE_VOLCANO_SHAO_REFUSE"") -> ALLY(value=105) -> CONV(value=""FIRE_VOLCANO_SHAO_JOINED"") -> FLAG(key=""shaoJoinedAtVolcano"") -> STEP(value=2) -> SUB(value=3) -> CONV(value=""FIRE_VOLCANO_CURSED_FLAMES"")]}]"
"FIRE_VILLAGE_HOLY_WATER_BRIEFING","里の長","黒い炎？さらに悪化しているようですな…
火山そのものの火ではないのかもしれません。","","種別=会話; 行=1/4; 参照=fire_village_holy_water_briefing:actions[0]; event=fire_village_holy_water_briefing; actions=[CONV(value=""FIRE_VILLAGE_HOLY_WATER_BRIEFING"") -> FLAG(key=""windHoleRouteKnown"") -> SUB(value=4) -> LOG(value=""森の風穴で、妖精の泉を探そう。"")]"
"FIRE_VILLAGE_HOLY_WATER_BRIEFING","里の長","…妖精の泉の聖水ならあるいは、火を鎮めることも可能かもしれません…","","種別=会話; 行=2/4; 参照=fire_village_holy_water_briefing:actions[0]; event=fire_village_holy_water_briefing; actions=[CONV(value=""FIRE_VILLAGE_HOLY_WATER_BRIEFING"") -> FLAG(key=""windHoleRouteKnown"") -> SUB(value=4) -> LOG(value=""森の風穴で、妖精の泉を探そう。"")]"
"FIRE_VILLAGE_HOLY_WATER_BRIEFING","里の長","噂では、北西の森の奥、風の抜ける洞窟の奥にあるといわれております。","","種別=会話; 行=3/4; 参照=fire_village_holy_water_briefing:actions[0]; event=fire_village_holy_water_briefing; actions=[CONV(value=""FIRE_VILLAGE_HOLY_WATER_BRIEFING"") -> FLAG(key=""windHoleRouteKnown"") -> SUB(value=4) -> LOG(value=""森の風穴で、妖精の泉を探そう。"")]"
"FIRE_VILLAGE_HOLY_WATER_BRIEFING","里の長","手伝いたいのだが、この里にもう動けるものは…
何から何まで申し訳ない。","","種別=会話; 行=4/4; 参照=fire_village_holy_water_briefing:actions[0]; event=fire_village_holy_water_briefing; actions=[CONV(value=""FIRE_VILLAGE_HOLY_WATER_BRIEFING"") -> FLAG(key=""windHoleRouteKnown"") -> SUB(value=4) -> LOG(value=""森の風穴で、妖精の泉を探そう。"")]"
"FIRE_VOLCANO_WAITING_FOR_HOLY_WATER","シャオ","黒い炎がひどい。このままじゃ奥に入るのは無理そうだ。","105","種別=会話; 行=1/1; 参照=fire_volcano_waiting_for_holy_water:actions[0]; event=fire_volcano_waiting_for_holy_water; actions=[CONV(value=""FIRE_VOLCANO_WAITING_FOR_HOLY_WATER"")]"
"FOREST_WIND_HOLE_ENTRY","シャオ","風が奥へ吸い込まれてる。
泉は、この風の帰る場所にある。","105","種別=会話; 行=1/2; 参照=forest_wind_hole_entry:actions[0]; event=forest_wind_hole_entry; actions=[CONV(value=""FOREST_WIND_HOLE_ENTRY"") -> FLAG(key=""forestWindHoleEntered"") -> START_FIXED_DUNGEON(value=""FOREST_WIND_HOLE"")]"
"FOREST_WIND_HOLE_ENTRY","システム","岩肌の隙間から、
小さな泣き声が聞こえた。","","種別=会話; 行=2/2; 参照=forest_wind_hole_entry:actions[0]; event=forest_wind_hole_entry; actions=[CONV(value=""FOREST_WIND_HOLE_ENTRY"") -> FLAG(key=""forestWindHoleEntered"") -> START_FIXED_DUNGEON(value=""FOREST_WIND_HOLE"")]"
"FOREST_HOLY_WATER_CLEAR","システム","魔物は、闇につつまれ跡形もなく消え去った。","","種別=会話; 行=1/8; 参照=quest_fire_holy_water_clear:actions[0]; event=quest_fire_holy_water_clear; actions=[CONV(value=""FOREST_HOLY_WATER_CLEAR"") -> FLAG(key=""forestHolyWaterObtained"") -> ITEM(id=301,count=1) -> SUB(value=5) -> LOG(value=""妖精の聖水を得た。イグナ火山へ戻ろう。"")]"
"FOREST_HOLY_WATER_CLEAR","泉の妖精","名も知らぬ人。ありがとうございます。
…人と関わることは、もう無いと思っていました。","","種別=会話; 行=2/8; 参照=quest_fire_holy_water_clear:actions[0]; event=quest_fire_holy_water_clear; actions=[CONV(value=""FOREST_HOLY_WATER_CLEAR"") -> FLAG(key=""forestHolyWaterObtained"") -> ITEM(id=301,count=1) -> SUB(value=5) -> LOG(value=""妖精の聖水を得た。イグナ火山へ戻ろう。"")]"
"FOREST_HOLY_WATER_CLEAR","シャオ","妖精様。お願いします。
泉の水を少し分けてもらえませんか。","105","種別=会話; 行=3/8; 参照=quest_fire_holy_water_clear:actions[0]; event=quest_fire_holy_water_clear; actions=[CONV(value=""FOREST_HOLY_WATER_CLEAR"") -> FLAG(key=""forestHolyWaterObtained"") -> ITEM(id=301,count=1) -> SUB(value=5) -> LOG(value=""妖精の聖水を得た。イグナ火山へ戻ろう。"")]"
"FOREST_HOLY_WATER_CLEAR","泉の妖精","……自らの欲ではなく、里のためなのですね。
なら、この雫をお持ちなさい。","","種別=会話; 行=4/8; 参照=quest_fire_holy_water_clear:actions[0]; event=quest_fire_holy_water_clear; actions=[CONV(value=""FOREST_HOLY_WATER_CLEAR"") -> FLAG(key=""forestHolyWaterObtained"") -> ITEM(id=301,count=1) -> SUB(value=5) -> LOG(value=""妖精の聖水を得た。イグナ火山へ戻ろう。"")]"
"FOREST_HOLY_WATER_CLEAR","泉の妖精","水の加護の一端を、勇敢で誠実なあなたに。
火を恐れずに、助けてあげてくださいね。","","種別=会話; 行=5/8; 参照=quest_fire_holy_water_clear:actions[0]; event=quest_fire_holy_water_clear; actions=[CONV(value=""FOREST_HOLY_WATER_CLEAR"") -> FLAG(key=""forestHolyWaterObtained"") -> ITEM(id=301,count=1) -> SUB(value=5) -> LOG(value=""妖精の聖水を得た。イグナ火山へ戻ろう。"")]"
"FOREST_HOLY_WATER_CLEAR","システム","「妖精の聖水」を手に入れた！","","種別=会話; 行=6/8; 参照=quest_fire_holy_water_clear:actions[0]; event=quest_fire_holy_water_clear; actions=[CONV(value=""FOREST_HOLY_WATER_CLEAR"") -> FLAG(key=""forestHolyWaterObtained"") -> ITEM(id=301,count=1) -> SUB(value=5) -> LOG(value=""妖精の聖水を得た。イグナ火山へ戻ろう。"")]"
"FOREST_HOLY_WATER_CLEAR","泉の妖精","…一つだけあなたに助言を。体験したことだけが、
真実とは限らない。それを、覚えておいてね。","","種別=会話; 行=7/8; 参照=quest_fire_holy_water_clear:actions[0]; event=quest_fire_holy_water_clear; actions=[CONV(value=""FOREST_HOLY_WATER_CLEAR"") -> FLAG(key=""forestHolyWaterObtained"") -> ITEM(id=301,count=1) -> SUB(value=5) -> LOG(value=""妖精の聖水を得た。イグナ火山へ戻ろう。"")]"
"FOREST_HOLY_WATER_CLEAR","シャオ","……？
分かった。覚えておく。","105","種別=会話; 行=8/8; 参照=quest_fire_holy_water_clear:actions[0]; event=quest_fire_holy_water_clear; actions=[CONV(value=""FOREST_HOLY_WATER_CLEAR"") -> FLAG(key=""forestHolyWaterObtained"") -> ITEM(id=301,count=1) -> SUB(value=5) -> LOG(value=""妖精の聖水を得た。イグナ火山へ戻ろう。"")]"
"FIRE_VOLCANO_HOLY_WATER_USED","システム","聖水を振りまくと、
黒い炎が白い蒸気へ変わった。","","種別=会話; 行=1/2; 参照=fire_volcano_holy_water_used:actions[0]; event=fire_volcano_holy_water_used; actions=[CONV(value=""FIRE_VOLCANO_HOLY_WATER_USED"") -> FLAG(key=""volcanoCursedFlamesPurified"") -> SUB(value=6) -> START_FIXED_DUNGEON(value=""IGNIS_VOLCANO"")]"
"FIRE_VOLCANO_HOLY_WATER_USED","シャオ","道が見える……。
今なら、火山の心臓まで行ける。","105","種別=会話; 行=2/2; 参照=fire_volcano_holy_water_used:actions[0]; event=fire_volcano_holy_water_used; actions=[CONV(value=""FIRE_VOLCANO_HOLY_WATER_USED"") -> FLAG(key=""volcanoCursedFlamesPurified"") -> SUB(value=6) -> START_FIXED_DUNGEON(value=""IGNIS_VOLCANO"")]"
"FIRE_VOLCANO_SOLDIERS","システム","火のプリズムの間。弱々しい赤光の前に、王国軍の兵士たちが立ちふさがる。","","種別=会話; 行=1/3; 参照=fire_volcano_soldiers_encounter:actions[0].else[0]; event=fire_volcano_soldiers_encounter; actions=[IF_FLAG(key=""fireVolcanoSoldiersCleared""){then:[CONV(value=""FIRE_VOLCANO_GLAD_RETRY"") -> BOSS(value=301010,winEventId=""fire_volcano_glad_clear"")]}{else:[CONV(value=""FIRE_VOLCANO_SOLDIERS"") -> BOSS(value=[301002,301001,301001,301001],winEventId=""fire_volcano_soldiers_clear"",deferFixedBossDefeat=true)]}]"
"FIRE_VOLCANO_SOLDIERS","ブロンズリーダー","侵入者だ！　プリズム調整の邪魔をさせるな。ここで斬り捨てろ！","","種別=会話; 行=2/3; 参照=fire_volcano_soldiers_encounter:actions[0].else[0]; event=fire_volcano_soldiers_encounter; actions=[IF_FLAG(key=""fireVolcanoSoldiersCleared""){then:[CONV(value=""FIRE_VOLCANO_GLAD_RETRY"") -> BOSS(value=301010,winEventId=""fire_volcano_glad_clear"")]}{else:[CONV(value=""FIRE_VOLCANO_SOLDIERS"") -> BOSS(value=[301002,301001,301001,301001],winEventId=""fire_volcano_soldiers_clear"",deferFixedBossDefeat=true)]}]"
"FIRE_VOLCANO_SOLDIERS","シャオ","調整？　火を奪っておいて、よくそんな言葉が出る……！","105","種別=会話; 行=3/3; 参照=fire_volcano_soldiers_encounter:actions[0].else[0]; event=fire_volcano_soldiers_encounter; actions=[IF_FLAG(key=""fireVolcanoSoldiersCleared""){then:[CONV(value=""FIRE_VOLCANO_GLAD_RETRY"") -> BOSS(value=301010,winEventId=""fire_volcano_glad_clear"")]}{else:[CONV(value=""FIRE_VOLCANO_SOLDIERS"") -> BOSS(value=[301002,301001,301001,301001],winEventId=""fire_volcano_soldiers_clear"",deferFixedBossDefeat=true)]}]"
"FIRE_VOLCANO_GLAD","王国兵士","グラド様、申し訳ありません…","","種別=会話; 行=1/5; 参照=fire_volcano_soldiers_clear:actions[0]; event=fire_volcano_soldiers_clear; meta={postBattleBossSprite={enabled:true,monsterId:301010}}; actions=[CONV(value=""FIRE_VOLCANO_GLAD"") -> FLAG(key=""fireVolcanoSoldiersCleared"") -> BOSS(value=301010,winEventId=""fire_volcano_glad_clear"")]"
"FIRE_VOLCANO_GLAD","グラド","里の者…いや、冒険者か？少し遅かったようだな。
火の理は、すでに我が内へ流れ込んでいる。","","種別=会話; 行=2/5; 参照=fire_volcano_soldiers_clear:actions[0]; event=fire_volcano_soldiers_clear; meta={postBattleBossSprite={enabled:true,monsterId:301010}}; actions=[CONV(value=""FIRE_VOLCANO_GLAD"") -> FLAG(key=""fireVolcanoSoldiersCleared"") -> BOSS(value=301010,winEventId=""fire_volcano_glad_clear"")]"
"FIRE_VOLCANO_GLAD","システム","安置された結晶の光がさらに細り
グラドの周囲に黒ずんだ炎のオーラがあふれ出す。","","種別=会話; 行=3/5; 参照=fire_volcano_soldiers_clear:actions[0]; event=fire_volcano_soldiers_clear; meta={postBattleBossSprite={enabled:true,monsterId:301010}}; actions=[CONV(value=""FIRE_VOLCANO_GLAD"") -> FLAG(key=""fireVolcanoSoldiersCleared"") -> BOSS(value=301010,winEventId=""fire_volcano_glad_clear"")]"
"FIRE_VOLCANO_GLAD","システム","火山全体が、今にも爆発するかのように鳴動する。","","種別=会話; 行=4/5; 参照=fire_volcano_soldiers_clear:actions[0]; event=fire_volcano_soldiers_clear; meta={postBattleBossSprite={enabled:true,monsterId:301010}}; actions=[CONV(value=""FIRE_VOLCANO_GLAD"") -> FLAG(key=""fireVolcanoSoldiersCleared"") -> BOSS(value=301010,winEventId=""fire_volcano_glad_clear"")]"
"FIRE_VOLCANO_GLAD","グラド","我、炎獄の秘奥を得たり。
この国の未来のため、灰となれ、冒険者よ。","","種別=会話; 行=5/5; 参照=fire_volcano_soldiers_clear:actions[0]; event=fire_volcano_soldiers_clear; meta={postBattleBossSprite={enabled:true,monsterId:301010}}; actions=[CONV(value=""FIRE_VOLCANO_GLAD"") -> FLAG(key=""fireVolcanoSoldiersCleared"") -> BOSS(value=301010,winEventId=""fire_volcano_glad_clear"")]"
"FIRE_VOLCANO_GLAD_RETRY","グラド","何度来ても無駄なこと……
炎の力を吸い尽くすまで、邪魔はさせぬぞ！","","種別=会話; 行=1/1; 参照=fire_volcano_soldiers_encounter:actions[0].then[0]; event=fire_volcano_soldiers_encounter; actions=[IF_FLAG(key=""fireVolcanoSoldiersCleared""){then:[CONV(value=""FIRE_VOLCANO_GLAD_RETRY"") -> BOSS(value=301010,winEventId=""fire_volcano_glad_clear"")]}{else:[CONV(value=""FIRE_VOLCANO_SOLDIERS"") -> BOSS(value=[301002,301001,301001,301001],winEventId=""fire_volcano_soldiers_clear"",deferFixedBossDefeat=true)]}] || 参照=fire_volcano_glad_retry:actions[0]; event=fire_volcano_glad_retry; actions=[CONV(value=""FIRE_VOLCANO_GLAD_RETRY"") -> BOSS(value=301010,winEventId=""fire_volcano_glad_clear"")]"
"FIRE_VOLCANO_CLEAR","システム","炎のオーラが結晶へ戻り、火山の鳴動が止まった。","","種別=会話; 行=1/6; 参照=fire_volcano_glad_clear:actions[0]; event=fire_volcano_glad_clear; actions=[CONV(value=""FIRE_VOLCANO_CLEAR"") -> FLAG(key=""firePrismRestored"") -> STEP(value=2) -> SUB(value=7) -> LOG(value=""火のプリズムに炎の力が戻った。炎の里へ報告しよう。"")]"
"FIRE_VOLCANO_CLEAR","グラド","……俺の炎を押し返した、だと。
ふふ、ふははははははははははは。","","種別=会話; 行=2/6; 参照=fire_volcano_glad_clear:actions[0]; event=fire_volcano_glad_clear; actions=[CONV(value=""FIRE_VOLCANO_CLEAR"") -> FLAG(key=""firePrismRestored"") -> STEP(value=2) -> SUB(value=7) -> LOG(value=""火のプリズムに炎の力が戻った。炎の里へ報告しよう。"")]"
"FIRE_VOLCANO_CLEAR","グラド","[N:301]と言ったな。覚えたぞ、その名前。
次に会う時を楽しみにしている。","","種別=会話; 行=3/6; 参照=fire_volcano_glad_clear:actions[0]; event=fire_volcano_glad_clear; actions=[CONV(value=""FIRE_VOLCANO_CLEAR"") -> FLAG(key=""firePrismRestored"") -> STEP(value=2) -> SUB(value=7) -> LOG(value=""火のプリズムに炎の力が戻った。炎の里へ報告しよう。"")]"
"FIRE_VOLCANO_CLEAR","システム","グラドは黒い火の幕に包まれ、消えていった。","","種別=会話; 行=4/6; 参照=fire_volcano_glad_clear:actions[0]; event=fire_volcano_glad_clear; actions=[CONV(value=""FIRE_VOLCANO_CLEAR"") -> FLAG(key=""firePrismRestored"") -> STEP(value=2) -> SUB(value=7) -> LOG(value=""火のプリズムに炎の力が戻った。炎の里へ報告しよう。"")]"
"FIRE_VOLCANO_CLEAR","シャオ","今のは、闇の力？
光の王国軍がなんでその力を使っているんだ。","105","種別=会話; 行=5/6; 参照=fire_volcano_glad_clear:actions[0]; event=fire_volcano_glad_clear; actions=[CONV(value=""FIRE_VOLCANO_CLEAR"") -> FLAG(key=""firePrismRestored"") -> STEP(value=2) -> SUB(value=7) -> LOG(value=""火のプリズムに炎の力が戻った。炎の里へ報告しよう。"")]"
"FIRE_VOLCANO_CLEAR","シャオ","…とにかく、これで火山も元に戻ったはず。
長に報告しよう。","105","種別=会話; 行=6/6; 参照=fire_volcano_glad_clear:actions[0]; event=fire_volcano_glad_clear; actions=[CONV(value=""FIRE_VOLCANO_CLEAR"") -> FLAG(key=""firePrismRestored"") -> STEP(value=2) -> SUB(value=7) -> LOG(value=""火のプリズムに炎の力が戻った。炎の里へ報告しよう。"")]"
"FIRE_VILLAGE_REPORT","里の長","ありがとうございます、[N:301]様。
炉の火が戻り、鍛冶屋達も仕事を再開できました。","","種別=会話; 行=1/8; 参照=fire_village_report:actions[0]; event=fire_village_report; actions=[CONV(value=""FIRE_VILLAGE_REPORT"") -> ALLY(value=105) -> UNLOCK(value=""smith"") -> FLAG(key=""fireVillageCleared"") -> STEP(value=3) -> SUB(value=0) -> LOG(value=""鍛冶機能が解放された。北の風の集落へ向かおう。"")]"
"FIRE_VILLAGE_REPORT","シャオ","火山を荒らしていたのは王国軍です。
奥地で何か、結晶のようなものを歪めていました。","105","種別=会話; 行=2/8; 参照=fire_village_report:actions[0]; event=fire_village_report; actions=[CONV(value=""FIRE_VILLAGE_REPORT"") -> ALLY(value=105) -> UNLOCK(value=""smith"") -> FLAG(key=""fireVillageCleared"") -> STEP(value=3) -> SUB(value=0) -> LOG(value=""鍛冶機能が解放された。北の風の集落へ向かおう。"")]"
"FIRE_VILLAGE_REPORT","里の長","結晶！
それは、火山に納められている火のプリズムです。","","種別=会話; 行=3/8; 参照=fire_village_report:actions[0]; event=fire_village_report; actions=[CONV(value=""FIRE_VILLAGE_REPORT"") -> ALLY(value=105) -> UNLOCK(value=""smith"") -> FLAG(key=""fireVillageCleared"") -> STEP(value=3) -> SUB(value=0) -> LOG(value=""鍛冶機能が解放された。北の風の集落へ向かおう。"")]"
"FIRE_VILLAGE_REPORT","里の長","プリズムとは、この世界を司る六属性を秘めた、
神の加護を受けた結晶です。それをまさか…","","種別=会話; 行=4/8; 参照=fire_village_report:actions[0]; event=fire_village_report; actions=[CONV(value=""FIRE_VILLAGE_REPORT"") -> ALLY(value=105) -> UNLOCK(value=""smith"") -> FLAG(key=""fireVillageCleared"") -> STEP(value=3) -> SUB(value=0) -> LOG(value=""鍛冶機能が解放された。北の風の集落へ向かおう。"")]"
"FIRE_VILLAGE_REPORT","シャオ","…王国軍は、闇の力を纏っていた。
忌むべき魔族がかかわっている可能性がある。放っておくことはできない。","105","種別=会話; 行=5/8; 参照=fire_village_report:actions[0]; event=fire_village_report; actions=[CONV(value=""FIRE_VILLAGE_REPORT"") -> ALLY(value=105) -> UNLOCK(value=""smith"") -> FLAG(key=""fireVillageCleared"") -> STEP(value=3) -> SUB(value=0) -> LOG(value=""鍛冶機能が解放された。北の風の集落へ向かおう。"")]"
"FIRE_VILLAGE_REPORT","里の長","プリズムの力は、5年前にも王国の儀式により暴走したことがあります。まさか、またあの悪夢を繰り返すつもりでしょうか…","","種別=会話; 行=6/8; 参照=fire_village_report:actions[0]; event=fire_village_report; actions=[CONV(value=""FIRE_VILLAGE_REPORT"") -> ALLY(value=105) -> UNLOCK(value=""smith"") -> FLAG(key=""fireVillageCleared"") -> STEP(value=3) -> SUB(value=0) -> LOG(value=""鍛冶機能が解放された。北の風の集落へ向かおう。"")]"
"FIRE_VILLAGE_REPORT","里の長","…この里の北に、風のプリズムを祀る集落がございます。何か問題が起きているやもしれません。","","種別=会話; 行=7/8; 参照=fire_village_report:actions[0]; event=fire_village_report; actions=[CONV(value=""FIRE_VILLAGE_REPORT"") -> ALLY(value=105) -> UNLOCK(value=""smith"") -> FLAG(key=""fireVillageCleared"") -> STEP(value=3) -> SUB(value=0) -> LOG(value=""鍛冶機能が解放された。北の風の集落へ向かおう。"")]"
"FIRE_VILLAGE_REPORT","里の長","皆さんには大変お世話になりました。もし王国軍と戦うなら、里の鍛冶屋も使ってやってください。","","種別=会話; 行=8/8; 参照=fire_village_report:actions[0]; event=fire_village_report; actions=[CONV(value=""FIRE_VILLAGE_REPORT"") -> ALLY(value=105) -> UNLOCK(value=""smith"") -> FLAG(key=""fireVillageCleared"") -> STEP(value=3) -> SUB(value=0) -> LOG(value=""鍛冶機能が解放された。北の風の集落へ向かおう。"")]"
"FIRE_VILLAGE_ELDER_IDLE","里の長","火はまだ細い。イグナ火山に納めた火のプリズムで、何かが起きているのだろう。","","種別=会話; 行=1/1; 参照=fire_village_elder_idle:actions[0]; event=fire_village_elder_idle; actions=[CONV(value=""FIRE_VILLAGE_ELDER_IDLE"")]"
"FIRE_VILLAGE_ELDER_DURING_VOLCANO","里の長","火山の奥へは、北の火山道がつながっている。
…戻れぬ者も出ておる。無理はなされぬよう……","","種別=会話; 行=1/1; 参照=fire_village_elder_during_volcano:actions[0]; event=fire_village_elder_during_volcano; actions=[CONV(value=""FIRE_VILLAGE_ELDER_DURING_VOLCANO"")]"
"FIRE_VILLAGE_ELDER_AFTER_CLEAR","里の長","炉の音が戻った。だが王国軍がプリズムに手をかけた事実は、消えぬ火種として残る。","","種別=会話; 行=1/2; 参照=fire_village_elder_after_clear:actions[0]; event=fire_village_elder_after_clear; actions=[CONV(value=""FIRE_VILLAGE_ELDER_AFTER_CLEAR"")]"
"FIRE_VILLAGE_ELDER_AFTER_CLEAR","里の長","北の風の集落へ行くがよい。風は噂より早く、世界の歪みを運ぶ。","","種別=会話; 行=2/2; 参照=fire_village_elder_after_clear:actions[0]; event=fire_village_elder_after_clear; actions=[CONV(value=""FIRE_VILLAGE_ELDER_AFTER_CLEAR"")]"
"TOWN_FIRE_VILLAGER_1","鍛冶師","聞こえるか。炉が、また飯を食い始めた。
腹を空かせた音ってのは、悪くねえ。","1002","種別=会話; 行=1/2; 参照=town_fire_villager_1:actions[0]; event=town_fire_villager_1; actions=[CONV(value=""TOWN_FIRE_VILLAGER_1"")]"
"TOWN_FIRE_VILLAGER_1","鍛冶師","礼なら後でいい。まず鍬を直す。
畑に戻る連中が、道具を待ってる。","1002","種別=会話; 行=2/2; 参照=town_fire_villager_1:actions[0]; event=town_fire_villager_1; actions=[CONV(value=""TOWN_FIRE_VILLAGER_1"")]"
"TOWN_FIRE_VILLAGER_3_AFTER","里人","あんたら、やってくれたんだろ！
本当にありがとうな。子供たちが喜んでるよ。","1002","種別=会話; 行=1/4; 参照=town_fire_villager_3_after:actions[0].else[0]; event=town_fire_villager_3_after; actions=[IF_FLAG(key=""fireVillageBlastOrbGiftReceived""){then:[CONV(value=""TOWN_FIRE_VILLAGER_3_AFTER_GIFT"")]}{else:[CONV(value=""TOWN_FIRE_VILLAGER_3_AFTER"") -> ITEM(id=1002,count=3) -> FLAG(key=""fireVillageBlastOrbGiftReceived"")]}]"
"TOWN_FIRE_VILLAGER_3_AFTER","里人","これはこれで大忙しだが、汗をかいていた方がよっぽど性に合うってもんだ。","1002","種別=会話; 行=2/4; 参照=town_fire_villager_3_after:actions[0].else[0]; event=town_fire_villager_3_after; actions=[IF_FLAG(key=""fireVillageBlastOrbGiftReceived""){then:[CONV(value=""TOWN_FIRE_VILLAGER_3_AFTER_GIFT"")]}{else:[CONV(value=""TOWN_FIRE_VILLAGER_3_AFTER"") -> ITEM(id=1002,count=3) -> FLAG(key=""fireVillageBlastOrbGiftReceived"")]}]"
"TOWN_FIRE_VILLAGER_3_AFTER","里人","そうだ、世話になったあんたらにこれをやるよ。
何かに役立ててくれ。","1002","種別=会話; 行=3/4; 参照=town_fire_villager_3_after:actions[0].else[0]; event=town_fire_villager_3_after; actions=[IF_FLAG(key=""fireVillageBlastOrbGiftReceived""){then:[CONV(value=""TOWN_FIRE_VILLAGER_3_AFTER_GIFT"")]}{else:[CONV(value=""TOWN_FIRE_VILLAGER_3_AFTER"") -> ITEM(id=1002,count=3) -> FLAG(key=""fireVillageBlastOrbGiftReceived"")]}]"
"TOWN_FIRE_VILLAGER_3_AFTER","システム","「爆炎球」を3個手に入れた！","","種別=会話; 行=4/4; 参照=town_fire_villager_3_after:actions[0].else[0]; event=town_fire_villager_3_after; actions=[IF_FLAG(key=""fireVillageBlastOrbGiftReceived""){then:[CONV(value=""TOWN_FIRE_VILLAGER_3_AFTER_GIFT"")]}{else:[CONV(value=""TOWN_FIRE_VILLAGER_3_AFTER"") -> ITEM(id=1002,count=3) -> FLAG(key=""fireVillageBlastOrbGiftReceived"")]}]"
"TOWN_FIRE_VILLAGER_3_AFTER_GIFT","里人","爆炎球は火気に気をつけて使ってくれよ。
里じゃまた、いつもの忙しい音が戻ってきた。","1002","種別=会話; 行=1/1; 参照=town_fire_villager_3_after:actions[0].then[0]; event=town_fire_villager_3_after; actions=[IF_FLAG(key=""fireVillageBlastOrbGiftReceived""){then:[CONV(value=""TOWN_FIRE_VILLAGER_3_AFTER_GIFT"")]}{else:[CONV(value=""TOWN_FIRE_VILLAGER_3_AFTER"") -> ITEM(id=1002,count=3) -> FLAG(key=""fireVillageBlastOrbGiftReceived"")]}]"
"LOCKED_WIND_TEMPLE","エリーゼ","森の奥から、風が逆巻いています。神殿は近いはずなのに、道そのものが私たちを拒んでいるみたい。","106","種別=会話; 行=1/2; 参照=locked_wind_temple:actions[0]; event=locked_wind_temple; actions=[CONV(value=""LOCKED_WIND_TEMPLE"")]"
"LOCKED_WIND_TEMPLE","エリーゼ","まず祈りの広場へ行きましょう。あそこの石碑なら、この風の乱れを鎮める手がかりになるはずです。","106","種別=会話; 行=2/2; 参照=locked_wind_temple:actions[0]; event=locked_wind_temple; actions=[CONV(value=""LOCKED_WIND_TEMPLE"")]"
"WIND_VILLAGE_INTRO","エリーゼ","旅の人ですか？ごめんなさい、大人の人たちは…
森に入ってからもう3日も帰ってこないのです。","106","種別=会話; 行=1/11; 参照=wind_village_intro:actions[0]; event=wind_village_intro; actions=[CONV(value=""WIND_VILLAGE_INTRO"") -> ALLY(value=106) -> FLAG(key=""eliseJoinedAtWindVillage"") -> STEP(value=3) -> SUB(value=1) -> LOG(value=""エリーゼが同行した。禁忌の森へ向かおう。"")]"
"WIND_VILLAGE_INTRO","エリーゼ","それからです。
風の流れも止まり、森にはよどんだ空気が…","106","種別=会話; 行=2/11; 参照=wind_village_intro:actions[0]; event=wind_village_intro; actions=[CONV(value=""WIND_VILLAGE_INTRO"") -> ALLY(value=106) -> FLAG(key=""eliseJoinedAtWindVillage"") -> STEP(value=3) -> SUB(value=1) -> LOG(value=""エリーゼが同行した。禁忌の森へ向かおう。"")]"
"WIND_VILLAGE_INTRO","ガイル","なら早く森に助けに行かねえと！
なんで誰も助けにっ……あぁ、そうか…","109","種別=会話; 行=3/11; 参照=wind_village_intro:actions[0]; event=wind_village_intro; actions=[CONV(value=""WIND_VILLAGE_INTRO"") -> ALLY(value=106) -> FLAG(key=""eliseJoinedAtWindVillage"") -> STEP(value=3) -> SUB(value=1) -> LOG(value=""エリーゼが同行した。禁忌の森へ向かおう。"")]"
"WIND_VILLAGE_INTRO","エリーゼ","……はい、この集落には幼い子供がたくさんいて、
最年長の私があてもなく動くわけにもいかず…","106","種別=会話; 行=4/11; 参照=wind_village_intro:actions[0]; event=wind_village_intro; actions=[CONV(value=""WIND_VILLAGE_INTRO"") -> ALLY(value=106) -> FLAG(key=""eliseJoinedAtWindVillage"") -> STEP(value=3) -> SUB(value=1) -> LOG(value=""エリーゼが同行した。禁忌の森へ向かおう。"")]"
"WIND_VILLAGE_INTRO","子ども","あのね、夜にね、変な風が吹いてたんだ。
朝起きたら、お父さんもお母さんも、森に行かなきゃって…僕のこと、見えてないみたいだった。","","種別=会話; 行=5/11; 参照=wind_village_intro:actions[0]; event=wind_village_intro; actions=[CONV(value=""WIND_VILLAGE_INTRO"") -> ALLY(value=106) -> FLAG(key=""eliseJoinedAtWindVillage"") -> STEP(value=3) -> SUB(value=1) -> LOG(value=""エリーゼが同行した。禁忌の森へ向かおう。"")]"
"WIND_VILLAGE_INTRO","エリーゼ","西の森は、昔は聖域と呼ばれていました。
でも、プリズム崩壊の日から魔物があふれて、封じるしかなくなったのです。","106","種別=会話; 行=6/11; 参照=wind_village_intro:actions[0]; event=wind_village_intro; actions=[CONV(value=""WIND_VILLAGE_INTRO"") -> ALLY(value=106) -> FLAG(key=""eliseJoinedAtWindVillage"") -> STEP(value=3) -> SUB(value=1) -> LOG(value=""エリーゼが同行した。禁忌の森へ向かおう。"")]"
"WIND_VILLAGE_INTRO","サラ","プリズム…もしかして、森の奥には風のプリズムが祀られているのでは？だとしたら、王国軍がまた…","110","種別=会話; 行=7/11; 参照=wind_village_intro:actions[0]; event=wind_village_intro; actions=[CONV(value=""WIND_VILLAGE_INTRO"") -> ALLY(value=106) -> FLAG(key=""eliseJoinedAtWindVillage"") -> STEP(value=3) -> SUB(value=1) -> LOG(value=""エリーゼが同行した。禁忌の森へ向かおう。"")]"
"WIND_VILLAGE_INTRO","エリーゼ","風のプリズム…？
あ、聞いたことがあります。
森の奥に、風の神殿があるとか。","106","種別=会話; 行=8/11; 参照=wind_village_intro:actions[0]; event=wind_village_intro; actions=[CONV(value=""WIND_VILLAGE_INTRO"") -> ALLY(value=106) -> FLAG(key=""eliseJoinedAtWindVillage"") -> STEP(value=3) -> SUB(value=1) -> LOG(value=""エリーゼが同行した。禁忌の森へ向かおう。"")]"
"WIND_VILLAGE_INTRO","エリーゼ","…森へ行ってくれるんですか？
それなら、案内が必要です。私を連れて行ってください！可能性があるなら、私も助けに行きたい！！","106","種別=会話; 行=9/11; 参照=wind_village_intro:actions[0]; event=wind_village_intro; actions=[CONV(value=""WIND_VILLAGE_INTRO"") -> ALLY(value=106) -> FLAG(key=""eliseJoinedAtWindVillage"") -> STEP(value=3) -> SUB(value=1) -> LOG(value=""エリーゼが同行した。禁忌の森へ向かおう。"")]"
"WIND_VILLAGE_INTRO","シャオ","案内は助かる。ありがとう。
是非よろしく頼む。","105","種別=会話; 行=10/11; 参照=wind_village_intro:actions[0]; event=wind_village_intro; actions=[CONV(value=""WIND_VILLAGE_INTRO"") -> ALLY(value=106) -> FLAG(key=""eliseJoinedAtWindVillage"") -> STEP(value=3) -> SUB(value=1) -> LOG(value=""エリーゼが同行した。禁忌の森へ向かおう。"")]"
"WIND_VILLAGE_INTRO","システム","[N:106]が同行することになった！","","種別=会話; 行=11/11; 参照=wind_village_intro:actions[0]; event=wind_village_intro; actions=[CONV(value=""WIND_VILLAGE_INTRO"") -> ALLY(value=106) -> FLAG(key=""eliseJoinedAtWindVillage"") -> STEP(value=3) -> SUB(value=1) -> LOG(value=""エリーゼが同行した。禁忌の森へ向かおう。"")]"
"WIND_VILLAGE_BEFORE_STORY","子ども","大人たち？　いるよ。……たぶん。森の方を見ていると、胸がざわざわするんだ。","","種別=会話; 行=1/2; 参照=wind_village_before_story:actions[0]; event=wind_village_before_story; actions=[CONV(value=""WIND_VILLAGE_BEFORE_STORY"")]"
"WIND_VILLAGE_BEFORE_STORY","エリーゼ","旅の方、風の向きが変です。今はまだ、私にも何が起きているのか分かりません。","106","種別=会話; 行=2/2; 参照=wind_village_before_story:actions[0]; event=wind_village_before_story; actions=[CONV(value=""WIND_VILLAGE_BEFORE_STORY"")]"
"TOWN_WIND_VILLAGER_1_BEFORE","見張り","枝が揺れてるのに、
頬には何も当たらない。","1002","種別=会話; 行=1/2; 参照=town_wind_villager_1_before:actions[0]; event=town_wind_villager_1_before; actions=[CONV(value=""TOWN_WIND_VILLAGER_1_BEFORE"")]"
"TOWN_WIND_VILLAGER_1_BEFORE","見張り","あれは風じゃない。
森の中を、何かが歩いてる。","1002","種別=会話; 行=2/2; 参照=town_wind_villager_1_before:actions[0]; event=town_wind_villager_1_before; actions=[CONV(value=""TOWN_WIND_VILLAGER_1_BEFORE"")]"
"TOWN_WIND_VILLAGER_2","集落の子","泣いた子から寝かせてるんだ。
大人がいないとさ、こんなに大変なんだね。","1003","種別=会話; 行=1/2; 参照=town_wind_villager_2:actions[0]; event=town_wind_villager_2; actions=[CONV(value=""TOWN_WIND_VILLAGER_2"")]"
"TOWN_WIND_VILLAGER_2","集落の子","ご飯を作るのも一苦労でさ…
……はやくお母さんに会いたいな。","1003","種別=会話; 行=2/2; 参照=town_wind_villager_2:actions[0]; event=town_wind_villager_2; actions=[CONV(value=""TOWN_WIND_VILLAGER_2"")]"
"TOWN_WIND_VILLAGER_3","風織り職人","いい布は、風を閉じ込めない。
通り道だけ覚えさせるんだ。","1003","種別=会話; 行=1/3; 参照=town_wind_villager_3:actions[0]; event=town_wind_villager_3; actions=[CONV(value=""TOWN_WIND_VILLAGER_3"")]"
"TOWN_WIND_VILLAGER_3","風織り職人","今の森風は糸を噛む。
織りかけの布が、誰かの袖を掴むみたいに重い。","1003","種別=会話; 行=2/3; 参照=town_wind_villager_3:actions[0]; event=town_wind_villager_3; actions=[CONV(value=""TOWN_WIND_VILLAGER_3"")]"
"TOWN_WIND_VILLAGER_3","風織り職人","風ってのは、急かすだけじゃない。
迷った背中を、少しだけ押してくれるものさ。","1003","種別=会話; 行=3/3; 参照=town_wind_villager_3:actions[0]; event=town_wind_villager_3; actions=[CONV(value=""TOWN_WIND_VILLAGER_3"")]"
"WIND_VILLAGE_ELISE_DURING","エリーゼ","禁忌の森は西です。大人たちは、森に呼ばれるように消えました。急ぎましょう。","106","種別=会話; 行=1/1; 参照=wind_village_elise_during:actions[0]; event=wind_village_elise_during; actions=[CONV(value=""WIND_VILLAGE_ELISE_DURING"")]"
"WIND_FOREST_ENTRY","エリーゼ","ここから先が禁忌の森です。風が、誰かの泣き声みたいに渦を巻いている。","106","種別=会話; 行=1/3; 参照=wind_forest_entry:actions[0]; event=wind_forest_entry; actions=[CONV(value=""WIND_FOREST_ENTRY"") -> FLAG(key=""windForestEntryIntroduced"") -> START_FIXED_DUNGEON(value=""FORBIDDEN_FOREST"")]"
"WIND_FOREST_ENTRY","サラ","火の里と同じなら、待っているほど傷が増えます。
行きましょう。","110","種別=会話; 行=2/3; 参照=wind_forest_entry:actions[0]; event=wind_forest_entry; actions=[CONV(value=""WIND_FOREST_ENTRY"") -> FLAG(key=""windForestEntryIntroduced"") -> START_FIXED_DUNGEON(value=""FORBIDDEN_FOREST"")]"
"WIND_FOREST_ENTRY","エリーゼ","この森は東から入ると道が大きく曲がります。北西の奥へ抜ければ、祈りの広場へ続くはずです。","106","種別=会話; 行=3/3; 参照=wind_forest_entry:actions[0]; event=wind_forest_entry; actions=[CONV(value=""WIND_FOREST_ENTRY"") -> FLAG(key=""windForestEntryIntroduced"") -> START_FIXED_DUNGEON(value=""FORBIDDEN_FOREST"")]"
"WIND_FOREST_GUARDIANS_ENCOUNTER","システム","祈りの広場の石碑に触れると、風が一瞬だけ止まった。","","種別=会話; 行=1/4; 参照=wind_forest_guardians_encounter:actions[0]; event=wind_forest_guardians_encounter; actions=[CONV(value=""WIND_FOREST_GUARDIANS_ENCOUNTER"") -> BOSS(value=[301011,301012],keyRewardColor=""gold"",winEventId=""wind_forest_guardians_clear"")]"
"WIND_FOREST_GUARDIANS_ENCOUNTER","エリーゼ","……静かすぎる。森が息を潜めています。","106","種別=会話; 行=2/4; 参照=wind_forest_guardians_encounter:actions[0]; event=wind_forest_guardians_encounter; actions=[CONV(value=""WIND_FOREST_GUARDIANS_ENCOUNTER"") -> BOSS(value=[301011,301012],keyRewardColor=""gold"",winEventId=""wind_forest_guardians_clear"")]"
"WIND_FOREST_GUARDIANS_ENCOUNTER","システム","黒い風が渦を巻き、シルフウルフとヒールフェアリーの瞳が暗く染まる。","","種別=会話; 行=3/4; 参照=wind_forest_guardians_encounter:actions[0]; event=wind_forest_guardians_encounter; actions=[CONV(value=""WIND_FOREST_GUARDIANS_ENCOUNTER"") -> BOSS(value=[301011,301012],keyRewardColor=""gold"",winEventId=""wind_forest_guardians_clear"")]"
"WIND_FOREST_GUARDIANS_ENCOUNTER","シルフウルフ","近づくな……守らねば……この森を、誰にも渡してはならぬ……！","","種別=会話; 行=4/4; 参照=wind_forest_guardians_encounter:actions[0]; event=wind_forest_guardians_encounter; actions=[CONV(value=""WIND_FOREST_GUARDIANS_ENCOUNTER"") -> BOSS(value=[301011,301012],keyRewardColor=""gold"",winEventId=""wind_forest_guardians_clear"")]"
"WIND_FOREST_GUARDIANS_CLEAR","システム","狼と妖精の体から、黒い風がほどけて消えていく。
辺りには、かすかな若草の匂いが戻ってきた。","","種別=会話; 行=1/7; 参照=wind_forest_guardians_clear:actions[0]; event=wind_forest_guardians_clear; actions=[CONV(value=""WIND_FOREST_GUARDIANS_CLEAR"") -> HEAL -> FLAG(key=""windForestCleansed"") -> STEP(value=3) -> SUB(value=2) -> LOG(value=""森の守護者が金の鍵を託した。森の奥にある風の神殿の石門へ向かおう。"")]"
"WIND_FOREST_GUARDIANS_CLEAR","風の神獣","守っていたはずの芽を、枝を、我らの爪が切り裂いた。その音だけが、耳の奥に残っている。","","種別=会話; 行=2/7; 参照=wind_forest_guardians_clear:actions[0]; event=wind_forest_guardians_clear; actions=[CONV(value=""WIND_FOREST_GUARDIANS_CLEAR"") -> HEAL -> FLAG(key=""windForestCleansed"") -> STEP(value=3) -> SUB(value=2) -> LOG(value=""森の守護者が金の鍵を託した。森の奥にある風の神殿の石門へ向かおう。"")]"
"WIND_FOREST_GUARDIANS_CLEAR","風の精霊","集落の人間たちは、嫌な匂いの人間に導かれるようにさらに奥、神殿へ連れていかれました。","","種別=会話; 行=3/7; 参照=wind_forest_guardians_clear:actions[0]; event=wind_forest_guardians_clear; actions=[CONV(value=""WIND_FOREST_GUARDIANS_CLEAR"") -> HEAL -> FLAG(key=""windForestCleansed"") -> STEP(value=3) -> SUB(value=2) -> LOG(value=""森の守護者が金の鍵を託した。森の奥にある風の神殿の石門へ向かおう。"")]"
"WIND_FOREST_GUARDIANS_CLEAR","風の精霊","風が止まったのはその後。私たちの記憶も、そこから途絶えています。お願い、まだ間に合うはず。","","種別=会話; 行=4/7; 参照=wind_forest_guardians_clear:actions[0]; event=wind_forest_guardians_clear; actions=[CONV(value=""WIND_FOREST_GUARDIANS_CLEAR"") -> HEAL -> FLAG(key=""windForestCleansed"") -> STEP(value=3) -> SUB(value=2) -> LOG(value=""森の守護者が金の鍵を託した。森の奥にある風の神殿の石門へ向かおう。"")]"
"WIND_FOREST_GUARDIANS_CLEAR","エリーゼ","みんなを助けます。風のプリズムも、必ず。
だから、待っていてください。","106","種別=会話; 行=5/7; 参照=wind_forest_guardians_clear:actions[0]; event=wind_forest_guardians_clear; actions=[CONV(value=""WIND_FOREST_GUARDIANS_CLEAR"") -> HEAL -> FLAG(key=""windForestCleansed"") -> STEP(value=3) -> SUB(value=2) -> LOG(value=""森の守護者が金の鍵を託した。森の奥にある風の神殿の石門へ向かおう。"")]"
"WIND_FOREST_GUARDIANS_CLEAR","風の精霊","ありがとう、風の踊り子さん。
強くて勇敢な皆さんに風の癒しを…","","種別=会話; 行=6/7; 参照=wind_forest_guardians_clear:actions[0]; event=wind_forest_guardians_clear; actions=[CONV(value=""WIND_FOREST_GUARDIANS_CLEAR"") -> HEAL -> FLAG(key=""windForestCleansed"") -> STEP(value=3) -> SUB(value=2) -> LOG(value=""森の守護者が金の鍵を託した。森の奥にある風の神殿の石門へ向かおう。"")]"
"WIND_FOREST_GUARDIANS_CLEAR","システム","風の精霊が仲間たちのHPとMPを全回復した。","","種別=会話; 行=7/7; 参照=wind_forest_guardians_clear:actions[0]; event=wind_forest_guardians_clear; actions=[CONV(value=""WIND_FOREST_GUARDIANS_CLEAR"") -> HEAL -> FLAG(key=""windForestCleansed"") -> STEP(value=3) -> SUB(value=2) -> LOG(value=""森の守護者が金の鍵を託した。森の奥にある風の神殿の石門へ向かおう。"")]"
"WIND_FOREST_GUARDIANS_AFTER","風の精霊","風は、まだあなたたちの背を覚えています。
傷ついた時は、ここで羽を休めてください。","","種別=会話; 行=1/2; 参照=wind_forest_guardians_after:actions[0]; event=wind_forest_guardians_after; actions=[CONV(value=""WIND_FOREST_GUARDIANS_AFTER"") -> HEAL]"
"WIND_FOREST_GUARDIANS_AFTER","システム","風の精霊の加護が満ち、仲間たちのHPとMPが全回復した。","","種別=会話; 行=2/2; 参照=wind_forest_guardians_after:actions[0]; event=wind_forest_guardians_after; actions=[CONV(value=""WIND_FOREST_GUARDIANS_AFTER"") -> HEAL]"
"TOWN_WIND_VILLAGER_3_AFTER","集落の子","…ありがとう。みんな帰ってきた。
風の気持ちよさも、失ってやっと分かったよ。","1003","種別=会話; 行=1/3; 参照=town_wind_villager_3_after:actions[0].else[0]; event=town_wind_villager_3_after; actions=[IF_FLAG(key=""windVillageFeatherGiftReceived""){then:[CONV(value=""TOWN_WIND_VILLAGER_3_AFTER_GIFT"")]}{else:[CONV(value=""TOWN_WIND_VILLAGER_3_AFTER"") -> ITEM(id=2031,count=2) -> FLAG(key=""windVillageFeatherGiftReceived"")]}]"
"TOWN_WIND_VILLAGER_3_AFTER","集落の子","これ、職人のお父さんから皆へ。お礼だって。
錬金ってのができたら、凄い防具になるかもって。","1003","種別=会話; 行=2/3; 参照=town_wind_villager_3_after:actions[0].else[0]; event=town_wind_villager_3_after; actions=[IF_FLAG(key=""windVillageFeatherGiftReceived""){then:[CONV(value=""TOWN_WIND_VILLAGER_3_AFTER_GIFT"")]}{else:[CONV(value=""TOWN_WIND_VILLAGER_3_AFTER"") -> ITEM(id=2031,count=2) -> FLAG(key=""windVillageFeatherGiftReceived"")]}]"
"TOWN_WIND_VILLAGER_3_AFTER","システム","「始祖鳥の羽」を2個手に入れた！","","種別=会話; 行=3/3; 参照=town_wind_villager_3_after:actions[0].else[0]; event=town_wind_villager_3_after; actions=[IF_FLAG(key=""windVillageFeatherGiftReceived""){then:[CONV(value=""TOWN_WIND_VILLAGER_3_AFTER_GIFT"")]}{else:[CONV(value=""TOWN_WIND_VILLAGER_3_AFTER"") -> ITEM(id=2031,count=2) -> FLAG(key=""windVillageFeatherGiftReceived"")]}]"
"TOWN_WIND_VILLAGER_3_AFTER_GIFT","集落の子","父さん、また布を織り始めたんだ。
今度は旅人の背中を守れる布にするって。","1003","種別=会話; 行=1/1; 参照=town_wind_villager_3_after:actions[0].then[0]; event=town_wind_villager_3_after; actions=[IF_FLAG(key=""windVillageFeatherGiftReceived""){then:[CONV(value=""TOWN_WIND_VILLAGER_3_AFTER_GIFT"")]}{else:[CONV(value=""TOWN_WIND_VILLAGER_3_AFTER"") -> ITEM(id=2031,count=2) -> FLAG(key=""windVillageFeatherGiftReceived"")]}]"
"WIND_TEMPLE_ELICIA_ENCOUNTER","システム","風の祭壇。弱まった風のプリズムの周囲で、うつろな瞳の大人たちが祈りを続けている。","","種別=会話; 行=1/6; 参照=wind_temple_elicia_encounter:actions[0]; event=wind_temple_elicia_encounter; actions=[CONV(value=""WIND_TEMPLE_ELICIA_ENCOUNTER"") -> BOSS(value=301020,winEventId=""wind_temple_clear"")]"
"WIND_TEMPLE_ELICIA_ENCOUNTER","？？？？","ふふ、ようやく来たのね。
風の嘆きに導かれた、小さな反抗者たち。","","種別=会話; 行=2/6; 参照=wind_temple_elicia_encounter:actions[0]; event=wind_temple_elicia_encounter; actions=[CONV(value=""WIND_TEMPLE_ELICIA_ENCOUNTER"") -> BOSS(value=301020,winEventId=""wind_temple_clear"")]"
"WIND_TEMPLE_ELICIA_ENCOUNTER","？？？？","グラドを倒したと聞いて気になっていたけど、なんだ、本当にただの子供じゃない。","","種別=会話; 行=3/6; 参照=wind_temple_elicia_encounter:actions[0]; event=wind_temple_elicia_encounter; actions=[CONV(value=""WIND_TEMPLE_ELICIA_ENCOUNTER"") -> BOSS(value=301020,winEventId=""wind_temple_clear"")]"
"WIND_TEMPLE_ELICIA_ENCOUNTER","エリーゼ","みんなを解放して。
風は、誰かを縛るためのものじゃない！","106","種別=会話; 行=4/6; 参照=wind_temple_elicia_encounter:actions[0]; event=wind_temple_elicia_encounter; actions=[CONV(value=""WIND_TEMPLE_ELICIA_ENCOUNTER"") -> BOSS(value=301020,winEventId=""wind_temple_clear"")]"
"WIND_TEMPLE_ELICIA_ENCOUNTER","？？？？","風とは、国の未来を運ぶもの。あなたたち個人の感傷で、儀式を止めさせはしないわ。","","種別=会話; 行=5/6; 参照=wind_temple_elicia_encounter:actions[0]; event=wind_temple_elicia_encounter; actions=[CONV(value=""WIND_TEMPLE_ELICIA_ENCOUNTER"") -> BOSS(value=301020,winEventId=""wind_temple_clear"")]"
"WIND_TEMPLE_ELICIA_ENCOUNTER","風楔のエリシア","私は王国四傑、風楔のエリシア。
この風で、その命の灯ごと吹き消しましょう。","","種別=会話; 行=6/6; 参照=wind_temple_elicia_encounter:actions[0]; event=wind_temple_elicia_encounter; actions=[CONV(value=""WIND_TEMPLE_ELICIA_ENCOUNTER"") -> BOSS(value=301020,winEventId=""wind_temple_clear"")]"
"WIND_TEMPLE_CLEAR","システム","風のプリズムに輝きが戻り、うつろだった大人たちの瞳に光が差す。","","種別=会話; 行=1/11; 参照=wind_temple_clear:actions[0]; event=wind_temple_clear; actions=[CONV(value=""WIND_TEMPLE_CLEAR"") -> ALLY(value=106) -> FLAG(key=""windVillageCleared"") -> STEP(value=4) -> SUB(value=0) -> LOG(value=""風のプリズムに聖なる風が戻った。西の水上都市へ向かおう。"")]"
"WIND_TEMPLE_CLEAR","風楔のエリシア","……風向きが変わっちゃったわね。か細い、けれど暖かく包み込む。それがあなた達の乗った風。","","種別=会話; 行=2/11; 参照=wind_temple_clear:actions[0]; event=wind_temple_clear; actions=[CONV(value=""WIND_TEMPLE_CLEAR"") -> ALLY(value=106) -> FLAG(key=""windVillageCleared"") -> STEP(value=4) -> SUB(value=0) -> LOG(value=""風のプリズムに聖なる風が戻った。西の水上都市へ向かおう。"")]"
"WIND_TEMPLE_CLEAR","風楔のエリシア","でも残念、儀式はこれじゃ止まらない。
風の加護は十分この手に。","","種別=会話; 行=3/11; 参照=wind_temple_clear:actions[0]; event=wind_temple_clear; actions=[CONV(value=""WIND_TEMPLE_CLEAR"") -> ALLY(value=106) -> FLAG(key=""windVillageCleared"") -> STEP(value=4) -> SUB(value=0) -> LOG(value=""風のプリズムに聖なる風が戻った。西の水上都市へ向かおう。"")]"
"WIND_TEMPLE_CLEAR","風楔のエリシア","また会う時を、楽しみにしているわ。
その風が止まなければ、ね。","","種別=会話; 行=4/11; 参照=wind_temple_clear:actions[0]; event=wind_temple_clear; actions=[CONV(value=""WIND_TEMPLE_CLEAR"") -> ALLY(value=106) -> FLAG(key=""windVillageCleared"") -> STEP(value=4) -> SUB(value=0) -> LOG(value=""風のプリズムに聖なる風が戻った。西の水上都市へ向かおう。"")]"
"WIND_TEMPLE_CLEAR","システム","エリシアは黒い風に身を包み、神殿の天井へ溶けるように消えていった。","","種別=会話; 行=5/11; 参照=wind_temple_clear:actions[0]; event=wind_temple_clear; actions=[CONV(value=""WIND_TEMPLE_CLEAR"") -> ALLY(value=106) -> FLAG(key=""windVillageCleared"") -> STEP(value=4) -> SUB(value=0) -> LOG(value=""風のプリズムに聖なる風が戻った。西の水上都市へ向かおう。"")]"
"WIND_TEMPLE_CLEAR","集落の長","おお、[N:106]。それに、旅の方々。わしらを、風のプリズムを救ってくれたこと、感謝いたします。","","種別=会話; 行=6/11; 参照=wind_temple_clear:actions[0]; event=wind_temple_clear; actions=[CONV(value=""WIND_TEMPLE_CLEAR"") -> ALLY(value=106) -> FLAG(key=""windVillageCleared"") -> STEP(value=4) -> SUB(value=0) -> LOG(value=""風のプリズムに聖なる風が戻った。西の水上都市へ向かおう。"")]"
"WIND_TEMPLE_CLEAR","集落の長","虚ろな中、声だけは聞こえておりました。王国四傑がここまで動くなど、ただ事ではありません。","","種別=会話; 行=7/11; 参照=wind_temple_clear:actions[0]; event=wind_temple_clear; actions=[CONV(value=""WIND_TEMPLE_CLEAR"") -> ALLY(value=106) -> FLAG(key=""windVillageCleared"") -> STEP(value=4) -> SUB(value=0) -> LOG(value=""風のプリズムに聖なる風が戻った。西の水上都市へ向かおう。"")]"
"WIND_TEMPLE_CLEAR","集落の長","…今すぐ王国へ問いただしたいが、プリズム崩壊の日、地は割れ、王国への道は途絶えました。","","種別=会話; 行=8/11; 参照=wind_temple_clear:actions[0]; event=wind_temple_clear; actions=[CONV(value=""WIND_TEMPLE_CLEAR"") -> ALLY(value=106) -> FLAG(key=""windVillageCleared"") -> STEP(value=4) -> SUB(value=0) -> LOG(value=""風のプリズムに聖なる風が戻った。西の水上都市へ向かおう。"")]"
"WIND_TEMPLE_CLEAR","集落の長","西の水上都市…水路と港の街なら、王国とまだ交易があるやもしれません。手掛かりはそこに…","","種別=会話; 行=9/11; 参照=wind_temple_clear:actions[0]; event=wind_temple_clear; actions=[CONV(value=""WIND_TEMPLE_CLEAR"") -> ALLY(value=106) -> FLAG(key=""windVillageCleared"") -> STEP(value=4) -> SUB(value=0) -> LOG(value=""風のプリズムに聖なる風が戻った。西の水上都市へ向かおう。"")]"
"WIND_TEMPLE_CLEAR","エリーゼ","待っているだけでは、また誰かが犠牲になる。
私も行きます。この風で、あなた達の背中を支えさせてください！","106","種別=会話; 行=10/11; 参照=wind_temple_clear:actions[0]; event=wind_temple_clear; actions=[CONV(value=""WIND_TEMPLE_CLEAR"") -> ALLY(value=106) -> FLAG(key=""windVillageCleared"") -> STEP(value=4) -> SUB(value=0) -> LOG(value=""風のプリズムに聖なる風が戻った。西の水上都市へ向かおう。"")]"
"WIND_TEMPLE_CLEAR","システム","[N:106]が正式に仲間になった！","","種別=会話; 行=11/11; 参照=wind_temple_clear:actions[0]; event=wind_temple_clear; actions=[CONV(value=""WIND_TEMPLE_CLEAR"") -> ALLY(value=106) -> FLAG(key=""windVillageCleared"") -> STEP(value=4) -> SUB(value=0) -> LOG(value=""風のプリズムに聖なる風が戻った。西の水上都市へ向かおう。"")]"
"WIND_VILLAGE_AFTER_CLEAR","集落の長","おお、[N:301]様。
おかげで今日も、澄んだ風が吹いています。","","種別=会話; 行=1/3; 参照=wind_village_after_clear:actions[0]; event=wind_village_after_clear; actions=[CONV(value=""WIND_VILLAGE_AFTER_CLEAR"")]"
"WIND_VILLAGE_AFTER_CLEAR","集落の長","森はまだ荒れていますが、少しずつ元の陽だまりも増えているようです。","","種別=会話; 行=2/3; 参照=wind_village_after_clear:actions[0]; event=wind_village_after_clear; actions=[CONV(value=""WIND_VILLAGE_AFTER_CLEAR"")]"
"WIND_VILLAGE_AFTER_CLEAR","集落の長","[N:106]も、無理はせずにな。
…妹も、きっとお前の笑顔を願っているよ。","106","種別=会話; 行=3/3; 参照=wind_village_after_clear:actions[0]; event=wind_village_after_clear; actions=[CONV(value=""WIND_VILLAGE_AFTER_CLEAR"")]"
"TOWN_WIND_VILLAGER_1","見張りの子","父ちゃん、戻ってきたんだ！
でも、まだ森を見ると黙っちゃってさ。","1002","種別=会話; 行=1/2; 参照=town_wind_villager_1:actions[0]; event=town_wind_villager_1; actions=[CONV(value=""TOWN_WIND_VILLAGER_1"")]"
"TOWN_WIND_VILLAGER_1","見張りの子","だから、俺が見張りを続けることにしたんだ！
[N:106]姉ちゃんがいない間も、俺がここは守ってるから、安心してくれよな！！","1002","種別=会話; 行=2/2; 参照=town_wind_villager_1:actions[0]; event=town_wind_villager_1; actions=[CONV(value=""TOWN_WIND_VILLAGER_1"")]"
"TOWN_WIND_VILLAGER_2_AFTER","集落の子","母さん、戻ってきた。
でも、まだ森を見ると黙る。","1003","種別=会話; 行=1/2; 参照=town_wind_villager_2_after:actions[0]; event=town_wind_villager_2_after; actions=[CONV(value=""TOWN_WIND_VILLAGER_2_AFTER"")]"
"TOWN_WIND_VILLAGER_2_AFTER","集落の子","今日は鍋を持たなくていい。
それだけで、ちょっと眠い。","1003","種別=会話; 行=2/2; 参照=town_wind_villager_2_after:actions[0]; event=town_wind_villager_2_after; actions=[CONV(value=""TOWN_WIND_VILLAGER_2_AFTER"")]"
"QUEST_KARIN_START","カリン","貴公は、この里を救ってくれた英雄か？
礼が遅れてすまない。感謝する。","210","種別=会話; 行=1/4; 参照=quest_karin_start:actions[0]; event=quest_karin_start; actions=[CONV(value=""QUEST_KARIN_START"")]"
"QUEST_KARIN_START","カリン","護衛任務をしている時に、愛する里にあんな問題が起きていたとは…一生の不覚だ…","210","種別=会話; 行=2/4; 参照=quest_karin_start:actions[0]; event=quest_karin_start; actions=[CONV(value=""QUEST_KARIN_START"")]"
"QUEST_KARIN_START","カリン","…一つ、お願いさせてもらえないだろうか。
火のプリズムのさらに奥から、化け物の声が響いてくるようなのだ。","210","種別=会話; 行=3/4; 参照=quest_karin_start:actions[0]; event=quest_karin_start; actions=[CONV(value=""QUEST_KARIN_START"")]"
"QUEST_KARIN_START","カリン","里に降りてきたら、多くの人が犠牲になる。
私と共に、討伐してほしい。","210","種別=会話; 行=4/4; 参照=quest_karin_start:actions[0]; event=quest_karin_start; actions=[CONV(value=""QUEST_KARIN_START"")]"
"QUEST_KARIN_VOLCANO_ENCOUNTER","カリン","炉の奥に、何かいる。
灰がこちらへ流れてくる。","","種別=会話; 行=1/2; 参照=quest_karin_volcano_encounter:actions[0]; event=quest_karin_volcano_encounter; actions=[CONV(value=""QUEST_KARIN_VOLCANO_ENCOUNTER"") -> BOSS(value=302201,winEventId=""quest_karin_volcano_clear"")]"
"QUEST_KARIN_VOLCANO_ENCOUNTER","カリン","無理に踏み込まないで。
あの角がこちらを向いたら、私が合わせる。","","種別=会話; 行=2/2; 参照=quest_karin_volcano_encounter:actions[0]; event=quest_karin_volcano_encounter; actions=[CONV(value=""QUEST_KARIN_VOLCANO_ENCOUNTER"") -> BOSS(value=302201,winEventId=""quest_karin_volcano_clear"")]"
"QUEST_KARIN_CLEAR","カリン","斬らずに止める。
その誓いを、甘さと笑われた。","","種別=会話; 行=1/3; 参照=quest_karin_volcano_clear:actions[0]; event=quest_karin_volcano_clear; actions=[CONV(value=""QUEST_KARIN_CLEAR"") -> QUEST_COMPLETE(value=""karin_volcano_depths"")]"
"QUEST_KARIN_CLEAR","カリン","だが君は、守るために
刃を抜く者の目をしている。","","種別=会話; 行=2/3; 参照=quest_karin_volcano_clear:actions[0]; event=quest_karin_volcano_clear; actions=[CONV(value=""QUEST_KARIN_CLEAR"") -> QUEST_COMPLETE(value=""karin_volcano_depths"")]"
"QUEST_KARIN_CLEAR","カリン","この剣を預けよう。
次は、君の隣で道を守る。","","種別=会話; 行=3/3; 参照=quest_karin_volcano_clear:actions[0]; event=quest_karin_volcano_clear; actions=[CONV(value=""QUEST_KARIN_CLEAR"") -> QUEST_COMPLETE(value=""karin_volcano_depths"")]"
"WATER_CITY_BEFORE_STORY","魚売り","魚はあるよ。あるけど、腹を見せたまま浮いてたやつだ。
客には出せない。金を取ったら、俺の負けだ。","","種別=会話; 行=1/3; 参照=water_city_before_story:actions[0]; event=water_city_before_story; actions=[CONV(value=""WATER_CITY_BEFORE_STORY"")]"
"WATER_CITY_BEFORE_STORY","町人","昔は橋に歌が流れていた。
今は兵士の靴音ばかりだ。歌うと、こっちを見る。","","種別=会話; 行=2/3; 参照=water_city_before_story:actions[0]; event=water_city_before_story; actions=[CONV(value=""WATER_CITY_BEFORE_STORY"")]"
"WATER_CITY_BEFORE_STORY","魚売り","水底で何が起きてるかなんて知らない。
ただ、朝の水が黒い日は、子どもを外に出さない。","","種別=会話; 行=3/3; 参照=water_city_before_story:actions[0]; event=water_city_before_story; actions=[CONV(value=""WATER_CITY_BEFORE_STORY"")]"
"TOWN_WATER_VILLAGER_1_BEFORE","老人","兵士が魚を買ってくれた。
でも、代金は紙だった。","1003","種別=会話; 行=1/2; 参照=town_water_villager_1_before:actions[0]; event=town_water_villager_1_before; actions=[CONV(value=""TOWN_WATER_VILLAGER_1_BEFORE"")]"
"TOWN_WATER_VILLAGER_1_BEFORE","老人","母ちゃんは笑って受け取った。
あとで、紙を丸めてた。","1003","種別=会話; 行=2/2; 参照=town_water_villager_1_before:actions[0]; event=town_water_villager_1_before; actions=[CONV(value=""TOWN_WATER_VILLAGER_1_BEFORE"")]"
"WATER_CITY_BLOCKADE_GUARD","ダークソルジャー","この橋は封鎖した。
荷車も巡礼者も通さん。","","種別=会話; 行=1/2; 参照=water_city_blockade_guard:actions[0]; event=water_city_blockade_guard; actions=[CONV(value=""WATER_CITY_BLOCKADE_GUARD"")]"
"WATER_CITY_BLOCKADE_GUARD","ダークソルジャー","水底の命令が解かれるまで、
ここから先は王国軍の区画だ。","","種別=会話; 行=2/2; 参照=water_city_blockade_guard:actions[0]; event=water_city_blockade_guard; actions=[CONV(value=""WATER_CITY_BLOCKADE_GUARD"")]"
"WATER_CITY_INTRO","システム","水路は濁り、橋に歌はない。
黒鎧の兵士だけが街を歩いていた。","","種別=会話; 行=1/4; 参照=water_city_intro:actions[0]; event=water_city_intro; actions=[CONV(value=""WATER_CITY_INTRO"") -> BOSS(value=[301021,301021],winEventId=""water_city_sophia"")]"
"WATER_CITY_INTRO","ダークソルジャー","抵抗するな。
王国軍への協力は、市民の義務だ。荷も部屋も差し出せ。","","種別=会話; 行=2/4; 参照=water_city_intro:actions[0]; event=water_city_intro; actions=[CONV(value=""WATER_CITY_INTRO"") -> BOSS(value=[301021,301021],winEventId=""water_city_sophia"")]"
"WATER_CITY_INTRO","少女","やめて、宿の人たちは何もしていません！","","種別=会話; 行=3/4; 参照=water_city_intro:actions[0]; event=water_city_intro; actions=[CONV(value=""WATER_CITY_INTRO"") -> BOSS(value=[301021,301021],winEventId=""water_city_sophia"")]"
"WATER_CITY_INTRO","主人公","その手を離せ。","301","種別=会話; 行=4/4; 参照=water_city_intro:actions[0]; event=water_city_intro; actions=[CONV(value=""WATER_CITY_INTRO"") -> BOSS(value=[301021,301021],winEventId=""water_city_sophia"")]"
"WATER_CITY_SOPHIA","少女","助けてくれてありがとうございます！
うちの宿へついてきてもらえますか？
あそこなら兵士の目が届きません。","","種別=会話; 行=1/13; 参照=water_city_sophia:actions[1]; event=water_city_sophia; actions=[FLAG(key=""waterCityIntroCleared"",refreshField=true) -> CONV(value=""WATER_CITY_SOPHIA"") -> ALLY(value=104) -> FLAG(key=""kateJoinedAtWaterCity"") -> STEP(value=4) -> SUB(value=1) -> FLAG(key=""crenaRouteKnown"") -> LOG(value=""クレナ鍾乳洞で青の結晶を探そう。"")]"
"WATER_CITY_SOPHIA","演出","","","種別=会話内演出; 行=2/13; 行内コード={type:""FIELD_CUTSCENE"",commands:[{op:""MOVE_PLAYER"",x:13,y:10,blackout:true,holdMs:140,fadeInMs:220,fadeOutMs:220}]}; 参照=water_city_sophia:actions[1]; event=water_city_sophia; actions=[FLAG(key=""waterCityIntroCleared"",refreshField=true) -> CONV(value=""WATER_CITY_SOPHIA"") -> ALLY(value=104) -> FLAG(key=""kateJoinedAtWaterCity"") -> STEP(value=4) -> SUB(value=1) -> FLAG(key=""crenaRouteKnown"") -> LOG(value=""クレナ鍾乳洞で青の結晶を探そう。"")]"
"WATER_CITY_SOPHIA","ソフィア","いい腕だね。私は[N:202]。この宿屋のおかみさんとは遠い親戚なんだ。感謝するよ。","202","種別=会話; 行=3/13; 参照=water_city_sophia:actions[1]; event=water_city_sophia; actions=[FLAG(key=""waterCityIntroCleared"",refreshField=true) -> CONV(value=""WATER_CITY_SOPHIA"") -> ALLY(value=104) -> FLAG(key=""kateJoinedAtWaterCity"") -> STEP(value=4) -> SUB(value=1) -> FLAG(key=""crenaRouteKnown"") -> LOG(value=""クレナ鍾乳洞で青の結晶を探そう。"")]"
"WATER_CITY_SOPHIA","ソフィア","あんた達が言う火と風の話が本当なら、次に狙われるのは海底神殿にある水のプリズムだ。","202","種別=会話; 行=4/13; 参照=water_city_sophia:actions[1]; event=water_city_sophia; actions=[FLAG(key=""waterCityIntroCleared"",refreshField=true) -> CONV(value=""WATER_CITY_SOPHIA"") -> ALLY(value=104) -> FLAG(key=""kateJoinedAtWaterCity"") -> STEP(value=4) -> SUB(value=1) -> FLAG(key=""crenaRouteKnown"") -> LOG(value=""クレナ鍾乳洞で青の結晶を探そう。"")]"
"WATER_CITY_SOPHIA","ソフィア","巻き込んですまないが、水のプリズムを守ってくれないだろうか。今、この街で動けるのはあんたたちだけなんだ。","202","種別=会話; 行=5/13; 参照=water_city_sophia:actions[1]; event=water_city_sophia; actions=[FLAG(key=""waterCityIntroCleared"",refreshField=true) -> CONV(value=""WATER_CITY_SOPHIA"") -> ALLY(value=104) -> FLAG(key=""kateJoinedAtWaterCity"") -> STEP(value=4) -> SUB(value=1) -> FLAG(key=""crenaRouteKnown"") -> LOG(value=""クレナ鍾乳洞で青の結晶を探そう。"")]"
"WATER_CITY_SOPHIA","ソフィア","私が動くと、この町の人たちに迷惑かけちまう。
代わりに弟子を、案内役として連れて行ってくれ。","202","種別=会話; 行=6/13; 参照=water_city_sophia:actions[1]; event=water_city_sophia; actions=[FLAG(key=""waterCityIntroCleared"",refreshField=true) -> CONV(value=""WATER_CITY_SOPHIA"") -> ALLY(value=104) -> FLAG(key=""kateJoinedAtWaterCity"") -> STEP(value=4) -> SUB(value=1) -> FLAG(key=""crenaRouteKnown"") -> LOG(value=""クレナ鍾乳洞で青の結晶を探そう。"")]"
"WATER_CITY_SOPHIA","ケイト","あ、あの……。
よろしくお願いします。","104","種別=会話; 行=7/13; 参照=water_city_sophia:actions[1]; event=water_city_sophia; actions=[FLAG(key=""waterCityIntroCleared"",refreshField=true) -> CONV(value=""WATER_CITY_SOPHIA"") -> ALLY(value=104) -> FLAG(key=""kateJoinedAtWaterCity"") -> STEP(value=4) -> SUB(value=1) -> FLAG(key=""crenaRouteKnown"") -> LOG(value=""クレナ鍾乳洞で青の結晶を探そう。"")]"
"WATER_CITY_SOPHIA","ソフィア","実戦経験はないが、頭はキレるやつだ。
すまないが、よろしく頼む。","202","種別=会話; 行=8/13; 参照=water_city_sophia:actions[1]; event=water_city_sophia; actions=[FLAG(key=""waterCityIntroCleared"",refreshField=true) -> CONV(value=""WATER_CITY_SOPHIA"") -> ALLY(value=104) -> FLAG(key=""kateJoinedAtWaterCity"") -> STEP(value=4) -> SUB(value=1) -> FLAG(key=""crenaRouteKnown"") -> LOG(value=""クレナ鍾乳洞で青の結晶を探そう。"")]"
"WATER_CITY_SOPHIA","システム","[N:104]が同行することになった！","","種別=会話; 行=9/13; 参照=water_city_sophia:actions[1]; event=water_city_sophia; actions=[FLAG(key=""waterCityIntroCleared"",refreshField=true) -> CONV(value=""WATER_CITY_SOPHIA"") -> ALLY(value=104) -> FLAG(key=""kateJoinedAtWaterCity"") -> STEP(value=4) -> SUB(value=1) -> FLAG(key=""crenaRouteKnown"") -> LOG(value=""クレナ鍾乳洞で青の結晶を探そう。"")]"
"WATER_CITY_SOPHIA","ソフィア","神殿の入口は水の結界でふさがれている。
力任せじゃ溺れて海の藻屑さ。","202","種別=会話; 行=10/13; 参照=water_city_sophia:actions[1]; event=water_city_sophia; actions=[FLAG(key=""waterCityIntroCleared"",refreshField=true) -> CONV(value=""WATER_CITY_SOPHIA"") -> ALLY(value=104) -> FLAG(key=""kateJoinedAtWaterCity"") -> STEP(value=4) -> SUB(value=1) -> FLAG(key=""crenaRouteKnown"") -> LOG(value=""クレナ鍾乳洞で青の結晶を探そう。"")]"
"WATER_CITY_SOPHIA","ソフィア","北東のクレナ鍾乳洞に眠る、青い結晶を持ってきてくれないか。あれなら、私がここから神殿への道を開ける。","202","種別=会話; 行=11/13; 参照=water_city_sophia:actions[1]; event=water_city_sophia; actions=[FLAG(key=""waterCityIntroCleared"",refreshField=true) -> CONV(value=""WATER_CITY_SOPHIA"") -> ALLY(value=104) -> FLAG(key=""kateJoinedAtWaterCity"") -> STEP(value=4) -> SUB(value=1) -> FLAG(key=""crenaRouteKnown"") -> LOG(value=""クレナ鍾乳洞で青の結晶を探そう。"")]"
"WATER_CITY_SOPHIA","シャオ","兵士より先に結晶を取らないと。
これ以上あの連中の好きにさせたくない。","105","種別=会話; 行=12/13; 参照=water_city_sophia:actions[1]; event=water_city_sophia; actions=[FLAG(key=""waterCityIntroCleared"",refreshField=true) -> CONV(value=""WATER_CITY_SOPHIA"") -> ALLY(value=104) -> FLAG(key=""kateJoinedAtWaterCity"") -> STEP(value=4) -> SUB(value=1) -> FLAG(key=""crenaRouteKnown"") -> LOG(value=""クレナ鍾乳洞で青の結晶を探そう。"")]"
"WATER_CITY_SOPHIA","ソフィア","すまないね。よろしく頼んだよ。","202","種別=会話; 行=13/13; 参照=water_city_sophia:actions[1]; event=water_city_sophia; actions=[FLAG(key=""waterCityIntroCleared"",refreshField=true) -> CONV(value=""WATER_CITY_SOPHIA"") -> ALLY(value=104) -> FLAG(key=""kateJoinedAtWaterCity"") -> STEP(value=4) -> SUB(value=1) -> FLAG(key=""crenaRouteKnown"") -> LOG(value=""クレナ鍾乳洞で青の結晶を探そう。"")]"
"WATER_CITY_CAVE_REMINDER","ソフィア","クレナ鍾乳洞は街の北東。
青い鉱脈が夜でも道を照らす。","202","種別=会話; 行=1/2; 参照=water_city_cave_reminder:actions[0]; event=water_city_cave_reminder; actions=[CONV(value=""WATER_CITY_CAVE_REMINDER"")]"
"WATER_CITY_CAVE_REMINDER","ケイト","先に向かった兵士もいるそうです。
入口から気を抜けませんね。","104","種別=会話; 行=2/2; 参照=water_city_cave_reminder:actions[0]; event=water_city_cave_reminder; actions=[CONV(value=""WATER_CITY_CAVE_REMINDER"")]"
"CRENA_CAVE_ENTRY","システム","洞口の岩陰に、
王国兵が何人も倒れていた。","","種別=会話; 行=1/3; 参照=crena_cave_entry:actions[0]; event=crena_cave_entry; actions=[CONV(value=""CRENA_CAVE_ENTRY"") -> FLAG(key=""crenaCaveEntered"") -> START_FIXED_DUNGEON(value=""CRENA_LIMESTONE_CAVE"")]"
"CRENA_CAVE_ENTRY","ケイト","息がありません……。
鎧に、大きな爪痕が残っています。","104","種別=会話; 行=2/3; 参照=crena_cave_entry:actions[0]; event=crena_cave_entry; actions=[CONV(value=""CRENA_CAVE_ENTRY"") -> FLAG(key=""crenaCaveEntered"") -> START_FIXED_DUNGEON(value=""CRENA_LIMESTONE_CAVE"")]"
"CRENA_CAVE_ENTRY","シャオ","魔物の匂いに闇が混じってる。
偶然ここへ来た魔物じゃない。","105","種別=会話; 行=3/3; 参照=crena_cave_entry:actions[0]; event=crena_cave_entry; actions=[CONV(value=""CRENA_CAVE_ENTRY"") -> FLAG(key=""crenaCaveEntered"") -> START_FIXED_DUNGEON(value=""CRENA_LIMESTONE_CAVE"")]"
"CRENA_BLUE_CRYSTAL_CLEAR","システム","魔物の影が砕け、
青の結晶が静かな光を取り戻した。","","種別=会話; 行=1/3; 参照=quest_water_blue_crystal_clear:actions[0]; event=quest_water_blue_crystal_clear; actions=[CONV(value=""CRENA_BLUE_CRYSTAL_CLEAR"") -> FLAG(key=""blueCrystalObtained"") -> ITEM(id=302,count=1) -> SUB(value=2) -> LOG(value=""青の結晶を得た。水上都市のソフィアへ届けよう。"")]"
"CRENA_BLUE_CRYSTAL_CLEAR","シャオ","やっぱり魔王軍の闇です。
結晶を奪うため、魔物を放ったんだ。","105","種別=会話; 行=2/3; 参照=quest_water_blue_crystal_clear:actions[0]; event=quest_water_blue_crystal_clear; actions=[CONV(value=""CRENA_BLUE_CRYSTAL_CLEAR"") -> FLAG(key=""blueCrystalObtained"") -> ITEM(id=302,count=1) -> SUB(value=2) -> LOG(value=""青の結晶を得た。水上都市のソフィアへ届けよう。"")]"
"CRENA_BLUE_CRYSTAL_CLEAR","ケイト","結晶は無事です。
ソフィアさんへ届けましょう。","104","種別=会話; 行=3/3; 参照=quest_water_blue_crystal_clear:actions[0]; event=quest_water_blue_crystal_clear; actions=[CONV(value=""CRENA_BLUE_CRYSTAL_CLEAR"") -> FLAG(key=""blueCrystalObtained"") -> ITEM(id=302,count=1) -> SUB(value=2) -> LOG(value=""青の結晶を得た。水上都市のソフィアへ届けよう。"")]"
"WATER_CITY_BLUE_CRYSTAL_REPORT","ソフィア","よく持ち帰った。
傷ひとつない、見事な青だ。","202","種別=会話; 行=1/3; 参照=water_city_blue_crystal_report:actions[0]; event=water_city_blue_crystal_report; actions=[CONV(value=""WATER_CITY_BLUE_CRYSTAL_REPORT"") -> FLAG(key=""seabedTempleRouteOpened"") -> SUB(value=3) -> LOG(value=""青の結晶が水の道を開いた。海底神殿へ向かおう。"")]"
"WATER_CITY_BLUE_CRYSTAL_REPORT","ソフィア","これを水門へ掲げれば、
海が君たちを神殿まで運んでくれる。","202","種別=会話; 行=2/3; 参照=water_city_blue_crystal_report:actions[0]; event=water_city_blue_crystal_report; actions=[CONV(value=""WATER_CITY_BLUE_CRYSTAL_REPORT"") -> FLAG(key=""seabedTempleRouteOpened"") -> SUB(value=3) -> LOG(value=""青の結晶が水の道を開いた。海底神殿へ向かおう。"")]"
"WATER_CITY_BLUE_CRYSTAL_REPORT","ケイト","今度こそ、水のプリズムへ。
街の水を取り戻しましょう。","104","種別=会話; 行=3/3; 参照=water_city_blue_crystal_report:actions[0]; event=water_city_blue_crystal_report; actions=[CONV(value=""WATER_CITY_BLUE_CRYSTAL_REPORT"") -> FLAG(key=""seabedTempleRouteOpened"") -> SUB(value=3) -> LOG(value=""青の結晶が水の道を開いた。海底神殿へ向かおう。"")]"
"WATER_CITY_SOPHIA_AFTER_MEETING","ソフィア","青の結晶が水路を開いた。
海底神殿は、この街の北だ。","202","種別=会話; 行=1/2; 参照=water_city_sophia_after_meeting:actions[0]; event=water_city_sophia_after_meeting; actions=[CONV(value=""WATER_CITY_SOPHIA_AFTER_MEETING"")]"
"WATER_CITY_SOPHIA_AFTER_MEETING","ケイト","私も行きます。
怖くても、見ているだけには戻りません。","104","種別=会話; 行=2/2; 参照=water_city_sophia_after_meeting:actions[0]; event=water_city_sophia_after_meeting; actions=[CONV(value=""WATER_CITY_SOPHIA_AFTER_MEETING"")]"
"LOCKED_SEABED_TEMPLE","システム","海の底に沈む神殿が見える。だが、水流は荒く、入口らしき場所も兵の影に塞がれている。","","種別=会話; 行=1/2; 参照=locked_seabed_temple:actions[0]; event=locked_seabed_temple; actions=[CONV(value=""LOCKED_SEABED_TEMPLE"")]"
"LOCKED_SEABED_TEMPLE","ケイト","この流れでは入れません。
水上都市なら、古い水路を知っている人がいるはずです。","104","種別=会話; 行=2/2; 参照=locked_seabed_temple:actions[0]; event=locked_seabed_temple; actions=[CONV(value=""LOCKED_SEABED_TEMPLE"")]"
"SEABED_TEMPLE_GATE_ENCOUNTER","システム","沈水回廊の水門前。青く錆びた扉を背に、黒鎧の兵士たちが進路を塞いでいる。","","種別=会話; 行=1/3; 参照=sea_temple_gate_encounter:actions[0]; event=sea_temple_gate_encounter; actions=[CONV(value=""SEABED_TEMPLE_GATE_ENCOUNTER"") -> BOSS(value=[301021,301022,301021],keyRewardColors=[""red"",""blue""],winEventId=""sea_temple_gate_clear"")]"
"SEABED_TEMPLE_GATE_ENCOUNTER","ダークナイト","ここから先は祈祷の間へ続く。民間人はもちろん、王国の命なき兵すら通さぬ。","","種別=会話; 行=2/3; 参照=sea_temple_gate_encounter:actions[0]; event=sea_temple_gate_encounter; actions=[CONV(value=""SEABED_TEMPLE_GATE_ENCOUNTER"") -> BOSS(value=[301021,301022,301021],keyRewardColors=[""red"",""blue""],winEventId=""sea_temple_gate_clear"")]"
"SEABED_TEMPLE_GATE_ENCOUNTER","ケイト","あの騎士がこの神殿の鍵を持っているかもしれません。倒すしかない、です…！","104","種別=会話; 行=3/3; 参照=sea_temple_gate_encounter:actions[0]; event=sea_temple_gate_encounter; actions=[CONV(value=""SEABED_TEMPLE_GATE_ENCOUNTER"") -> BOSS(value=[301021,301022,301021],keyRewardColors=[""red"",""blue""],winEventId=""sea_temple_gate_clear"")]"
"SEABED_TEMPLE_GATE_CLEAR","ダークナイト","ぐっ……シーリス様、お許しを…","","種別=会話; 行=1/3; 参照=sea_temple_gate_clear:actions[0]; event=sea_temple_gate_clear; actions=[CONV(value=""SEABED_TEMPLE_GATE_CLEAR"") -> FLAG(key=""seabedTempleGateCleared"") -> LOG(value=""鍵束を入手した。海底神殿の水門へ進もう。"")]"
"SEABED_TEMPLE_GATE_CLEAR","システム","鍵束を手に入れた！","","種別=会話; 行=2/3; 参照=sea_temple_gate_clear:actions[0]; event=sea_temple_gate_clear; actions=[CONV(value=""SEABED_TEMPLE_GATE_CLEAR"") -> FLAG(key=""seabedTempleGateCleared"") -> LOG(value=""鍵束を入手した。海底神殿の水門へ進もう。"")]"
"SEABED_TEMPLE_GATE_CLEAR","ケイト","鍵の色が同じ扉なら開くようです…！神殿内には兵士がたくさん…慎重に進みましょう。","104","種別=会話; 行=3/3; 参照=sea_temple_gate_clear:actions[0]; event=sea_temple_gate_clear; actions=[CONV(value=""SEABED_TEMPLE_GATE_CLEAR"") -> FLAG(key=""seabedTempleGateCleared"") -> LOG(value=""鍵束を入手した。海底神殿の水門へ進もう。"")]"
"SEABED_SYRIS_ENCOUNTER","システム","祈祷の間は凍てつき、侵入者を拒んでいるようだ。","","種別=会話; 行=1/6; 参照=water_temple_syris_encounter:actions[0]; event=water_temple_syris_encounter; actions=[CONV(value=""SEABED_SYRIS_ENCOUNTER"") -> BOSS(value=[301022,301030,301022],ambush=true,winEventId=""water_temple_clear"")]"
"SEABED_SYRIS_ENCOUNTER","システム","水のプリズムの光は薄れ、床一面に霜が広がっている。","","種別=会話; 行=2/6; 参照=water_temple_syris_encounter:actions[0]; event=water_temple_syris_encounter; actions=[CONV(value=""SEABED_SYRIS_ENCOUNTER"") -> BOSS(value=[301022,301030,301022],ambush=true,winEventId=""water_temple_clear"")]"
"SEABED_SYRIS_ENCOUNTER","氷楔のシーリス","ずいぶん遅かったのね。奇跡と呼ばれた水の力は、既に凍てつく刃として王国へ捧げられた。","","種別=会話; 行=3/6; 参照=water_temple_syris_encounter:actions[0]; event=water_temple_syris_encounter; actions=[CONV(value=""SEABED_SYRIS_ENCOUNTER"") -> BOSS(value=[301022,301030,301022],ambush=true,winEventId=""water_temple_clear"")]"
"SEABED_SYRIS_ENCOUNTER","ケイト","息が……凍る……。でも、ここで退くわけにはいきません…！！","104","種別=会話; 行=4/6; 参照=water_temple_syris_encounter:actions[0]; event=water_temple_syris_encounter; actions=[CONV(value=""SEABED_SYRIS_ENCOUNTER"") -> BOSS(value=[301022,301030,301022],ambush=true,winEventId=""water_temple_clear"")]"
"SEABED_SYRIS_ENCOUNTER","氷楔のシーリス","ならば眠りなさい。この水底で、永遠に。","","種別=会話; 行=5/6; 参照=water_temple_syris_encounter:actions[0]; event=water_temple_syris_encounter; actions=[CONV(value=""SEABED_SYRIS_ENCOUNTER"") -> BOSS(value=[301022,301030,301022],ambush=true,winEventId=""water_temple_clear"")]"
"SEABED_SYRIS_ENCOUNTER","システム","シーリスから巨大な冷気が迸り、[N:301]達の体を突き刺した…！！","","種別=会話; 行=6/6; 参照=water_temple_syris_encounter:actions[0]; event=water_temple_syris_encounter; actions=[CONV(value=""SEABED_SYRIS_ENCOUNTER"") -> BOSS(value=[301022,301030,301022],ambush=true,winEventId=""water_temple_clear"")]"
"SEABED_TEMPLE_CLEAR","システム","凍りついた祈祷の間に水音が戻り、プリズムから青い光が広がっていく…！","","種別=会話; 行=1/10; 参照=water_temple_clear:actions[0]; event=water_temple_clear; actions=[CONV(value=""SEABED_TEMPLE_CLEAR"") -> ALLY(value=104) -> ITEM(id=108,count=1) -> UNLOCK(value=""boat"") -> FLAG(key=""hasShip"") -> FLAG(key=""waterCityCleared"") -> STEP(value=5) -> SUB(value=0) -> LOG(value=""魔法の小舟を手に入れた。雷の要塞へ向かおう。"")]"
"SEABED_TEMPLE_CLEAR","氷楔のシーリス","ここまで届く…か…でも、儀式はまだ終わらない。全てはこの国のため…","","種別=会話; 行=2/10; 参照=water_temple_clear:actions[0]; event=water_temple_clear; actions=[CONV(value=""SEABED_TEMPLE_CLEAR"") -> ALLY(value=104) -> ITEM(id=108,count=1) -> UNLOCK(value=""boat"") -> FLAG(key=""hasShip"") -> FLAG(key=""waterCityCleared"") -> STEP(value=5) -> SUB(value=0) -> LOG(value=""魔法の小舟を手に入れた。雷の要塞へ向かおう。"")]"
"SEABED_TEMPLE_CLEAR","システム","シーリスは砕ける氷の向こう、闇の中へ消えていった。","","種別=会話; 行=3/10; 参照=water_temple_clear:actions[0]; event=water_temple_clear; actions=[CONV(value=""SEABED_TEMPLE_CLEAR"") -> ALLY(value=104) -> ITEM(id=108,count=1) -> UNLOCK(value=""boat"") -> FLAG(key=""hasShip"") -> FLAG(key=""waterCityCleared"") -> STEP(value=5) -> SUB(value=0) -> LOG(value=""魔法の小舟を手に入れた。雷の要塞へ向かおう。"")]"
"SEABED_TEMPLE_CLEAR","都市の長","兵士たちも撤退していった。街の水も戻り、これでまた海運も再開できる。","","種別=会話; 行=4/10; 参照=water_temple_clear:actions[0]; event=water_temple_clear; actions=[CONV(value=""SEABED_TEMPLE_CLEAR"") -> ALLY(value=104) -> ITEM(id=108,count=1) -> UNLOCK(value=""boat"") -> FLAG(key=""hasShip"") -> FLAG(key=""waterCityCleared"") -> STEP(value=5) -> SUB(value=0) -> LOG(value=""魔法の小舟を手に入れた。雷の要塞へ向かおう。"")]"
"SEABED_TEMPLE_CLEAR","都市の長","君たちには感謝してもしきれない。王国を目指すのであれば、この船を託そう。","","種別=会話; 行=5/10; 参照=water_temple_clear:actions[0]; event=water_temple_clear; actions=[CONV(value=""SEABED_TEMPLE_CLEAR"") -> ALLY(value=104) -> ITEM(id=108,count=1) -> UNLOCK(value=""boat"") -> FLAG(key=""hasShip"") -> FLAG(key=""waterCityCleared"") -> STEP(value=5) -> SUB(value=0) -> LOG(value=""魔法の小舟を手に入れた。雷の要塞へ向かおう。"")]"
"SEABED_TEMPLE_CLEAR","ソフィア","[N:104]、いい顔になったね。
もう私の後ろへ隠れる目じゃない。","202","種別=会話; 行=6/10; 参照=water_temple_clear:actions[0]; event=water_temple_clear; actions=[CONV(value=""SEABED_TEMPLE_CLEAR"") -> ALLY(value=104) -> ITEM(id=108,count=1) -> UNLOCK(value=""boat"") -> FLAG(key=""hasShip"") -> FLAG(key=""waterCityCleared"") -> STEP(value=5) -> SUB(value=0) -> LOG(value=""魔法の小舟を手に入れた。雷の要塞へ向かおう。"")]"
"SEABED_TEMPLE_CLEAR","ソフィア","[N:301]、この子を連れていって。
旅の中でしか学べないことがある。","202","種別=会話; 行=7/10; 参照=water_temple_clear:actions[0]; event=water_temple_clear; actions=[CONV(value=""SEABED_TEMPLE_CLEAR"") -> ALLY(value=104) -> ITEM(id=108,count=1) -> UNLOCK(value=""boat"") -> FLAG(key=""hasShip"") -> FLAG(key=""waterCityCleared"") -> STEP(value=5) -> SUB(value=0) -> LOG(value=""魔法の小舟を手に入れた。雷の要塞へ向かおう。"")]"
"SEABED_TEMPLE_CLEAR","ケイト","もっと役に立てるようになります。
正式に、同行させてください。","104","種別=会話; 行=8/10; 参照=water_temple_clear:actions[0]; event=water_temple_clear; actions=[CONV(value=""SEABED_TEMPLE_CLEAR"") -> ALLY(value=104) -> ITEM(id=108,count=1) -> UNLOCK(value=""boat"") -> FLAG(key=""hasShip"") -> FLAG(key=""waterCityCleared"") -> STEP(value=5) -> SUB(value=0) -> LOG(value=""魔法の小舟を手に入れた。雷の要塞へ向かおう。"")]"
"SEABED_TEMPLE_CLEAR","システム","[N:104]が正式に仲間に加わった！","","種別=会話; 行=9/10; 参照=water_temple_clear:actions[0]; event=water_temple_clear; actions=[CONV(value=""SEABED_TEMPLE_CLEAR"") -> ALLY(value=104) -> ITEM(id=108,count=1) -> UNLOCK(value=""boat"") -> FLAG(key=""hasShip"") -> FLAG(key=""waterCityCleared"") -> STEP(value=5) -> SUB(value=0) -> LOG(value=""魔法の小舟を手に入れた。雷の要塞へ向かおう。"")]"
"SEABED_TEMPLE_CLEAR","システム","魔法の小舟を手に入れた。川を進み、雷の要塞へ向かえる。","","種別=会話; 行=10/10; 参照=water_temple_clear:actions[0]; event=water_temple_clear; actions=[CONV(value=""SEABED_TEMPLE_CLEAR"") -> ALLY(value=104) -> ITEM(id=108,count=1) -> UNLOCK(value=""boat"") -> FLAG(key=""hasShip"") -> FLAG(key=""waterCityCleared"") -> STEP(value=5) -> SUB(value=0) -> LOG(value=""魔法の小舟を手に入れた。雷の要塞へ向かおう。"")]"
"WATER_CITY_AFTER_CLEAR","都市の長","水路に光が戻った。兵士たちも潮が引くように消え、ようやくこの街は息をつける。","","種別=会話; 行=1/2; 参照=water_city_after_clear:actions[0]; event=water_city_after_clear; actions=[CONV(value=""WATER_CITY_AFTER_CLEAR"")]"
"WATER_CITY_AFTER_CLEAR","ソフィア","船は君たちに預ける。
川の先、雷の要塞が次の関門だ。","202","種別=会話; 行=2/2; 参照=water_city_after_clear:actions[0]; event=water_city_after_clear; actions=[CONV(value=""WATER_CITY_AFTER_CLEAR"")]"
"TOWN_WATER_VILLAGER_1","老人","水差しは使うなよ。
底に、黒い砂がたまる。","1003","種別=会話; 行=1/4; 参照=town_water_villager_1:actions[0]; event=town_water_villager_1; actions=[CONV(value=""TOWN_WATER_VILLAGER_1"")]"
"TOWN_WATER_VILLAGER_1","老人","客は減った。
でも洗濯物だけ増える。嫌になるね。","1003","種別=会話; 行=2/4; 参照=town_water_villager_1:actions[0]; event=town_water_villager_1; actions=[CONV(value=""TOWN_WATER_VILLAGER_1"")]"
"TOWN_WATER_VILLAGER_1","老人","濁った水で洗うと、白い布ほど汚れる。
人も同じかね。","1003","種別=会話; 行=3/4; 参照=town_water_villager_1:actions[0]; event=town_water_villager_1; actions=[CONV(value=""TOWN_WATER_VILLAGER_1"")]"
"TOWN_WATER_VILLAGER_1","老人","うちの孫は、白い布を隠したよ。
汚れる前にしまえばいいって。……子どもは賢い。","1003","種別=会話; 行=4/4; 参照=town_water_villager_1:actions[0]; event=town_water_villager_1; actions=[CONV(value=""TOWN_WATER_VILLAGER_1"")]"
"TOWN_WATER_VILLAGER_2","船大工","水が澄んだ。まず床を拭いたよ。
きれいな水ほど、汚れを見逃してくれない。","1002","種別=会話; 行=1/3; 参照=town_water_villager_2:actions[0]; event=town_water_villager_2; actions=[CONV(value=""TOWN_WATER_VILLAGER_2"")]"
"TOWN_WATER_VILLAGER_2","船大工","飲む前に床で分かるんだ。
人が生きる水か、ただ流れてるだけの水かってな。","1002","種別=会話; 行=2/3; 参照=town_water_villager_2:actions[0]; event=town_water_villager_2; actions=[CONV(value=""TOWN_WATER_VILLAGER_2"")]"
"TOWN_WATER_VILLAGER_2","船大工","昨日は木が膨れて、釘が逃げた。
今日は釘が素直だ。街も少しは素直になるかね。","1002","種別=会話; 行=3/3; 参照=town_water_villager_2:actions[0]; event=town_water_villager_2; actions=[CONV(value=""TOWN_WATER_VILLAGER_2"")]"
"TOWN_WATER_VILLAGER_2_AFTER","船大工","澄んだ水は厄介だ。
船底の傷まで丸見えになる。","1002","種別=会話; 行=1/2; 参照=town_water_villager_2_after:actions[0]; event=town_water_villager_2_after; actions=[CONV(value=""TOWN_WATER_VILLAGER_2_AFTER"")]"
"TOWN_WATER_VILLAGER_2_AFTER","船大工","だが、直す場所が見えるのはいい。
街も船も同じだな。","1002","種別=会話; 行=2/2; 参照=town_water_villager_2_after:actions[0]; event=town_water_villager_2_after; actions=[CONV(value=""TOWN_WATER_VILLAGER_2_AFTER"")]"
"TOWN_WATER_VILLAGER_3","元兵士","ジョセフ様は、よく怒鳴った。
下がれ。俺の後ろにいろ、って。","1002","種別=会話; 行=1/2; 参照=town_water_villager_3:actions[0]; event=town_water_villager_3; actions=[CONV(value=""TOWN_WATER_VILLAGER_3"")]"
"TOWN_WATER_VILLAGER_3","元兵士","あの背中があったから、
俺たちは前を向けたんだ。","1002","種別=会話; 行=2/2; 参照=town_water_villager_3:actions[0]; event=town_water_villager_3; actions=[CONV(value=""TOWN_WATER_VILLAGER_3"")]"
"TOWN_WATER_VILLAGER_4","渡し守","水は戻ったが、流れが若い。
昔の川筋を忘れてやがる。","1002","種別=会話; 行=1/2; 参照=town_water_villager_4:actions[0]; event=town_water_villager_4; actions=[CONV(value=""TOWN_WATER_VILLAGER_4"")]"
"TOWN_WATER_VILLAGER_4","渡し守","急ぐ客ほど船を揺らす。
あんたは、足を静かに置けるな。","1002","種別=会話; 行=2/2; 参照=town_water_villager_4:actions[0]; event=town_water_villager_4; actions=[CONV(value=""TOWN_WATER_VILLAGER_4"")]"
"TOWN_WATER_VILLAGER_4_AFTER","渡し守","川が昔の道を思い出した。
櫂を入れる音でわかる。","1002","種別=会話; 行=1/2; 参照=town_water_villager_4_after:actions[0]; event=town_water_villager_4_after; actions=[CONV(value=""TOWN_WATER_VILLAGER_4_AFTER"")]"
"TOWN_WATER_VILLAGER_4_AFTER","渡し守","次に戻る時は客で来な。
戦支度の顔は、もう十分だ。","1002","種別=会話; 行=2/2; 参照=town_water_villager_4_after:actions[0]; event=town_water_villager_4_after; actions=[CONV(value=""TOWN_WATER_VILLAGER_4_AFTER"")]"
"QUEST_MARIE_START","マリー","避難してきた子たちが、夜になると眠れないんです。
水音に混じって、外から爪の音がするから。","","種別=会話; 行=1/5; 参照=quest_marie_start:actions[0]; event=quest_marie_start; actions=[CONV(value=""QUEST_MARIE_START"")]"
"QUEST_MARIE_START","マリー","水上都市近海に、アクアウィスプとウィスプナイト。
合わせて五体ほど、船路に居ついています。","","種別=会話; 行=2/5; 参照=quest_marie_start:actions[0]; event=quest_marie_start; actions=[CONV(value=""QUEST_MARIE_START"")]"
"QUEST_MARIE_START","マリー","祈るだけでは、あの子たちの朝を守れません。
お願いです。あの魔物を退けてください。","","種別=会話; 行=3/5; 参照=quest_marie_start:actions[0]; event=quest_marie_start; actions=[CONV(value=""QUEST_MARIE_START"")]"
"QUEST_MARIE_START","主人公","わかった。水上都市近海を見てくる。","301","種別=会話; 行=4/5; 参照=quest_marie_start:actions[0]; event=quest_marie_start; actions=[CONV(value=""QUEST_MARIE_START"")]"
"QUEST_MARIE_START","マリー","ありがとうございます。
私はここで、戻ってくる船の灯りを消さずに待ちます。","","種別=会話; 行=5/5; 参照=quest_marie_start:actions[0]; event=quest_marie_start; actions=[CONV(value=""QUEST_MARIE_START"")]"
"QUEST_MARIE_REPORT","マリー","子どもたちが、久しぶりに
外の風を嗅いで笑いました。","","種別=会話; 行=1/2; 参照=quest_marie_report:actions[0]; event=quest_marie_report; actions=[CONV(value=""QUEST_MARIE_REPORT"")]"
"QUEST_MARIE_REPORT","マリー","次は私が、あなたの道を
照らす番ですね。","","種別=会話; 行=2/2; 参照=quest_marie_report:actions[0]; event=quest_marie_report; actions=[CONV(value=""QUEST_MARIE_REPORT"")]"
"QUEST_ARISA_HAINE_START","風の集落の村人","旅の方、頼む。
禁忌の森へ行ってくれないか。","","種別=会話; 行=1/5; 参照=quest_arisa_haine_start:actions[0]; event=quest_arisa_haine_start; actions=[CONV(value=""QUEST_ARISA_HAINE_START"")]"
"QUEST_ARISA_HAINE_START","風の集落の村人","アリサが森の奥へ入ったきり、戻らない。
ハイネ殿が後を追ったが……あの森は、まだ危ない。","","種別=会話; 行=2/5; 参照=quest_arisa_haine_start:actions[0]; event=quest_arisa_haine_start; actions=[CONV(value=""QUEST_ARISA_HAINE_START"")]"
"QUEST_ARISA_HAINE_START","風の集落の村人","二人だけでは手に負えないかもしれない。
どうか、力を貸してくれ。","","種別=会話; 行=3/5; 参照=quest_arisa_haine_start:actions[0]; event=quest_arisa_haine_start; actions=[CONV(value=""QUEST_ARISA_HAINE_START"")]"
"QUEST_ARISA_HAINE_START","エリーゼ","森の奥から、乱れた風が届いています。
急ぎましょう。","106","種別=会話; 行=4/5; 参照=quest_arisa_haine_start:actions[0]; event=quest_arisa_haine_start; actions=[CONV(value=""QUEST_ARISA_HAINE_START"")]"
"QUEST_ARISA_HAINE_START","システム","[N:301]は静かに頷いた。","","種別=会話; 行=5/5; 参照=quest_arisa_haine_start:actions[0]; event=quest_arisa_haine_start; actions=[CONV(value=""QUEST_ARISA_HAINE_START"")]"
"QUEST_ARISA_HAINE_ENCOUNTER","システム","禁忌の森深部。
折れた枝の向こうで、刀の音が響いた。","","種別=会話; 行=1/6; 参照=quest_arisa_haine_encounter:actions[0]; event=quest_arisa_haine_encounter; actions=[CONV(value=""QUEST_ARISA_HAINE_ENCOUNTER"") -> BOSS(value=[302203,302207],winEventId=""quest_arisa_haine_clear"")]"
"QUEST_ARISA_HAINE_ENCOUNTER","アリサ","くっ……まだ、やれるっての……！
このくらいで倒れるアタシじゃないわよ！","108","種別=会話; 行=2/6; 参照=quest_arisa_haine_encounter:actions[0]; event=quest_arisa_haine_encounter; actions=[CONV(value=""QUEST_ARISA_HAINE_ENCOUNTER"") -> BOSS(value=[302203,302207],winEventId=""quest_arisa_haine_clear"")]"
"QUEST_ARISA_HAINE_ENCOUNTER","ハイネ","アリサ、下がれ。
息を整えろ。","207","種別=会話; 行=3/6; 参照=quest_arisa_haine_encounter:actions[0]; event=quest_arisa_haine_encounter; actions=[CONV(value=""QUEST_ARISA_HAINE_ENCOUNTER"") -> BOSS(value=[302203,302207],winEventId=""quest_arisa_haine_clear"")]"
"QUEST_ARISA_HAINE_ENCOUNTER","システム","ハイネはアリサを背にかばい、迫る魔物へ刃を向ける。","","種別=会話; 行=4/6; 参照=quest_arisa_haine_encounter:actions[0]; event=quest_arisa_haine_encounter; actions=[CONV(value=""QUEST_ARISA_HAINE_ENCOUNTER"") -> BOSS(value=[302203,302207],winEventId=""quest_arisa_haine_clear"")]"
"QUEST_ARISA_HAINE_ENCOUNTER","ハイネ","旅の者か。助太刀、願えるか。
このままでは、アリサを守り切れぬ。","207","種別=会話; 行=5/6; 参照=quest_arisa_haine_encounter:actions[0]; event=quest_arisa_haine_encounter; actions=[CONV(value=""QUEST_ARISA_HAINE_ENCOUNTER"") -> BOSS(value=[302203,302207],winEventId=""quest_arisa_haine_clear"")]"
"QUEST_ARISA_HAINE_ENCOUNTER","アリサ","な、何よ……助けに来るなら、もっと早く来なさいよ！
……来てくれて、少しは助かったけど。","108","種別=会話; 行=6/6; 参照=quest_arisa_haine_encounter:actions[0]; event=quest_arisa_haine_encounter; actions=[CONV(value=""QUEST_ARISA_HAINE_ENCOUNTER"") -> BOSS(value=[302203,302207],winEventId=""quest_arisa_haine_clear"")]"
"QUEST_ARISA_HAINE_CLEAR","エリーゼ","風が戻ってきました。
まだ震えていますが、もう黒くはありません。","106","種別=会話; 行=1/8; 参照=quest_arisa_haine_clear:actions[0]; event=quest_arisa_haine_clear; actions=[CONV(value=""QUEST_ARISA_HAINE_CLEAR"")]"
"QUEST_ARISA_HAINE_CLEAR","アリサ","……助かったわ。
ちょっとだけね。","108","種別=会話; 行=2/8; 参照=quest_arisa_haine_clear:actions[0]; event=quest_arisa_haine_clear; actions=[CONV(value=""QUEST_ARISA_HAINE_CLEAR"")]"
"QUEST_ARISA_HAINE_CLEAR","ハイネ","強がるな、アリサ。
命が残ったことを、まず喜べ。","207","種別=会話; 行=3/8; 参照=quest_arisa_haine_clear:actions[0]; event=quest_arisa_haine_clear; actions=[CONV(value=""QUEST_ARISA_HAINE_CLEAR"")]"
"QUEST_ARISA_HAINE_CLEAR","アリサ","うっさい、師匠。
……わかってるわよ。ありがとう。","108","種別=会話; 行=4/8; 参照=quest_arisa_haine_clear:actions[0]; event=quest_arisa_haine_clear; actions=[CONV(value=""QUEST_ARISA_HAINE_CLEAR"")]"
"QUEST_ARISA_HAINE_CLEAR","ハイネ","俺からも礼を言う。
見事な助太刀だった。","207","種別=会話; 行=5/8; 参照=quest_arisa_haine_clear:actions[0]; event=quest_arisa_haine_clear; actions=[CONV(value=""QUEST_ARISA_HAINE_CLEAR"")]"
"QUEST_ARISA_HAINE_CLEAR","アリサ","アタシも行く。
借りを作ったままなんて、気持ち悪いし。","108","種別=会話; 行=6/8; 参照=quest_arisa_haine_clear:actions[0]; event=quest_arisa_haine_clear; actions=[CONV(value=""QUEST_ARISA_HAINE_CLEAR"")]"
"QUEST_ARISA_HAINE_CLEAR","ハイネ","ならば、俺も同行しよう。
この恩、刃で返す。","207","種別=会話; 行=7/8; 参照=quest_arisa_haine_clear:actions[0]; event=quest_arisa_haine_clear; actions=[CONV(value=""QUEST_ARISA_HAINE_CLEAR"")]"
"QUEST_ARISA_HAINE_CLEAR","システム","[N:108]と[N:207]が仲間に加わった！","","種別=会話; 行=8/8; 参照=quest_arisa_haine_clear:actions[0]; event=quest_arisa_haine_clear; actions=[CONV(value=""QUEST_ARISA_HAINE_CLEAR"")]"
"LOCKED_THUNDER_FORT","システム","門は固く閉ざされており、電気が迸っている。今は触らない方がよさそうだ…","","種別=会話; 行=1/2; 参照=locked_thunder_fort:actions[0]; event=locked_thunder_fort; actions=[CONV(value=""LOCKED_THUNDER_FORT"")]"
"LOCKED_THUNDER_FORT","エリーゼ","純水は雷を通さないと聞いたことがあります。水の加護があれば、入ることができるかもしれません","106","種別=会話; 行=2/2; 参照=locked_thunder_fort:actions[0]; event=locked_thunder_fort; actions=[CONV(value=""LOCKED_THUNDER_FORT"")]"
"THUNDER_FORT_ENTRY","ジョセフ","止まれ。……いや、敵じゃないな。魔王軍や王国兵なら、こんな無防備にここまで来ねえ。","101","種別=会話; 行=1/7; 参照=thunder_fort_entry:actions[0]; event=thunder_fort_entry; actions=[CONV(value=""THUNDER_FORT_ENTRY"") -> ALLY(value=101) -> FLAG(key=""josephJoinedAtThunderFort"") -> START_FIXED_DUNGEON(value=""THUNDER_FORT"")]"
"THUNDER_FORT_ENTRY","ジョセフ","雷のプリズムが暴走してな。機械が命令を聞かず暴れまわるもんで、要塞に入れなくなっちまった。","101","種別=会話; 行=2/7; 参照=thunder_fort_entry:actions[0]; event=thunder_fort_entry; actions=[CONV(value=""THUNDER_FORT_ENTRY"") -> ALLY(value=101) -> FLAG(key=""josephJoinedAtThunderFort"") -> START_FIXED_DUNGEON(value=""THUNDER_FORT"")]"
"THUNDER_FORT_ENTRY","ジョセフ","王国軍のやつらも最近妙なことばかりやってやがる。
誰も信用できねえってのが現状だ。","101","種別=会話; 行=3/7; 参照=thunder_fort_entry:actions[0]; event=thunder_fort_entry; actions=[CONV(value=""THUNDER_FORT_ENTRY"") -> ALLY(value=101) -> FLAG(key=""josephJoinedAtThunderFort"") -> START_FIXED_DUNGEON(value=""THUNDER_FORT"")]"
"THUNDER_FORT_ENTRY","ケイト","火の里、風の集落、水上都市。
どこもプリズムを狙われました。雷の要塞も、同じかもしれません。","104","種別=会話; 行=4/7; 参照=thunder_fort_entry:actions[0]; event=thunder_fort_entry; actions=[CONV(value=""THUNDER_FORT_ENTRY"") -> ALLY(value=101) -> FLAG(key=""josephJoinedAtThunderFort"") -> START_FIXED_DUNGEON(value=""THUNDER_FORT"")]"
"THUNDER_FORT_ENTRY","ジョセフ","……そう繋がるか。
笑えねえな。放っておける話じゃねえ。","101","種別=会話; 行=5/7; 参照=thunder_fort_entry:actions[0]; event=thunder_fort_entry; actions=[CONV(value=""THUNDER_FORT_ENTRY"") -> ALLY(value=101) -> FLAG(key=""josephJoinedAtThunderFort"") -> START_FIXED_DUNGEON(value=""THUNDER_FORT"")]"
"THUNDER_FORT_ENTRY","ジョセフ","強行突入か。仕方ねえ、俺も行く。子供らだけにやらせちゃ、騎士の名がすたるぜ。","101","種別=会話; 行=6/7; 参照=thunder_fort_entry:actions[0]; event=thunder_fort_entry; actions=[CONV(value=""THUNDER_FORT_ENTRY"") -> ALLY(value=101) -> FLAG(key=""josephJoinedAtThunderFort"") -> START_FIXED_DUNGEON(value=""THUNDER_FORT"")]"
"THUNDER_FORT_ENTRY","システム","[N:101]が同行することになった！","","種別=会話; 行=7/7; 参照=thunder_fort_entry:actions[0]; event=thunder_fort_entry; actions=[CONV(value=""THUNDER_FORT_ENTRY"") -> ALLY(value=101) -> FLAG(key=""josephJoinedAtThunderFort"") -> START_FIXED_DUNGEON(value=""THUNDER_FORT"")]"
"THUNDER_MACHINE_GATE_ENCOUNTER","ジョセフ","こいつが鍵を持ってるはずだ。止めねえと、次の隔壁は開かねえぞ。","101","種別=会話; 行=1/2; 参照=thunder_machine_gate_encounter:actions[0]; event=thunder_machine_gate_encounter; actions=[CONV(value=""THUNDER_MACHINE_GATE_ENCOUNTER"") -> BOSS(value=301031,keyRewardColor=""red"",winEventId=""thunder_machine_gate_clear"")]"
"THUNDER_MACHINE_GATE_ENCOUNTER","バトルマシーン","侵入者ヲ確認。雷門ヲ防衛スル。排除開始。","","種別=会話; 行=2/2; 参照=thunder_machine_gate_encounter:actions[0]; event=thunder_machine_gate_encounter; actions=[CONV(value=""THUNDER_MACHINE_GATE_ENCOUNTER"") -> BOSS(value=301031,keyRewardColor=""red"",winEventId=""thunder_machine_gate_clear"")]"
"THUNDER_MACHINE_GATE_CLEAR","ジョセフ","赤い鍵を落としたな。こいつで地下の隔壁を一つ越えられるはずだ。急ぐぞ、機械の唸りが強くなってる。","101","種別=会話; 行=1/1; 参照=thunder_machine_gate_clear:actions[0]; event=thunder_machine_gate_clear; actions=[CONV(value=""THUNDER_MACHINE_GATE_CLEAR"")]"
"THUNDER_ARMOR_GATE_ENCOUNTER","ジョセフ","こっちは雷のプリズムに直結した動く鎧だ。力任せに通ろうとすりゃ、丸焦げだぜ。","101","種別=会話; 行=1/2; 参照=thunder_armor_gate_encounter:actions[0]; event=thunder_armor_gate_encounter; actions=[CONV(value=""THUNDER_ARMOR_GATE_ENCOUNTER"") -> BOSS(value=301032,keyRewardColor=""blue"",winEventId=""thunder_armor_gate_clear"")]"
"THUNDER_ARMOR_GATE_ENCOUNTER","サンダーアーマー","隔壁ノ防衛命令ヲ継続。雷装、最大出力。","","種別=会話; 行=2/2; 参照=thunder_armor_gate_encounter:actions[0]; event=thunder_armor_gate_encounter; actions=[CONV(value=""THUNDER_ARMOR_GATE_ENCOUNTER"") -> BOSS(value=301032,keyRewardColor=""blue"",winEventId=""thunder_armor_gate_clear"")]"
"THUNDER_ARMOR_GATE_CLEAR","ジョセフ","よし、青い鍵だ。これで中枢まで行ける。……レナード、頼むからまだ話が通じる男でいてくれよ。","101","種別=会話; 行=1/1; 参照=thunder_armor_gate_clear:actions[0]; event=thunder_armor_gate_clear; actions=[CONV(value=""THUNDER_ARMOR_GATE_CLEAR"")]"
"THUNDER_LEONARD_ENCOUNTER","システム","雷の制御炉。暴走した機械の火花が、壁を青白く照らしている。","","種別=会話; 行=1/4; 参照=thunder_leonard_encounter:actions[0]; event=thunder_leonard_encounter; actions=[CONV(value=""THUNDER_LEONARD_ENCOUNTER"") -> BOSS(value=301040,winEventId=""thunder_fort_clear"")]"
"THUNDER_LEONARD_ENCOUNTER","雷楔のレナード","ここまで来たか、[N:101]。相変わらず、危険な道を子どもたちに歩かせるのだな。","","種別=会話; 行=2/4; 参照=thunder_leonard_encounter:actions[0]; event=thunder_leonard_encounter; actions=[CONV(value=""THUNDER_LEONARD_ENCOUNTER"") -> BOSS(value=301040,winEventId=""thunder_fort_clear"")]"
"THUNDER_LEONARD_ENCOUNTER","ジョセフ","危険にしてるのはお前らだろうが。プリズムを軍の道具にするなんざ、騎士のすることじゃねえ。","101","種別=会話; 行=3/4; 参照=thunder_leonard_encounter:actions[0]; event=thunder_leonard_encounter; actions=[CONV(value=""THUNDER_LEONARD_ENCOUNTER"") -> BOSS(value=301040,winEventId=""thunder_fort_clear"")]"
"THUNDER_LEONARD_ENCOUNTER","雷楔のレナード","それでも国を守るためならば、私は剣を抜く。友であったお前にもだ。","","種別=会話; 行=4/4; 参照=thunder_leonard_encounter:actions[0]; event=thunder_leonard_encounter; actions=[CONV(value=""THUNDER_LEONARD_ENCOUNTER"") -> BOSS(value=301040,winEventId=""thunder_fort_clear"")]"
"THUNDER_LEONARD_CLEAR","レナード戦後・本人表示","","","種別=会話内演出; 行=1/13; 行内コード={type:""FIELD_CUTSCENE"",commands:[{op:""CLEAR_LAYER""},{op:""SHOW_SPRITE"",id:""field-visual-leonard"",monsterId:301040,size:2,z:4}]}; 参照=thunder_fort_clear:actions[0]; event=thunder_fort_clear; meta={restartOnResume=true,postBattleBossSprite=false}; actions=[CONV(value=""THUNDER_LEONARD_CLEAR"") -> BOSS(value=301050,bossStatMultiplier=3,winEventId=""thunder_veld_forced_loss"",lossEventId=""thunder_veld_loss"")]"
"THUNDER_LEONARD_CLEAR","雷楔のレナード","…[N:101]、まだ旧い理想にしがみつくのか。国を存続させるには、痛みを引き受ける者が必要だ。","","種別=会話; 行=2/13; 参照=thunder_fort_clear:actions[0]; event=thunder_fort_clear; meta={restartOnResume=true,postBattleBossSprite=false}; actions=[CONV(value=""THUNDER_LEONARD_CLEAR"") -> BOSS(value=301050,bossStatMultiplier=3,winEventId=""thunder_veld_forced_loss"",lossEventId=""thunder_veld_loss"")]"
"THUNDER_LEONARD_CLEAR","ジョセフ","痛みを引き受けるのと、誰かから奪うのは違うだろうが！プリズムは国王の財布じゃねえ！","101","種別=会話; 行=3/13; 参照=thunder_fort_clear:actions[0]; event=thunder_fort_clear; meta={restartOnResume=true,postBattleBossSprite=false}; actions=[CONV(value=""THUNDER_LEONARD_CLEAR"") -> BOSS(value=301050,bossStatMultiplier=3,winEventId=""thunder_veld_forced_loss"",lossEventId=""thunder_veld_loss"")]"
"THUNDER_LEONARD_CLEAR","雷楔のレナード","プリズムの力は必要な分、すでに光の神殿に集まっている。儀式の日は近い。","","種別=会話; 行=4/13; 参照=thunder_fort_clear:actions[0]; event=thunder_fort_clear; meta={restartOnResume=true,postBattleBossSprite=false}; actions=[CONV(value=""THUNDER_LEONARD_CLEAR"") -> BOSS(value=301050,bossStatMultiplier=3,winEventId=""thunder_veld_forced_loss"",lossEventId=""thunder_veld_loss"")]"
"THUNDER_LEONARD_CLEAR","雷楔のレナード","……止めたいのなら、まずは大灯台で発動している魔術結界を壊すことだ。","","種別=会話; 行=5/13; 参照=thunder_fort_clear:actions[0]; event=thunder_fort_clear; meta={restartOnResume=true,postBattleBossSprite=false}; actions=[CONV(value=""THUNDER_LEONARD_CLEAR"") -> BOSS(value=301050,bossStatMultiplier=3,winEventId=""thunder_veld_forced_loss"",lossEventId=""thunder_veld_loss"")]"
"THUNDER_LEONARD_CLEAR","雷楔のレナード","それから……","","種別=会話; 行=6/13; 参照=thunder_fort_clear:actions[0]; event=thunder_fort_clear; meta={restartOnResume=true,postBattleBossSprite=false}; actions=[CONV(value=""THUNDER_LEONARD_CLEAR"") -> BOSS(value=301050,bossStatMultiplier=3,winEventId=""thunder_veld_forced_loss"",lossEventId=""thunder_veld_loss"")]"
"THUNDER_LEONARD_CLEAR","レナード戦後・騎士登場","","","種別=会話内演出; 行=7/13; 行内コード={type:""FIELD_CUTSCENE"",commands:[{op:""HIDE_STORY_UI"",hidden:true},{op:""BLACKOUT"",holdMs:140},{op:""SHOW_SPRITE"",id:""field-visual-leonard"",monsterId:301040,size:2,z:4},{op:""SHOW_SPRITE"",id:""field-visual-knight"",monsterId:301050,dx:0,dy:-1,size:2,z:5},{op:""HIDE_STORY_UI"",hidden:false}]}; 参照=thunder_fort_clear:actions[0]; event=thunder_fort_clear; meta={restartOnResume=true,postBattleBossSprite=false}; actions=[CONV(value=""THUNDER_LEONARD_CLEAR"") -> BOSS(value=301050,bossStatMultiplier=3,winEventId=""thunder_veld_forced_loss"",lossEventId=""thunder_veld_loss"")]"
"THUNDER_LEONARD_CLEAR","？？？？","…喋りすぎ…だ。","","種別=会話; 行=8/13; 参照=thunder_fort_clear:actions[0]; event=thunder_fort_clear; meta={restartOnResume=true,postBattleBossSprite=false}; actions=[CONV(value=""THUNDER_LEONARD_CLEAR"") -> BOSS(value=301050,bossStatMultiplier=3,winEventId=""thunder_veld_forced_loss"",lossEventId=""thunder_veld_loss"")]"
"THUNDER_LEONARD_CLEAR","レナード戦後・斬撃と消滅","","","種別=会話内演出; 行=9/13; 行内コード={type:""FIELD_CUTSCENE"",lockMs:1200,commands:[{op:""HIDE_STORY_UI"",hidden:true},{op:""SHOW_SPRITE"",id:""field-visual-slash"",effect:""slash"",size:2.25,z:8,opacity:0.96},{op:""BLINK_REMOVE"",id:""field-visual-leonard"",fallback:{monsterId:301040,size:2,z:4},count:4,offMs:80,onMs:80},{op:""REMOVE_SPRITE"",id:""field-visual-slash""},{op:""HIDE_STORY_UI"",hidden:false}]}; 参照=thunder_fort_clear:actions[0]; event=thunder_fort_clear; meta={restartOnResume=true,postBattleBossSprite=false}; actions=[CONV(value=""THUNDER_LEONARD_CLEAR"") -> BOSS(value=301050,bossStatMultiplier=3,winEventId=""thunder_veld_forced_loss"",lossEventId=""thunder_veld_loss"")]"
"THUNDER_LEONARD_CLEAR","ジョセフ","レナード！！！","101","種別=会話; 行=10/13; 参照=thunder_fort_clear:actions[0]; event=thunder_fort_clear; meta={restartOnResume=true,postBattleBossSprite=false}; actions=[CONV(value=""THUNDER_LEONARD_CLEAR"") -> BOSS(value=301050,bossStatMultiplier=3,winEventId=""thunder_veld_forced_loss"",lossEventId=""thunder_veld_loss"")]"
"THUNDER_LEONARD_CLEAR","レナード戦後・騎士前進","","","種別=会話内演出; 行=11/13; 行内コード={type:""FIELD_CUTSCENE"",lockMs:1200,commands:[{op:""HIDE_STORY_UI"",hidden:true},{op:""WAIT"",ms:200},{op:""MOVE_SPRITE"",id:""field-visual-knight"",monsterId:301050,dx:0,dy:0,size:2,z:5,duration:160},{op:""WAIT"",ms:200},{op:""HIDE_STORY_UI"",hidden:false}]}; 参照=thunder_fort_clear:actions[0]; event=thunder_fort_clear; meta={restartOnResume=true,postBattleBossSprite=false}; actions=[CONV(value=""THUNDER_LEONARD_CLEAR"") -> BOSS(value=301050,bossStatMultiplier=3,winEventId=""thunder_veld_forced_loss"",lossEventId=""thunder_veld_loss"")]"
"THUNDER_LEONARD_CLEAR","？？？？","お前達が例の反逆者か。騎士崩れと世間知らずの子供達。救世主ごっこは、ここまでだ。","","種別=会話; 行=12/13; 参照=thunder_fort_clear:actions[0]; event=thunder_fort_clear; meta={restartOnResume=true,postBattleBossSprite=false}; actions=[CONV(value=""THUNDER_LEONARD_CLEAR"") -> BOSS(value=301050,bossStatMultiplier=3,winEventId=""thunder_veld_forced_loss"",lossEventId=""thunder_veld_loss"")]"
"THUNDER_LEONARD_CLEAR","レナード戦後・演出終了","","","種別=会話内演出; 行=13/13; 行内コード={type:""FIELD_CUTSCENE"",commands:[{op:""CLEANUP""}]}; 参照=thunder_fort_clear:actions[0]; event=thunder_fort_clear; meta={restartOnResume=true,postBattleBossSprite=false}; actions=[CONV(value=""THUNDER_LEONARD_CLEAR"") -> BOSS(value=301050,bossStatMultiplier=3,winEventId=""thunder_veld_forced_loss"",lossEventId=""thunder_veld_loss"")]"
"THUNDER_VELD_OVERPOWER","演出","","","種別=会話内演出; 行=1/7; 行内コード={type:""FIELD_CUTSCENE"",value:""VELD_OVERPOWER_SETUP"",commands:[{op:""CLEAR_LAYER""},{op:""SHOW_SPRITE"",id:""field-visual-veld-overpower"",monsterId:301050,size:2,z:5}]}; 参照=thunder_veld_forced_loss:actions[0]; event=thunder_veld_forced_loss; meta={restartOnResume=true,skipAutoPostBattleBossSprite=true}; actions=[CONV(value=""THUNDER_VELD_OVERPOWER"") -> STORY_DEFEAT(log=""圧倒的な光の奔流に呑まれ、パーティは全滅した……。"",normalWipeout=true,cleanupFieldVisualOnBlackout=true,removeFieldVisualIds=[""field-visual-veld-overpower""]) -> CONV(value=""THUNDER_VELD_LOSS"") -> ALLY(value=101) -> FLAG(key=""thunderFortCleared"") -> STEP(value=6) -> SUB(value=0) -> LOG(value=""結界を解くため、大灯台へ向かおう。"")] || 参照=thunder_veld_loss:actions[0]; event=thunder_veld_loss; meta={restartOnResume=true,skipAutoPostBattleBossSprite=true}; actions=[CONV(value=""THUNDER_VELD_OVERPOWER"") -> STORY_DEFEAT(log=""圧倒的な光の奔流に呑まれ、パーティは全滅した……。"",normalWipeout=true,cleanupFieldVisualOnBlackout=true,removeFieldVisualIds=[""field-visual-veld-overpower""]) -> CONV(value=""THUNDER_VELD_LOSS"") -> ALLY(value=101) -> FLAG(key=""thunderFortCleared"") -> STEP(value=6) -> SUB(value=0) -> LOG(value=""ジョセフが同行した。大灯台へ向かおう。"")]"
"THUNDER_VELD_OVERPOWER","聖騎士ヴェルド","救いに全員の席があると思うな。
選ばぬ者は、泣き声ごと門の外へ積み上げるしかない。","","種別=会話; 行=2/7; 参照=thunder_veld_forced_loss:actions[0]; event=thunder_veld_forced_loss; meta={restartOnResume=true,skipAutoPostBattleBossSprite=true}; actions=[CONV(value=""THUNDER_VELD_OVERPOWER"") -> STORY_DEFEAT(log=""圧倒的な光の奔流に呑まれ、パーティは全滅した……。"",normalWipeout=true,cleanupFieldVisualOnBlackout=true,removeFieldVisualIds=[""field-visual-veld-overpower""]) -> CONV(value=""THUNDER_VELD_LOSS"") -> ALLY(value=101) -> FLAG(key=""thunderFortCleared"") -> STEP(value=6) -> SUB(value=0) -> LOG(value=""結界を解くため、大灯台へ向かおう。"")] || 参照=thunder_veld_loss:actions[0]; event=thunder_veld_loss; meta={restartOnResume=true,skipAutoPostBattleBossSprite=true}; actions=[CONV(value=""THUNDER_VELD_OVERPOWER"") -> STORY_DEFEAT(log=""圧倒的な光の奔流に呑まれ、パーティは全滅した……。"",normalWipeout=true,cleanupFieldVisualOnBlackout=true,removeFieldVisualIds=[""field-visual-veld-overpower""]) -> CONV(value=""THUNDER_VELD_LOSS"") -> ALLY(value=101) -> FLAG(key=""thunderFortCleared"") -> STEP(value=6) -> SUB(value=0) -> LOG(value=""ジョセフが同行した。大灯台へ向かおう。"")]"
"THUNDER_VELD_OVERPOWER","聖騎士ヴェルド","お前達は手を伸ばしすぎる。
掴めぬ指に縋られて、共に沈むだけだ。","","種別=会話; 行=3/7; 参照=thunder_veld_forced_loss:actions[0]; event=thunder_veld_forced_loss; meta={restartOnResume=true,skipAutoPostBattleBossSprite=true}; actions=[CONV(value=""THUNDER_VELD_OVERPOWER"") -> STORY_DEFEAT(log=""圧倒的な光の奔流に呑まれ、パーティは全滅した……。"",normalWipeout=true,cleanupFieldVisualOnBlackout=true,removeFieldVisualIds=[""field-visual-veld-overpower""]) -> CONV(value=""THUNDER_VELD_LOSS"") -> ALLY(value=101) -> FLAG(key=""thunderFortCleared"") -> STEP(value=6) -> SUB(value=0) -> LOG(value=""結界を解くため、大灯台へ向かおう。"")] || 参照=thunder_veld_loss:actions[0]; event=thunder_veld_loss; meta={restartOnResume=true,skipAutoPostBattleBossSprite=true}; actions=[CONV(value=""THUNDER_VELD_OVERPOWER"") -> STORY_DEFEAT(log=""圧倒的な光の奔流に呑まれ、パーティは全滅した……。"",normalWipeout=true,cleanupFieldVisualOnBlackout=true,removeFieldVisualIds=[""field-visual-veld-overpower""]) -> CONV(value=""THUNDER_VELD_LOSS"") -> ALLY(value=101) -> FLAG(key=""thunderFortCleared"") -> STEP(value=6) -> SUB(value=0) -> LOG(value=""ジョセフが同行した。大灯台へ向かおう。"")]"
"THUNDER_VELD_OVERPOWER","聖騎士ヴェルド","救えぬ者を見捨てられぬなら、
お前達ごと消えろ。光の邪魔だ。","","種別=会話; 行=4/7; 参照=thunder_veld_forced_loss:actions[0]; event=thunder_veld_forced_loss; meta={restartOnResume=true,skipAutoPostBattleBossSprite=true}; actions=[CONV(value=""THUNDER_VELD_OVERPOWER"") -> STORY_DEFEAT(log=""圧倒的な光の奔流に呑まれ、パーティは全滅した……。"",normalWipeout=true,cleanupFieldVisualOnBlackout=true,removeFieldVisualIds=[""field-visual-veld-overpower""]) -> CONV(value=""THUNDER_VELD_LOSS"") -> ALLY(value=101) -> FLAG(key=""thunderFortCleared"") -> STEP(value=6) -> SUB(value=0) -> LOG(value=""結界を解くため、大灯台へ向かおう。"")] || 参照=thunder_veld_loss:actions[0]; event=thunder_veld_loss; meta={restartOnResume=true,skipAutoPostBattleBossSprite=true}; actions=[CONV(value=""THUNDER_VELD_OVERPOWER"") -> STORY_DEFEAT(log=""圧倒的な光の奔流に呑まれ、パーティは全滅した……。"",normalWipeout=true,cleanupFieldVisualOnBlackout=true,removeFieldVisualIds=[""field-visual-veld-overpower""]) -> CONV(value=""THUNDER_VELD_LOSS"") -> ALLY(value=101) -> FLAG(key=""thunderFortCleared"") -> STEP(value=6) -> SUB(value=0) -> LOG(value=""ジョセフが同行した。大灯台へ向かおう。"")]"
"THUNDER_VELD_OVERPOWER","システム","ヴェルドから強大な光の魔力が放たれる…！","","種別=会話; 行=5/7; 参照=thunder_veld_forced_loss:actions[0]; event=thunder_veld_forced_loss; meta={restartOnResume=true,skipAutoPostBattleBossSprite=true}; actions=[CONV(value=""THUNDER_VELD_OVERPOWER"") -> STORY_DEFEAT(log=""圧倒的な光の奔流に呑まれ、パーティは全滅した……。"",normalWipeout=true,cleanupFieldVisualOnBlackout=true,removeFieldVisualIds=[""field-visual-veld-overpower""]) -> CONV(value=""THUNDER_VELD_LOSS"") -> ALLY(value=101) -> FLAG(key=""thunderFortCleared"") -> STEP(value=6) -> SUB(value=0) -> LOG(value=""結界を解くため、大灯台へ向かおう。"")] || 参照=thunder_veld_loss:actions[0]; event=thunder_veld_loss; meta={restartOnResume=true,skipAutoPostBattleBossSprite=true}; actions=[CONV(value=""THUNDER_VELD_OVERPOWER"") -> STORY_DEFEAT(log=""圧倒的な光の奔流に呑まれ、パーティは全滅した……。"",normalWipeout=true,cleanupFieldVisualOnBlackout=true,removeFieldVisualIds=[""field-visual-veld-overpower""]) -> CONV(value=""THUNDER_VELD_LOSS"") -> ALLY(value=101) -> FLAG(key=""thunderFortCleared"") -> STEP(value=6) -> SUB(value=0) -> LOG(value=""ジョセフが同行した。大灯台へ向かおう。"")]"
"THUNDER_VELD_OVERPOWER","システム","圧倒的な光の奔流につつまれ、意識が途切れた…","","種別=会話; 行=6/7; 参照=thunder_veld_forced_loss:actions[0]; event=thunder_veld_forced_loss; meta={restartOnResume=true,skipAutoPostBattleBossSprite=true}; actions=[CONV(value=""THUNDER_VELD_OVERPOWER"") -> STORY_DEFEAT(log=""圧倒的な光の奔流に呑まれ、パーティは全滅した……。"",normalWipeout=true,cleanupFieldVisualOnBlackout=true,removeFieldVisualIds=[""field-visual-veld-overpower""]) -> CONV(value=""THUNDER_VELD_LOSS"") -> ALLY(value=101) -> FLAG(key=""thunderFortCleared"") -> STEP(value=6) -> SUB(value=0) -> LOG(value=""結界を解くため、大灯台へ向かおう。"")] || 参照=thunder_veld_loss:actions[0]; event=thunder_veld_loss; meta={restartOnResume=true,skipAutoPostBattleBossSprite=true}; actions=[CONV(value=""THUNDER_VELD_OVERPOWER"") -> STORY_DEFEAT(log=""圧倒的な光の奔流に呑まれ、パーティは全滅した……。"",normalWipeout=true,cleanupFieldVisualOnBlackout=true,removeFieldVisualIds=[""field-visual-veld-overpower""]) -> CONV(value=""THUNDER_VELD_LOSS"") -> ALLY(value=101) -> FLAG(key=""thunderFortCleared"") -> STEP(value=6) -> SUB(value=0) -> LOG(value=""ジョセフが同行した。大灯台へ向かおう。"")]"
"THUNDER_VELD_OVERPOWER","演出","","","種別=会話内演出; 行=7/7; 行内コード={type:""FIELD_CUTSCENE"",value:""VELD_OVERPOWER_CLEANUP"",commands:[{op:""WAIT"",ms:80}]}; 参照=thunder_veld_forced_loss:actions[0]; event=thunder_veld_forced_loss; meta={restartOnResume=true,skipAutoPostBattleBossSprite=true}; actions=[CONV(value=""THUNDER_VELD_OVERPOWER"") -> STORY_DEFEAT(log=""圧倒的な光の奔流に呑まれ、パーティは全滅した……。"",normalWipeout=true,cleanupFieldVisualOnBlackout=true,removeFieldVisualIds=[""field-visual-veld-overpower""]) -> CONV(value=""THUNDER_VELD_LOSS"") -> ALLY(value=101) -> FLAG(key=""thunderFortCleared"") -> STEP(value=6) -> SUB(value=0) -> LOG(value=""結界を解くため、大灯台へ向かおう。"")] || 参照=thunder_veld_loss:actions[0]; event=thunder_veld_loss; meta={restartOnResume=true,skipAutoPostBattleBossSprite=true}; actions=[CONV(value=""THUNDER_VELD_OVERPOWER"") -> STORY_DEFEAT(log=""圧倒的な光の奔流に呑まれ、パーティは全滅した……。"",normalWipeout=true,cleanupFieldVisualOnBlackout=true,removeFieldVisualIds=[""field-visual-veld-overpower""]) -> CONV(value=""THUNDER_VELD_LOSS"") -> ALLY(value=101) -> FLAG(key=""thunderFortCleared"") -> STEP(value=6) -> SUB(value=0) -> LOG(value=""ジョセフが同行した。大灯台へ向かおう。"")]"
"THUNDER_VELD_LOSS","ジョセフ","……生きてるな。ヴェルドは追ってこなかった。どうにか助かったな","101","種別=会話; 行=1/8; 参照=thunder_veld_forced_loss:actions[2]; event=thunder_veld_forced_loss; meta={restartOnResume=true,skipAutoPostBattleBossSprite=true}; actions=[CONV(value=""THUNDER_VELD_OVERPOWER"") -> STORY_DEFEAT(log=""圧倒的な光の奔流に呑まれ、パーティは全滅した……。"",normalWipeout=true,cleanupFieldVisualOnBlackout=true,removeFieldVisualIds=[""field-visual-veld-overpower""]) -> CONV(value=""THUNDER_VELD_LOSS"") -> ALLY(value=101) -> FLAG(key=""thunderFortCleared"") -> STEP(value=6) -> SUB(value=0) -> LOG(value=""結界を解くため、大灯台へ向かおう。"")] || 参照=thunder_veld_loss:actions[2]; event=thunder_veld_loss; meta={restartOnResume=true,skipAutoPostBattleBossSprite=true}; actions=[CONV(value=""THUNDER_VELD_OVERPOWER"") -> STORY_DEFEAT(log=""圧倒的な光の奔流に呑まれ、パーティは全滅した……。"",normalWipeout=true,cleanupFieldVisualOnBlackout=true,removeFieldVisualIds=[""field-visual-veld-overpower""]) -> CONV(value=""THUNDER_VELD_LOSS"") -> ALLY(value=101) -> FLAG(key=""thunderFortCleared"") -> STEP(value=6) -> SUB(value=0) -> LOG(value=""ジョセフが同行した。大灯台へ向かおう。"")]"
"THUNDER_VELD_LOSS","サラ","どうして私たち、助かったのでしょうか…ここは…？私たちの村の前？","110","種別=会話; 行=2/8; 参照=thunder_veld_forced_loss:actions[2]; event=thunder_veld_forced_loss; meta={restartOnResume=true,skipAutoPostBattleBossSprite=true}; actions=[CONV(value=""THUNDER_VELD_OVERPOWER"") -> STORY_DEFEAT(log=""圧倒的な光の奔流に呑まれ、パーティは全滅した……。"",normalWipeout=true,cleanupFieldVisualOnBlackout=true,removeFieldVisualIds=[""field-visual-veld-overpower""]) -> CONV(value=""THUNDER_VELD_LOSS"") -> ALLY(value=101) -> FLAG(key=""thunderFortCleared"") -> STEP(value=6) -> SUB(value=0) -> LOG(value=""結界を解くため、大灯台へ向かおう。"")] || 参照=thunder_veld_loss:actions[2]; event=thunder_veld_loss; meta={restartOnResume=true,skipAutoPostBattleBossSprite=true}; actions=[CONV(value=""THUNDER_VELD_OVERPOWER"") -> STORY_DEFEAT(log=""圧倒的な光の奔流に呑まれ、パーティは全滅した……。"",normalWipeout=true,cleanupFieldVisualOnBlackout=true,removeFieldVisualIds=[""field-visual-veld-overpower""]) -> CONV(value=""THUNDER_VELD_LOSS"") -> ALLY(value=101) -> FLAG(key=""thunderFortCleared"") -> STEP(value=6) -> SUB(value=0) -> LOG(value=""ジョセフが同行した。大灯台へ向かおう。"")]"
"THUNDER_VELD_LOSS","ガイル","何が何だかサッパリだけど、負けたんだな、俺たち。守るとか言って、口ばっかりだ、俺。","109","種別=会話; 行=3/8; 参照=thunder_veld_forced_loss:actions[2]; event=thunder_veld_forced_loss; meta={restartOnResume=true,skipAutoPostBattleBossSprite=true}; actions=[CONV(value=""THUNDER_VELD_OVERPOWER"") -> STORY_DEFEAT(log=""圧倒的な光の奔流に呑まれ、パーティは全滅した……。"",normalWipeout=true,cleanupFieldVisualOnBlackout=true,removeFieldVisualIds=[""field-visual-veld-overpower""]) -> CONV(value=""THUNDER_VELD_LOSS"") -> ALLY(value=101) -> FLAG(key=""thunderFortCleared"") -> STEP(value=6) -> SUB(value=0) -> LOG(value=""結界を解くため、大灯台へ向かおう。"")] || 参照=thunder_veld_loss:actions[2]; event=thunder_veld_loss; meta={restartOnResume=true,skipAutoPostBattleBossSprite=true}; actions=[CONV(value=""THUNDER_VELD_OVERPOWER"") -> STORY_DEFEAT(log=""圧倒的な光の奔流に呑まれ、パーティは全滅した……。"",normalWipeout=true,cleanupFieldVisualOnBlackout=true,removeFieldVisualIds=[""field-visual-veld-overpower""]) -> CONV(value=""THUNDER_VELD_LOSS"") -> ALLY(value=101) -> FLAG(key=""thunderFortCleared"") -> STEP(value=6) -> SUB(value=0) -> LOG(value=""ジョセフが同行した。大灯台へ向かおう。"")]"
"THUNDER_VELD_LOSS","サラ","[N:109]…","110","種別=会話; 行=4/8; 参照=thunder_veld_forced_loss:actions[2]; event=thunder_veld_forced_loss; meta={restartOnResume=true,skipAutoPostBattleBossSprite=true}; actions=[CONV(value=""THUNDER_VELD_OVERPOWER"") -> STORY_DEFEAT(log=""圧倒的な光の奔流に呑まれ、パーティは全滅した……。"",normalWipeout=true,cleanupFieldVisualOnBlackout=true,removeFieldVisualIds=[""field-visual-veld-overpower""]) -> CONV(value=""THUNDER_VELD_LOSS"") -> ALLY(value=101) -> FLAG(key=""thunderFortCleared"") -> STEP(value=6) -> SUB(value=0) -> LOG(value=""結界を解くため、大灯台へ向かおう。"")] || 参照=thunder_veld_loss:actions[2]; event=thunder_veld_loss; meta={restartOnResume=true,skipAutoPostBattleBossSprite=true}; actions=[CONV(value=""THUNDER_VELD_OVERPOWER"") -> STORY_DEFEAT(log=""圧倒的な光の奔流に呑まれ、パーティは全滅した……。"",normalWipeout=true,cleanupFieldVisualOnBlackout=true,removeFieldVisualIds=[""field-visual-veld-overpower""]) -> CONV(value=""THUNDER_VELD_LOSS"") -> ALLY(value=101) -> FLAG(key=""thunderFortCleared"") -> STEP(value=6) -> SUB(value=0) -> LOG(value=""ジョセフが同行した。大灯台へ向かおう。"")]"
"THUNDER_VELD_LOSS","ジョセフ","…レナードのやつは…最期、大灯台へ行けって言ってたな。結界、か。","101","種別=会話; 行=5/8; 参照=thunder_veld_forced_loss:actions[2]; event=thunder_veld_forced_loss; meta={restartOnResume=true,skipAutoPostBattleBossSprite=true}; actions=[CONV(value=""THUNDER_VELD_OVERPOWER"") -> STORY_DEFEAT(log=""圧倒的な光の奔流に呑まれ、パーティは全滅した……。"",normalWipeout=true,cleanupFieldVisualOnBlackout=true,removeFieldVisualIds=[""field-visual-veld-overpower""]) -> CONV(value=""THUNDER_VELD_LOSS"") -> ALLY(value=101) -> FLAG(key=""thunderFortCleared"") -> STEP(value=6) -> SUB(value=0) -> LOG(value=""結界を解くため、大灯台へ向かおう。"")] || 参照=thunder_veld_loss:actions[2]; event=thunder_veld_loss; meta={restartOnResume=true,skipAutoPostBattleBossSprite=true}; actions=[CONV(value=""THUNDER_VELD_OVERPOWER"") -> STORY_DEFEAT(log=""圧倒的な光の奔流に呑まれ、パーティは全滅した……。"",normalWipeout=true,cleanupFieldVisualOnBlackout=true,removeFieldVisualIds=[""field-visual-veld-overpower""]) -> CONV(value=""THUNDER_VELD_LOSS"") -> ALLY(value=101) -> FLAG(key=""thunderFortCleared"") -> STEP(value=6) -> SUB(value=0) -> LOG(value=""ジョセフが同行した。大灯台へ向かおう。"")]"
"THUNDER_VELD_LOSS","ジョセフ","よし、善は急げだ。ヴェルドのやろうの力は底が知れないが…ひとまずは大灯台へ向かおうぜ。","101","種別=会話; 行=6/8; 参照=thunder_veld_forced_loss:actions[2]; event=thunder_veld_forced_loss; meta={restartOnResume=true,skipAutoPostBattleBossSprite=true}; actions=[CONV(value=""THUNDER_VELD_OVERPOWER"") -> STORY_DEFEAT(log=""圧倒的な光の奔流に呑まれ、パーティは全滅した……。"",normalWipeout=true,cleanupFieldVisualOnBlackout=true,removeFieldVisualIds=[""field-visual-veld-overpower""]) -> CONV(value=""THUNDER_VELD_LOSS"") -> ALLY(value=101) -> FLAG(key=""thunderFortCleared"") -> STEP(value=6) -> SUB(value=0) -> LOG(value=""結界を解くため、大灯台へ向かおう。"")] || 参照=thunder_veld_loss:actions[2]; event=thunder_veld_loss; meta={restartOnResume=true,skipAutoPostBattleBossSprite=true}; actions=[CONV(value=""THUNDER_VELD_OVERPOWER"") -> STORY_DEFEAT(log=""圧倒的な光の奔流に呑まれ、パーティは全滅した……。"",normalWipeout=true,cleanupFieldVisualOnBlackout=true,removeFieldVisualIds=[""field-visual-veld-overpower""]) -> CONV(value=""THUNDER_VELD_LOSS"") -> ALLY(value=101) -> FLAG(key=""thunderFortCleared"") -> STEP(value=6) -> SUB(value=0) -> LOG(value=""ジョセフが同行した。大灯台へ向かおう。"")]"
"THUNDER_VELD_LOSS","ジョセフ","おっと、最後にチラッと見えたが…雷の要塞の東門も開いてるはずだ。","101","種別=会話; 行=7/8; 参照=thunder_veld_forced_loss:actions[2]; event=thunder_veld_forced_loss; meta={restartOnResume=true,skipAutoPostBattleBossSprite=true}; actions=[CONV(value=""THUNDER_VELD_OVERPOWER"") -> STORY_DEFEAT(log=""圧倒的な光の奔流に呑まれ、パーティは全滅した……。"",normalWipeout=true,cleanupFieldVisualOnBlackout=true,removeFieldVisualIds=[""field-visual-veld-overpower""]) -> CONV(value=""THUNDER_VELD_LOSS"") -> ALLY(value=101) -> FLAG(key=""thunderFortCleared"") -> STEP(value=6) -> SUB(value=0) -> LOG(value=""結界を解くため、大灯台へ向かおう。"")] || 参照=thunder_veld_loss:actions[2]; event=thunder_veld_loss; meta={restartOnResume=true,skipAutoPostBattleBossSprite=true}; actions=[CONV(value=""THUNDER_VELD_OVERPOWER"") -> STORY_DEFEAT(log=""圧倒的な光の奔流に呑まれ、パーティは全滅した……。"",normalWipeout=true,cleanupFieldVisualOnBlackout=true,removeFieldVisualIds=[""field-visual-veld-overpower""]) -> CONV(value=""THUNDER_VELD_LOSS"") -> ALLY(value=101) -> FLAG(key=""thunderFortCleared"") -> STEP(value=6) -> SUB(value=0) -> LOG(value=""ジョセフが同行した。大灯台へ向かおう。"")]"
"THUNDER_VELD_LOSS","ジョセフ","結界を破ったら、そこから神殿へ向かうことにしようぜ。","101","種別=会話; 行=8/8; 参照=thunder_veld_forced_loss:actions[2]; event=thunder_veld_forced_loss; meta={restartOnResume=true,skipAutoPostBattleBossSprite=true}; actions=[CONV(value=""THUNDER_VELD_OVERPOWER"") -> STORY_DEFEAT(log=""圧倒的な光の奔流に呑まれ、パーティは全滅した……。"",normalWipeout=true,cleanupFieldVisualOnBlackout=true,removeFieldVisualIds=[""field-visual-veld-overpower""]) -> CONV(value=""THUNDER_VELD_LOSS"") -> ALLY(value=101) -> FLAG(key=""thunderFortCleared"") -> STEP(value=6) -> SUB(value=0) -> LOG(value=""結界を解くため、大灯台へ向かおう。"")] || 参照=thunder_veld_loss:actions[2]; event=thunder_veld_loss; meta={restartOnResume=true,skipAutoPostBattleBossSprite=true}; actions=[CONV(value=""THUNDER_VELD_OVERPOWER"") -> STORY_DEFEAT(log=""圧倒的な光の奔流に呑まれ、パーティは全滅した……。"",normalWipeout=true,cleanupFieldVisualOnBlackout=true,removeFieldVisualIds=[""field-visual-veld-overpower""]) -> CONV(value=""THUNDER_VELD_LOSS"") -> ALLY(value=101) -> FLAG(key=""thunderFortCleared"") -> STEP(value=6) -> SUB(value=0) -> LOG(value=""ジョセフが同行した。大灯台へ向かおう。"")]"
"POST_THUNDER_FORT_BASE_1","解放兵","要塞に人の声が戻った。
まだ信じられないよ。","1002","種別=会話; 行=1/2; 参照=post_thunder_fort_base_1:actions[0]; event=post_thunder_fort_base_1; actions=[CONV(value=""POST_THUNDER_FORT_BASE_1"")]"
"POST_THUNDER_FORT_BASE_1","解放兵","レナード様の刃も、
ジョセフ様の盾も本物だった。","1002","種別=会話; 行=2/2; 参照=post_thunder_fort_base_1:actions[0]; event=post_thunder_fort_base_1; actions=[CONV(value=""POST_THUNDER_FORT_BASE_1"")]"
"QUEST_SOPHIA_ALAN_ENCOUNTER","ソフィア","祭壇の流れが逆向きだ。
来るよ、足場から離れないで。","","種別=会話; 行=1/2; 参照=quest_sophia_alan_encounter:actions[0]; event=quest_sophia_alan_encounter; actions=[CONV(value=""QUEST_SOPHIA_ALAN_ENCOUNTER"") -> BOSS(value=[302208,302202],winEventId=""quest_sophia_alan_clear"")]"
"QUEST_SOPHIA_ALAN_ENCOUNTER","アラン","正面は私が受けます。
ソフィア、流れを読むのは任せた。","","種別=会話; 行=2/2; 参照=quest_sophia_alan_encounter:actions[0]; event=quest_sophia_alan_encounter; actions=[CONV(value=""QUEST_SOPHIA_ALAN_ENCOUNTER"") -> BOSS(value=[302208,302202],winEventId=""quest_sophia_alan_clear"")]"
"QUEST_SOPHIA_ALAN_CLEAR","ソフィア","禁じられた水路ほど、
先を覗きたくなるものさ。","","種別=会話; 行=1/3; 参照=quest_sophia_alan_clear:actions[0]; event=quest_sophia_alan_clear; actions=[CONV(value=""QUEST_SOPHIA_ALAN_CLEAR"")]"
"QUEST_SOPHIA_ALAN_CLEAR","アラン","あなたは覗くだけでは済まない。
私が止め役になります。","","種別=会話; 行=2/3; 参照=quest_sophia_alan_clear:actions[0]; event=quest_sophia_alan_clear; actions=[CONV(value=""QUEST_SOPHIA_ALAN_CLEAR"")]"
"QUEST_SOPHIA_ALAN_CLEAR","ソフィア","決まりだね。
未知の続きは、この一行で見る。","","種別=会話; 行=3/3; 参照=quest_sophia_alan_clear:actions[0]; event=quest_sophia_alan_clear; actions=[CONV(value=""QUEST_SOPHIA_ALAN_CLEAR"")]"
"QUEST_HAYATE_START","ハヤテ","アランが認めた旅人ってのは、
あんたか。","","種別=会話; 行=1/4; 参照=quest_hayate_start:actions[0]; event=quest_hayate_start; actions=[CONV(value=""QUEST_HAYATE_START"")]"
"QUEST_HAYATE_START","ハヤテ","近海にアクアウィスプとバンパイアが出てる。
合わせて六体。荷運びが止まった。","","種別=会話; 行=2/4; 参照=quest_hayate_start:actions[0]; event=quest_hayate_start; actions=[CONV(value=""QUEST_HAYATE_START"")]"
"QUEST_HAYATE_START","ハヤテ","速さは逃げるためじゃない。
困ってる奴のところへ、誰より先に着くためだ。","","種別=会話; 行=3/4; 参照=quest_hayate_start:actions[0]; event=quest_hayate_start; actions=[CONV(value=""QUEST_HAYATE_START"")]"
"QUEST_HAYATE_START","ハヤテ","どっちが先に片づける？
海風が寝ちまう前にな。","","種別=会話; 行=4/4; 参照=quest_hayate_start:actions[0]; event=quest_hayate_start; actions=[CONV(value=""QUEST_HAYATE_START"")]"
"QUEST_HAYATE_REPORT","ハヤテ","俺が着いた時には、
最後の一匹が倒れてた。","","種別=会話; 行=1/2; 参照=quest_hayate_report:actions[0]; event=quest_hayate_report; actions=[CONV(value=""QUEST_HAYATE_REPORT"")]"
"QUEST_HAYATE_REPORT","ハヤテ","負けたままじゃ眠れない。
旅の先で、もう一度勝負だ。","","種別=会話; 行=2/2; 参照=quest_hayate_report:actions[0]; event=quest_hayate_report; actions=[CONV(value=""QUEST_HAYATE_REPORT"")]"
"QUEST_SYLVIA_START","シルビア","ジョセフ様の盾は、
退く者まで守ったと聞きます。","","種別=会話; 行=1/4; 参照=quest_sylvia_start:actions[0]; event=quest_sylvia_start; actions=[CONV(value=""QUEST_SYLVIA_START"")]"
"QUEST_SYLVIA_START","シルビア","けれど水上都市の外縁には今も、
帰れない荷車が残っています。","","種別=会話; 行=2/4; 参照=quest_sylvia_start:actions[0]; event=quest_sylvia_start; actions=[CONV(value=""QUEST_SYLVIA_START"")]"
"QUEST_SYLVIA_START","シルビア","ウィスプナイトとバンパイアを
合計五体。護衛を手伝ってください。","","種別=会話; 行=3/4; 参照=quest_sylvia_start:actions[0]; event=quest_sylvia_start; actions=[CONV(value=""QUEST_SYLVIA_START"")]"
"QUEST_SYLVIA_START","シルビア","私も槍を置く気はありません。
荷台の灯を、門まで戻します。","","種別=会話; 行=4/4; 参照=quest_sylvia_start:actions[0]; event=quest_sylvia_start; actions=[CONV(value=""QUEST_SYLVIA_START"")]"
"QUEST_SYLVIA_REPORT","シルビア","荷車が三台、門を越えました。
泣いていた御者まで笑って。","","種別=会話; 行=1/2; 参照=quest_sylvia_report:actions[0]; event=quest_sylvia_report; actions=[CONV(value=""QUEST_SYLVIA_REPORT"")]"
"QUEST_SYLVIA_REPORT","シルビア","守るだけでは届かない場所へ、
今度は私も進みます。","","種別=会話; 行=2/2; 参照=quest_sylvia_report:actions[0]; event=quest_sylvia_report; actions=[CONV(value=""QUEST_SYLVIA_REPORT"")]"
"LOCKED_BIG_TOWER","ジョセフ","灯台の上から嫌な匂いがする。
ただ、今はまだ何を壊せばいいか分からねえ。","101","種別=会話; 行=1/2; 参照=locked_big_tower:actions[0]; event=locked_big_tower; actions=[CONV(value=""LOCKED_BIG_TOWER"")]"
"LOCKED_BIG_TOWER","ジョセフ","先に雷の要塞だ。あそこで何が起きているか掴めば、大灯台の意味も見えてくるはずだ。","101","種別=会話; 行=2/2; 参照=locked_big_tower:actions[0]; event=locked_big_tower; actions=[CONV(value=""LOCKED_BIG_TOWER"")]"
"LIGHTHOUSE_MIDBOSS_ENCOUNTER","ヘルクラッシャー","灯ヲ消ス侵入者ドモ。ココデ散レ。","","種別=会話; 行=1/2; 参照=big_tower_midboss_encounter:actions[0]; event=big_tower_midboss_encounter; actions=[CONV(value=""LIGHTHOUSE_MIDBOSS_ENCOUNTER"") -> BOSS(value=[301060,301062],keyRewardColor=""gold"",winEventId=""big_tower_midboss_clear"")]"
"LIGHTHOUSE_MIDBOSS_ENCOUNTER","デモンキャット","魔界ノ呪イデノタウチ回レ。","","種別=会話; 行=2/2; 参照=big_tower_midboss_encounter:actions[0]; event=big_tower_midboss_encounter; actions=[CONV(value=""LIGHTHOUSE_MIDBOSS_ENCOUNTER"") -> BOSS(value=[301060,301062],keyRewardColor=""gold"",winEventId=""big_tower_midboss_clear"")]"
"LIGHTHOUSE_MIDBOSS_CLEAR","エリーゼ","金色の鍵……これで上層の扉が開くはずです。","106","種別=会話; 行=1/1; 参照=big_tower_midboss_clear:actions[0]; event=big_tower_midboss_clear; actions=[CONV(value=""LIGHTHOUSE_MIDBOSS_CLEAR"")]"
"LIGHTHOUSE_LILITH_ENCOUNTER","システム","大灯台の最上階。灯火の代わりに、黒い魔術結界が空へ伸びている。","","種別=会話; 行=1/6; 参照=big_tower_lilith_encounter:actions[0]; event=big_tower_lilith_encounter; actions=[CONV(value=""LIGHTHOUSE_LILITH_ENCOUNTER"") -> BOSS(value=301061,winEventId=""big_tower_clear"")]"
"LIGHTHOUSE_LILITH_ENCOUNTER","常闇のリリス","ここまで登ってくるなんて。はぁ、ヴェルドもやきがまわったわね。","","種別=会話; 行=2/6; 参照=big_tower_lilith_encounter:actions[0]; event=big_tower_lilith_encounter; actions=[CONV(value=""LIGHTHOUSE_LILITH_ENCOUNTER"") -> BOSS(value=301061,winEventId=""big_tower_clear"")]"
"LIGHTHOUSE_LILITH_ENCOUNTER","エリーゼ","なんて恐ろしい魔力…風が苦しく泣いています。","106","種別=会話; 行=3/6; 参照=big_tower_lilith_encounter:actions[0]; event=big_tower_lilith_encounter; actions=[CONV(value=""LIGHTHOUSE_LILITH_ENCOUNTER"") -> BOSS(value=301061,winEventId=""big_tower_clear"")]"
"LIGHTHOUSE_LILITH_ENCOUNTER","ジョセフ","誰だか知らねーが、サクッとその結界、壊させてもらうぜ。","101","種別=会話; 行=4/6; 参照=big_tower_lilith_encounter:actions[0]; event=big_tower_lilith_encounter; actions=[CONV(value=""LIGHTHOUSE_LILITH_ENCOUNTER"") -> BOSS(value=301061,winEventId=""big_tower_clear"")]"
"LIGHTHOUSE_LILITH_ENCOUNTER","常闇のリリス","…身の程をわきまえなさい。そして思い知りなさい。","","種別=会話; 行=5/6; 参照=big_tower_lilith_encounter:actions[0]; event=big_tower_lilith_encounter; actions=[CONV(value=""LIGHTHOUSE_LILITH_ENCOUNTER"") -> BOSS(value=301061,winEventId=""big_tower_clear"")]"
"LIGHTHOUSE_LILITH_ENCOUNTER","常闇のリリス","お前たちが相対しているのは、魔術の深淵に座す者であることを。","","種別=会話; 行=6/6; 参照=big_tower_lilith_encounter:actions[0]; event=big_tower_lilith_encounter; actions=[CONV(value=""LIGHTHOUSE_LILITH_ENCOUNTER"") -> BOSS(value=301061,winEventId=""big_tower_clear"")]"
"LIGHTHOUSE_CLEAR","常闇のリリス","ああ、私の結界が…混沌の光が空に溶けていく…","","種別=会話; 行=1/8; 参照=big_tower_clear:actions[0]; event=big_tower_clear; actions=[CONV(value=""LIGHTHOUSE_CLEAR"") -> FLAG(key=""lighthouseCleared"") -> FLAG(key=""bigTowerCleared"") -> STEP(value=7) -> SUB(value=0) -> LOG(value=""光の神殿を覆う結界が消えた。"")]"
"LIGHTHOUSE_CLEAR","常闇のリリス","身の程知らずとは、私のこと。ヴェルド、ジャスパー、気をつけなさい。","","種別=会話; 行=2/8; 参照=big_tower_clear:actions[0]; event=big_tower_clear; actions=[CONV(value=""LIGHTHOUSE_CLEAR"") -> FLAG(key=""lighthouseCleared"") -> FLAG(key=""bigTowerCleared"") -> STEP(value=7) -> SUB(value=0) -> LOG(value=""光の神殿を覆う結界が消えた。"")]"
"LIGHTHOUSE_CLEAR","常闇のリリス","……小さな反逆者じゃない。失われたはずの…光の神の加護が、まだここに…","","種別=会話; 行=3/8; 参照=big_tower_clear:actions[0]; event=big_tower_clear; actions=[CONV(value=""LIGHTHOUSE_CLEAR"") -> FLAG(key=""lighthouseCleared"") -> FLAG(key=""bigTowerCleared"") -> STEP(value=7) -> SUB(value=0) -> LOG(value=""光の神殿を覆う結界が消えた。"")]"
"LIGHTHOUSE_CLEAR","システム","リリスの消滅と同時に、大灯台の頂、黒き光の波動が鈍い音をたてて砕け散った。","","種別=会話; 行=4/8; 参照=big_tower_clear:actions[0]; event=big_tower_clear; actions=[CONV(value=""LIGHTHOUSE_CLEAR"") -> FLAG(key=""lighthouseCleared"") -> FLAG(key=""bigTowerCleared"") -> STEP(value=7) -> SUB(value=0) -> LOG(value=""光の神殿を覆う結界が消えた。"")]"
"LIGHTHOUSE_CLEAR","ケイト","やった、魔力の濁りが消えました！これで神殿の結界も解かれたはずです。","104","種別=会話; 行=5/8; 参照=big_tower_clear:actions[0]; event=big_tower_clear; actions=[CONV(value=""LIGHTHOUSE_CLEAR"") -> FLAG(key=""lighthouseCleared"") -> FLAG(key=""bigTowerCleared"") -> STEP(value=7) -> SUB(value=0) -> LOG(value=""光の神殿を覆う結界が消えた。"")]"
"LIGHTHOUSE_CLEAR","サラ","あの人最期に…光の神様…まだ私たちを見守ってくれているのでしょうか…？","110","種別=会話; 行=6/8; 参照=big_tower_clear:actions[0]; event=big_tower_clear; actions=[CONV(value=""LIGHTHOUSE_CLEAR"") -> FLAG(key=""lighthouseCleared"") -> FLAG(key=""bigTowerCleared"") -> STEP(value=7) -> SUB(value=0) -> LOG(value=""光の神殿を覆う結界が消えた。"")]"
"LIGHTHOUSE_CLEAR","ジョセフ","確かにそんなこと言ってやがったな。だが、ただの負け惜しみじゃねえか？","101","種別=会話; 行=7/8; 参照=big_tower_clear:actions[0]; event=big_tower_clear; actions=[CONV(value=""LIGHTHOUSE_CLEAR"") -> FLAG(key=""lighthouseCleared"") -> FLAG(key=""bigTowerCleared"") -> STEP(value=7) -> SUB(value=0) -> LOG(value=""光の神殿を覆う結界が消えた。"")]"
"LIGHTHOUSE_CLEAR","ジョセフ","ともあれ、俺たちの勝ちだ！まだ間に合うはずだ、雷の要塞を越えて、光の神殿へ向かおうぜ。","101","種別=会話; 行=8/8; 参照=big_tower_clear:actions[0]; event=big_tower_clear; actions=[CONV(value=""LIGHTHOUSE_CLEAR"") -> FLAG(key=""lighthouseCleared"") -> FLAG(key=""bigTowerCleared"") -> STEP(value=7) -> SUB(value=0) -> LOG(value=""光の神殿を覆う結界が消えた。"")]"
"QUEST_ZELIED_START","ゼリード","ん、[N:101]、か…まだ生きていたとは驚きだ。
灯台の火は戻ったようだな。","103","種別=会話; 行=1/4; 参照=quest_zelied_start:actions[0]; event=quest_zelied_start; actions=[CONV(value=""QUEST_ZELIED_START"")]"
"QUEST_ZELIED_START","ジョセフ","お、お前、[N:103]じゃねえか！！
今までどこで何してやがった。勝手にいなくなって、悪い噂しか聞かなくなって、死んだとばかり…","101","種別=会話; 行=2/4; 参照=quest_zelied_start:actions[0]; event=quest_zelied_start; actions=[CONV(value=""QUEST_ZELIED_START"")]"
"QUEST_ZELIED_START","ゼリード","…騎士様にはわからねえよ。
んなことより、まだ、上に嫌な気配が残ってるぜ。","103","種別=会話; 行=3/4; 参照=quest_zelied_start:actions[0]; event=quest_zelied_start; actions=[CONV(value=""QUEST_ZELIED_START"")]"
"QUEST_ZELIED_START","ゼリード","あれを放っておけば、ここはまた闇を生み出す。
…性分じゃねえが、頼まれてな。手伝ってくれ。","103","種別=会話; 行=4/4; 参照=quest_zelied_start:actions[0]; event=quest_zelied_start; actions=[CONV(value=""QUEST_ZELIED_START"")]"
"QUEST_ZELIED_TOWER_ECHO_ENCOUNTER","ゼリード","傀儡の機械と魔獣風情が、妙な力を持っちまったみたいだな…","103","種別=会話; 行=1/2; 参照=quest_zelied_tower_echo_encounter:actions[0]; event=quest_zelied_tower_echo_encounter; actions=[CONV(value=""QUEST_ZELIED_TOWER_ECHO_ENCOUNTER"") -> BOSS(value=[301060,302205],bossStatMultiplier=1.25,winEventId=""quest_zelied_tower_echo_clear"")]"
"QUEST_ZELIED_TOWER_ECHO_ENCOUNTER","ゼリード","来るぞ。構えろ！","103","種別=会話; 行=2/2; 参照=quest_zelied_tower_echo_encounter:actions[0]; event=quest_zelied_tower_echo_encounter; actions=[CONV(value=""QUEST_ZELIED_TOWER_ECHO_ENCOUNTER"") -> BOSS(value=[301060,302205],bossStatMultiplier=1.25,winEventId=""quest_zelied_tower_echo_clear"")]"
"QUEST_ZELIED_TOWER_ECHO_CLEAR","ゼリード","……消えたか。これで灯台は本当に静かになる。","","種別=会話; 行=1/2; 参照=quest_zelied_tower_echo_clear:actions[0]; event=quest_zelied_tower_echo_clear; actions=[CONV(value=""QUEST_ZELIED_TOWER_ECHO_CLEAR"")]"
"QUEST_ZELIED_TOWER_ECHO_CLEAR","ゼリード","一階へ戻ろう。俺の答えも、そこで渡す。","","種別=会話; 行=2/2; 参照=quest_zelied_tower_echo_clear:actions[0]; event=quest_zelied_tower_echo_clear; actions=[CONV(value=""QUEST_ZELIED_TOWER_ECHO_CLEAR"")]"
"QUEST_ZELIED_REPORT","ゼリード","改めて、ありがとな。[N:301]、[N:101]。
俺一人じゃ、あんな化け物倒すのは厳しかった。","103","種別=会話; 行=1/7; 参照=quest_zelied_report:actions[0]; event=quest_zelied_report; actions=[CONV(value=""QUEST_ZELIED_REPORT"")]"
"QUEST_ZELIED_REPORT","ゼリード","あの儀式のあと、俺みたいな斥候は王国から追放された…いや違うな、全ての犯人にされたんだ。","103","種別=会話; 行=2/7; 参照=quest_zelied_report:actions[0]; event=quest_zelied_report; actions=[CONV(value=""QUEST_ZELIED_REPORT"")]"
"QUEST_ZELIED_REPORT","ゼリード","だから今日までずっと身を潜めてきた。会いに行けなくて悪かったな、戦友。","103","種別=会話; 行=3/7; 参照=quest_zelied_report:actions[0]; event=quest_zelied_report; actions=[CONV(value=""QUEST_ZELIED_REPORT"")]"
"QUEST_ZELIED_REPORT","ジョセフ","そんなことが…何も知らず、すまなかった。
お前はそれでも影から、民を守っていたんだな。","101","種別=会話; 行=4/7; 参照=quest_zelied_report:actions[0]; event=quest_zelied_report; actions=[CONV(value=""QUEST_ZELIED_REPORT"")]"
"QUEST_ZELIED_REPORT","ゼリード","柄じゃねえけどな。俺にも騎士様の志とやらが
しみこんじまったみたいだ。","103","種別=会話; 行=5/7; 参照=quest_zelied_report:actions[0]; event=quest_zelied_report; actions=[CONV(value=""QUEST_ZELIED_REPORT"")]"
"QUEST_ZELIED_REPORT","ゼリード","……俺も、お前たちの旅に連れてってくれ。
世界の真実とやら、奪いに行かせてくれ。","103","種別=会話; 行=6/7; 参照=quest_zelied_report:actions[0]; event=quest_zelied_report; actions=[CONV(value=""QUEST_ZELIED_REPORT"")]"
"QUEST_ZELIED_REPORT","システム","[N:103]が仲間に加わった！","","種別=会話; 行=7/7; 参照=quest_zelied_report:actions[0]; event=quest_zelied_report; actions=[CONV(value=""QUEST_ZELIED_REPORT"")]"
"LOCKED_LIGHT_PALACE","システム","神殿の入口を覆う光の膜が、触れる前から肌を刺す。清らかな光ではない。術式で閉じられた結界だ。","","種別=会話; 行=1/2; 参照=locked_light_palace:actions[0]; event=locked_light_palace; actions=[CONV(value=""LOCKED_LIGHT_PALACE"")]"
"LOCKED_LIGHT_PALACE","ジョセフ","レナードが言っていた大灯台。あそこの装置を止めなきゃ、この膜は破れそうにねえ。","101","種別=会話; 行=2/2; 参照=locked_light_palace:actions[0]; event=locked_light_palace; actions=[CONV(value=""LOCKED_LIGHT_PALACE"")]"
"LIGHT_PALACE_PRISON_KING","国王","……誰か、いるのか。
その足音は、神官どものものではないな。","","種別=会話; 行=1/7; 参照=light_palace_prison_king:actions[0]; event=light_palace_prison_king; actions=[CONV(value=""LIGHT_PALACE_PRISON_KING"")]"
"LIGHT_PALACE_PRISON_KING","国王","この身は国王と呼ばれた男だ。
だが今は、ただの咎人だ。","","種別=会話; 行=2/7; 参照=light_palace_prison_king:actions[0]; event=light_palace_prison_king; actions=[CONV(value=""LIGHT_PALACE_PRISON_KING"")]"
"LIGHT_PALACE_PRISON_KING","国王","ヴェルドは……最も高潔な聖騎士であった。
民の名を、私より多く覚えていた男だ。","","種別=会話; 行=3/7; 参照=light_palace_prison_king:actions[0]; event=light_palace_prison_king; actions=[CONV(value=""LIGHT_PALACE_PRISON_KING"")]"
"LIGHT_PALACE_PRISON_KING","国王","それが今は、まるで別人だ。
目だけが、深い井戸の底に沈んでいる。","","種別=会話; 行=4/7; 参照=light_palace_prison_king:actions[0]; event=light_palace_prison_king; actions=[CONV(value=""LIGHT_PALACE_PRISON_KING"")]"
"LIGHT_PALACE_PRISON_KING","国王","あの過ちの日……プリズム崩壊の日から、
神官たちがおかしくなっていったのは覚えている。","","種別=会話; 行=5/7; 参照=light_palace_prison_king:actions[0]; event=light_palace_prison_king; actions=[CONV(value=""LIGHT_PALACE_PRISON_KING"")]"
"LIGHT_PALACE_PRISON_KING","国王","止めるべきだった。
王の印など捨てて、儀式を止めるべきだった。","","種別=会話; 行=6/7; 参照=light_palace_prison_king:actions[0]; event=light_palace_prison_king; actions=[CONV(value=""LIGHT_PALACE_PRISON_KING"")]"
"LIGHT_PALACE_PRISON_KING","国王","すまない。
すまない、民よ。すまない、光よ。","","種別=会話; 行=7/7; 参照=light_palace_prison_king:actions[0]; event=light_palace_prison_king; actions=[CONV(value=""LIGHT_PALACE_PRISON_KING"")]"
"LIGHT_PALACE_CATALYST_QUEST_START","国王","……一つ、頼みがある。王命ではない。
ここに残された者の、身勝手な頼みだ。","","種別=会話; 行=1/4; 参照=light_palace_catalyst_quest_start:actions[0]; event=light_palace_catalyst_quest_start; actions=[CONV(value=""LIGHT_PALACE_CATALYST_QUEST_START"")]"
"LIGHT_PALACE_CATALYST_QUEST_START","国王","宮殿の工房には、遠い土地の炉と錬金炉を結ぶ古い触媒器があった。
神官たちは価値を知らず、核を抜いて捨てたらしい。","","種別=会話; 行=2/4; 参照=light_palace_catalyst_quest_start:actions[0]; event=light_palace_catalyst_quest_start; actions=[CONV(value=""LIGHT_PALACE_CATALYST_QUEST_START"")]"
"LIGHT_PALACE_CATALYST_QUEST_START","国王","業火の壺を三つ。星銀鋼、虹の結晶、星の涙を一つずつ。
それだけあれば、私の知る組み方で器を起こせる。","","種別=会話; 行=3/4; 参照=light_palace_catalyst_quest_start:actions[0]; event=light_palace_catalyst_quest_start; actions=[CONV(value=""LIGHT_PALACE_CATALYST_QUEST_START"")]"
"LIGHT_PALACE_CATALYST_QUEST_START","国王","そろったら、ここへ持ってきてほしい。
牢の中でも、手だけはまだ動く。","","種別=会話; 行=4/4; 参照=light_palace_catalyst_quest_start:actions[0]; event=light_palace_catalyst_quest_start; actions=[CONV(value=""LIGHT_PALACE_CATALYST_QUEST_START"")]"
"LIGHT_PALACE_CATALYST_QUEST_REPORT_BEFORE","国王","……その匂い。業火の壺まで、本当に持ち帰ったのか。
危うい品だ。こちらへ。","","種別=会話; 行=1/1; 参照=light_palace_catalyst_quest_report:actions[0]; event=light_palace_catalyst_quest_report; actions=[CONV(value=""LIGHT_PALACE_CATALYST_QUEST_REPORT_BEFORE"") -> CONV(value=""LIGHT_PALACE_CATALYST_QUEST_REPORT_AFTER"")]"
"LIGHT_PALACE_CATALYST_QUEST_REPORT_AFTER","国王","星銀で熱を抱き、虹の結晶で流れを分け、星の涙で定着させる。
……よし。まだ、私の指は覚えていた。","","種別=会話; 行=1/3; 参照=light_palace_catalyst_quest_report:actions[1]; event=light_palace_catalyst_quest_report; actions=[CONV(value=""LIGHT_PALACE_CATALYST_QUEST_REPORT_BEFORE"") -> CONV(value=""LIGHT_PALACE_CATALYST_QUEST_REPORT_AFTER"")]"
"LIGHT_PALACE_CATALYST_QUEST_REPORT_AFTER","国王","これは『星詠みの触媒器』。
持つ者のいる場所を仮の工房として、鍛冶と錬金の火をつなぐ器だ。","","種別=会話; 行=2/3; 参照=light_palace_catalyst_quest_report:actions[1]; event=light_palace_catalyst_quest_report; actions=[CONV(value=""LIGHT_PALACE_CATALYST_QUEST_REPORT_BEFORE"") -> CONV(value=""LIGHT_PALACE_CATALYST_QUEST_REPORT_AFTER"")]"
"LIGHT_PALACE_CATALYST_QUEST_REPORT_AFTER","国王","受け取ってくれ。
王冠ではなく、旅の役に立つものを渡せるのは……久しぶりだ。","","種別=会話; 行=3/3; 参照=light_palace_catalyst_quest_report:actions[1]; event=light_palace_catalyst_quest_report; actions=[CONV(value=""LIGHT_PALACE_CATALYST_QUEST_REPORT_BEFORE"") -> CONV(value=""LIGHT_PALACE_CATALYST_QUEST_REPORT_AFTER"")]"
"LIGHT_PALACE_PRISON_KING_AFTER_CATALYST","国王","触媒器は、持ち主の手入れで長く働く。
炉の音が鈍ったら、煤を落としてやってくれ。","","種別=会話; 行=1/2; 参照=light_palace_prison_king_after_catalyst:actions[0]; event=light_palace_prison_king_after_catalyst; actions=[CONV(value=""LIGHT_PALACE_PRISON_KING_AFTER_CATALYST"")]"
"LIGHT_PALACE_PRISON_KING_AFTER_CATALYST","国王","どこにいても工房の火は呼べる。
だが、火を急かしすぎるな。良い仕事ほど、待つ時間が要る。","","種別=会話; 行=2/2; 参照=light_palace_prison_king_after_catalyst:actions[0]; event=light_palace_prison_king_after_catalyst; actions=[CONV(value=""LIGHT_PALACE_PRISON_KING_AFTER_CATALYST"")]"
"LIGHT_PALACE_PRISON_PRIEST_A","老神職","わしらは、深淵に魅入られなんだ。
誇りではない。光の加護が、首輪を拒んだだけじゃ。","","種別=会話; 行=1/4; 参照=light_palace_prison_priest_a:actions[0]; event=light_palace_prison_priest_a; actions=[CONV(value=""LIGHT_PALACE_PRISON_PRIEST_A"")]"
"LIGHT_PALACE_PRISON_PRIEST_A","老神職","そのせいで、ここに押し込められた。
祝福の名を借りた飢えは、じわじわ来る。","","種別=会話; 行=2/4; 参照=light_palace_prison_priest_a:actions[0]; event=light_palace_prison_priest_a; actions=[CONV(value=""LIGHT_PALACE_PRISON_PRIEST_A"")]"
"LIGHT_PALACE_PRISON_PRIEST_A","老神職","神官ジャスパーは、最初から狂っていたわけではない。
夜ごと、割れたプリズムの前で何かを書き続けておった。","","種別=会話; 行=3/4; 参照=light_palace_prison_priest_a:actions[0]; event=light_palace_prison_priest_a; actions=[CONV(value=""LIGHT_PALACE_PRISON_PRIEST_A"")]"
"LIGHT_PALACE_PRISON_PRIEST_A","老神職","第七の光だ、新しい理だ、と。
あれは信仰ではない。己の耳にだけ届く声への返事じゃ。","","種別=会話; 行=4/4; 参照=light_palace_prison_priest_a:actions[0]; event=light_palace_prison_priest_a; actions=[CONV(value=""LIGHT_PALACE_PRISON_PRIEST_A"")]"
"LIGHT_PALACE_PRISON_PRIEST_B","若い神職","ここでは、祈る声から先に弱っていきます。
声が枯れると、自分の名前まで遠くなる。","","種別=会話; 行=1/4; 参照=light_palace_prison_priest_b:actions[0]; event=light_palace_prison_priest_b; actions=[CONV(value=""LIGHT_PALACE_PRISON_PRIEST_B"")]"
"LIGHT_PALACE_PRISON_PRIEST_B","若い神職","それでも、誰かが夜に小さく唱えるんです。
まだ光は奪われていない、と。","","種別=会話; 行=2/4; 参照=light_palace_prison_priest_b:actions[0]; event=light_palace_prison_priest_b; actions=[CONV(value=""LIGHT_PALACE_PRISON_PRIEST_B"")]"
"LIGHT_PALACE_PRISON_PRIEST_B","若い神職","レイラ様は何度も扉を叩いていました。
命令に逆らえず、それでも逆らおうとしていた。","","種別=会話; 行=3/4; 参照=light_palace_prison_priest_b:actions[0]; event=light_palace_prison_priest_b; actions=[CONV(value=""LIGHT_PALACE_PRISON_PRIEST_B"")]"
"LIGHT_PALACE_PRISON_PRIEST_B","若い神職","あの方を責めないでください。
鎧の中で、誰より傷ついている音がしました。","","種別=会話; 行=4/4; 参照=light_palace_prison_priest_b:actions[0]; event=light_palace_prison_priest_b; actions=[CONV(value=""LIGHT_PALACE_PRISON_PRIEST_B"")]"
"LIGHT_PALACE_PRISON_GUARD_ENCOUNTER","地下牢の看守","止まれ。祝福を拒んだ者に、外の光を見せることは許されぬ。","","種別=会話; 行=1/3; 参照=light_palace_prison_guard_encounter:actions[0]; event=light_palace_prison_guard_encounter; actions=[CONV(value=""LIGHT_PALACE_PRISON_GUARD_ENCOUNTER"") -> BOSS(value=301071,bossStatMultiplier=1,winEventId=""light_palace_prison_guard_clear"")]"
"LIGHT_PALACE_PRISON_GUARD_ENCOUNTER","ジョセフ","祝福だと？　この奥から聞こえるのは、祈りじゃなく苦しむ声だ。","101","種別=会話; 行=2/3; 参照=light_palace_prison_guard_encounter:actions[0]; event=light_palace_prison_guard_encounter; actions=[CONV(value=""LIGHT_PALACE_PRISON_GUARD_ENCOUNTER"") -> BOSS(value=301071,bossStatMultiplier=1,winEventId=""light_palace_prison_guard_clear"")]"
"LIGHT_PALACE_PRISON_GUARD_ENCOUNTER","地下牢の看守","ならば貴様らも、光に裁かれてここへ沈め。","","種別=会話; 行=3/3; 参照=light_palace_prison_guard_encounter:actions[0]; event=light_palace_prison_guard_encounter; actions=[CONV(value=""LIGHT_PALACE_PRISON_GUARD_ENCOUNTER"") -> BOSS(value=301071,bossStatMultiplier=1,winEventId=""light_palace_prison_guard_clear"")]"
"LIGHT_PALACE_PRISON_GUARD_CLEAR","地下牢の看守","なぜだ……光に選ばれた、この私が……。","","種別=会話; 行=1/2; 参照=light_palace_prison_guard_clear:actions[0]; event=light_palace_prison_guard_clear; actions=[CONV(value=""LIGHT_PALACE_PRISON_GUARD_CLEAR"") -> FLAG(key=""lightPalacePrisonOpened"",refreshField=true)]"
"LIGHT_PALACE_PRISON_GUARD_CLEAR","システム","看守が握っていた封印具が砕け、牢の扉が一斉に開いた。","","種別=会話; 行=2/2; 参照=light_palace_prison_guard_clear:actions[0]; event=light_palace_prison_guard_clear; actions=[CONV(value=""LIGHT_PALACE_PRISON_GUARD_CLEAR"") -> FLAG(key=""lightPalacePrisonOpened"",refreshField=true)]"
"LIGHT_PALACE_LEILA_CURSED","システム","ベッドに横たわる聖騎士は、汚染された光の呪いに蝕まれている。呼吸は浅く、目を開けることさえできない。","","種別=会話; 行=1/3; 参照=light_palace_prison_leila:actions[0].else[0]; event=light_palace_prison_leila; actions=[IF_FLAG(key=""lightPalaceCleared""){then:[CONV(value=""LIGHT_PALACE_LEILA_STABILIZED"") -> IF_ITEM(id=5,count=1){then:[CHOICE(text=""世界樹の葉をレイラに渡しますか？""){yes:[CONSUME_ITEM(id=5,count=1) -> CONV(value=""LIGHT_PALACE_LEILA_RECOVERY_JOIN"") -> ALLY(value=204) -> FLAG(key=""leilaJoined"",refreshField=true)]}{no:[]}]}{else:[CONV(value=""LIGHT_PALACE_LEILA_NEEDS_LEAF"")]}]}{else:[CONV(value=""LIGHT_PALACE_LEILA_CURSED"")]}]"
"LIGHT_PALACE_LEILA_CURSED","レイラ","……ヴェル……ド……さま……。","204","種別=会話; 行=2/3; 参照=light_palace_prison_leila:actions[0].else[0]; event=light_palace_prison_leila; actions=[IF_FLAG(key=""lightPalaceCleared""){then:[CONV(value=""LIGHT_PALACE_LEILA_STABILIZED"") -> IF_ITEM(id=5,count=1){then:[CHOICE(text=""世界樹の葉をレイラに渡しますか？""){yes:[CONSUME_ITEM(id=5,count=1) -> CONV(value=""LIGHT_PALACE_LEILA_RECOVERY_JOIN"") -> ALLY(value=204) -> FLAG(key=""leilaJoined"",refreshField=true)]}{no:[]}]}{else:[CONV(value=""LIGHT_PALACE_LEILA_NEEDS_LEAF"")]}]}{else:[CONV(value=""LIGHT_PALACE_LEILA_CURSED"")]}]"
"LIGHT_PALACE_LEILA_CURSED","ケイト","今は話せる状態ではありません。まず、宮殿を覆う濁った光を止めないと。","104","種別=会話; 行=3/3; 参照=light_palace_prison_leila:actions[0].else[0]; event=light_palace_prison_leila; actions=[IF_FLAG(key=""lightPalaceCleared""){then:[CONV(value=""LIGHT_PALACE_LEILA_STABILIZED"") -> IF_ITEM(id=5,count=1){then:[CHOICE(text=""世界樹の葉をレイラに渡しますか？""){yes:[CONSUME_ITEM(id=5,count=1) -> CONV(value=""LIGHT_PALACE_LEILA_RECOVERY_JOIN"") -> ALLY(value=204) -> FLAG(key=""leilaJoined"",refreshField=true)]}{no:[]}]}{else:[CONV(value=""LIGHT_PALACE_LEILA_NEEDS_LEAF"")]}]}{else:[CONV(value=""LIGHT_PALACE_LEILA_CURSED"")]}]"
"LIGHT_PALACE_LEILA_STABILIZED","システム","宮殿を覆っていた呪いは弱まった。しかし、レイラの生命力はひどく衰えたままだ。","","種別=会話; 行=1/3; 参照=light_palace_prison_leila:actions[0].then[0]; event=light_palace_prison_leila; actions=[IF_FLAG(key=""lightPalaceCleared""){then:[CONV(value=""LIGHT_PALACE_LEILA_STABILIZED"") -> IF_ITEM(id=5,count=1){then:[CHOICE(text=""世界樹の葉をレイラに渡しますか？""){yes:[CONSUME_ITEM(id=5,count=1) -> CONV(value=""LIGHT_PALACE_LEILA_RECOVERY_JOIN"") -> ALLY(value=204) -> FLAG(key=""leilaJoined"",refreshField=true)]}{no:[]}]}{else:[CONV(value=""LIGHT_PALACE_LEILA_NEEDS_LEAF"")]}]}{else:[CONV(value=""LIGHT_PALACE_LEILA_CURSED"")]}]"
"LIGHT_PALACE_LEILA_STABILIZED","レイラ","……皆さんが、光を……取り戻してくださったのですね。","204","種別=会話; 行=2/3; 参照=light_palace_prison_leila:actions[0].then[0]; event=light_palace_prison_leila; actions=[IF_FLAG(key=""lightPalaceCleared""){then:[CONV(value=""LIGHT_PALACE_LEILA_STABILIZED"") -> IF_ITEM(id=5,count=1){then:[CHOICE(text=""世界樹の葉をレイラに渡しますか？""){yes:[CONSUME_ITEM(id=5,count=1) -> CONV(value=""LIGHT_PALACE_LEILA_RECOVERY_JOIN"") -> ALLY(value=204) -> FLAG(key=""leilaJoined"",refreshField=true)]}{no:[]}]}{else:[CONV(value=""LIGHT_PALACE_LEILA_NEEDS_LEAF"")]}]}{else:[CONV(value=""LIGHT_PALACE_LEILA_CURSED"")]}]"
"LIGHT_PALACE_LEILA_STABILIZED","ケイト","容体は少し落ち着きました。でも、この衰弱を癒すには世界樹の葉ほどの生命力が必要です。","104","種別=会話; 行=3/3; 参照=light_palace_prison_leila:actions[0].then[0]; event=light_palace_prison_leila; actions=[IF_FLAG(key=""lightPalaceCleared""){then:[CONV(value=""LIGHT_PALACE_LEILA_STABILIZED"") -> IF_ITEM(id=5,count=1){then:[CHOICE(text=""世界樹の葉をレイラに渡しますか？""){yes:[CONSUME_ITEM(id=5,count=1) -> CONV(value=""LIGHT_PALACE_LEILA_RECOVERY_JOIN"") -> ALLY(value=204) -> FLAG(key=""leilaJoined"",refreshField=true)]}{no:[]}]}{else:[CONV(value=""LIGHT_PALACE_LEILA_NEEDS_LEAF"")]}]}{else:[CONV(value=""LIGHT_PALACE_LEILA_CURSED"")]}]"
"LIGHT_PALACE_LEILA_NEEDS_LEAF","システム","レイラを完全に回復させるには「世界樹の葉」が必要だ。","","種別=会話; 行=1/1; 参照=light_palace_prison_leila:actions[0].then[1].else[0]; event=light_palace_prison_leila; actions=[IF_FLAG(key=""lightPalaceCleared""){then:[CONV(value=""LIGHT_PALACE_LEILA_STABILIZED"") -> IF_ITEM(id=5,count=1){then:[CHOICE(text=""世界樹の葉をレイラに渡しますか？""){yes:[CONSUME_ITEM(id=5,count=1) -> CONV(value=""LIGHT_PALACE_LEILA_RECOVERY_JOIN"") -> ALLY(value=204) -> FLAG(key=""leilaJoined"",refreshField=true)]}{no:[]}]}{else:[CONV(value=""LIGHT_PALACE_LEILA_NEEDS_LEAF"")]}]}{else:[CONV(value=""LIGHT_PALACE_LEILA_CURSED"")]}]"
"LIGHT_PALACE_LEILA_RECOVERY_JOIN","システム","世界樹の葉からあふれた生命の光が、レイラを蝕む濁りを押し流していく。","","種別=会話; 行=1/8; 参照=light_palace_prison_leila:actions[0].then[1].then[0].yes[1]; event=light_palace_prison_leila; actions=[IF_FLAG(key=""lightPalaceCleared""){then:[CONV(value=""LIGHT_PALACE_LEILA_STABILIZED"") -> IF_ITEM(id=5,count=1){then:[CHOICE(text=""世界樹の葉をレイラに渡しますか？""){yes:[CONSUME_ITEM(id=5,count=1) -> CONV(value=""LIGHT_PALACE_LEILA_RECOVERY_JOIN"") -> ALLY(value=204) -> FLAG(key=""leilaJoined"",refreshField=true)]}{no:[]}]}{else:[CONV(value=""LIGHT_PALACE_LEILA_NEEDS_LEAF"")]}]}{else:[CONV(value=""LIGHT_PALACE_LEILA_CURSED"")]}]"
"LIGHT_PALACE_LEILA_RECOVERY_JOIN","レイラ","……息が、できる。手足にも力が戻ってきます。助けてくださって、本当にありがとうございます。","204","種別=会話; 行=2/8; 参照=light_palace_prison_leila:actions[0].then[1].then[0].yes[1]; event=light_palace_prison_leila; actions=[IF_FLAG(key=""lightPalaceCleared""){then:[CONV(value=""LIGHT_PALACE_LEILA_STABILIZED"") -> IF_ITEM(id=5,count=1){then:[CHOICE(text=""世界樹の葉をレイラに渡しますか？""){yes:[CONSUME_ITEM(id=5,count=1) -> CONV(value=""LIGHT_PALACE_LEILA_RECOVERY_JOIN"") -> ALLY(value=204) -> FLAG(key=""leilaJoined"",refreshField=true)]}{no:[]}]}{else:[CONV(value=""LIGHT_PALACE_LEILA_NEEDS_LEAF"")]}]}{else:[CONV(value=""LIGHT_PALACE_LEILA_CURSED"")]}]"
"LIGHT_PALACE_LEILA_RECOVERY_JOIN","レイラ","皆さんが探している闇のプリズムは、かつて光の宮殿の西――闇の神殿に安置されていました。","204","種別=会話; 行=3/8; 参照=light_palace_prison_leila:actions[0].then[1].then[0].yes[1]; event=light_palace_prison_leila; actions=[IF_FLAG(key=""lightPalaceCleared""){then:[CONV(value=""LIGHT_PALACE_LEILA_STABILIZED"") -> IF_ITEM(id=5,count=1){then:[CHOICE(text=""世界樹の葉をレイラに渡しますか？""){yes:[CONSUME_ITEM(id=5,count=1) -> CONV(value=""LIGHT_PALACE_LEILA_RECOVERY_JOIN"") -> ALLY(value=204) -> FLAG(key=""leilaJoined"",refreshField=true)]}{no:[]}]}{else:[CONV(value=""LIGHT_PALACE_LEILA_NEEDS_LEAF"")]}]}{else:[CONV(value=""LIGHT_PALACE_LEILA_CURSED"")]}]"
"LIGHT_PALACE_LEILA_RECOVERY_JOIN","レイラ","ですが今、闇のプリズムは魔王城にあります。城へ至る道は王宮聖騎士の術式で封じられ、聖騎士でなければ通れません。","204","種別=会話; 行=4/8; 参照=light_palace_prison_leila:actions[0].then[1].then[0].yes[1]; event=light_palace_prison_leila; actions=[IF_FLAG(key=""lightPalaceCleared""){then:[CONV(value=""LIGHT_PALACE_LEILA_STABILIZED"") -> IF_ITEM(id=5,count=1){then:[CHOICE(text=""世界樹の葉をレイラに渡しますか？""){yes:[CONSUME_ITEM(id=5,count=1) -> CONV(value=""LIGHT_PALACE_LEILA_RECOVERY_JOIN"") -> ALLY(value=204) -> FLAG(key=""leilaJoined"",refreshField=true)]}{no:[]}]}{else:[CONV(value=""LIGHT_PALACE_LEILA_NEEDS_LEAF"")]}]}{else:[CONV(value=""LIGHT_PALACE_LEILA_CURSED"")]}]"
"LIGHT_PALACE_LEILA_RECOVERY_JOIN","レイラ","ヴェルドは、私の育ての親です。以前は誰よりも優しく、正しい人でした。それなのに、あの人は変わってしまった。","204","種別=会話; 行=5/8; 参照=light_palace_prison_leila:actions[0].then[1].then[0].yes[1]; event=light_palace_prison_leila; actions=[IF_FLAG(key=""lightPalaceCleared""){then:[CONV(value=""LIGHT_PALACE_LEILA_STABILIZED"") -> IF_ITEM(id=5,count=1){then:[CHOICE(text=""世界樹の葉をレイラに渡しますか？""){yes:[CONSUME_ITEM(id=5,count=1) -> CONV(value=""LIGHT_PALACE_LEILA_RECOVERY_JOIN"") -> ALLY(value=204) -> FLAG(key=""leilaJoined"",refreshField=true)]}{no:[]}]}{else:[CONV(value=""LIGHT_PALACE_LEILA_NEEDS_LEAF"")]}]}{else:[CONV(value=""LIGHT_PALACE_LEILA_CURSED"")]}]"
"LIGHT_PALACE_LEILA_RECOVERY_JOIN","レイラ","すべての真実を知り、闇のプリズムを守るために――どうか私を、魔王城まで同行させてください。","204","種別=会話; 行=6/8; 参照=light_palace_prison_leila:actions[0].then[1].then[0].yes[1]; event=light_palace_prison_leila; actions=[IF_FLAG(key=""lightPalaceCleared""){then:[CONV(value=""LIGHT_PALACE_LEILA_STABILIZED"") -> IF_ITEM(id=5,count=1){then:[CHOICE(text=""世界樹の葉をレイラに渡しますか？""){yes:[CONSUME_ITEM(id=5,count=1) -> CONV(value=""LIGHT_PALACE_LEILA_RECOVERY_JOIN"") -> ALLY(value=204) -> FLAG(key=""leilaJoined"",refreshField=true)]}{no:[]}]}{else:[CONV(value=""LIGHT_PALACE_LEILA_NEEDS_LEAF"")]}]}{else:[CONV(value=""LIGHT_PALACE_LEILA_CURSED"")]}]"
"LIGHT_PALACE_LEILA_RECOVERY_JOIN","システム","レイラの同行を受け入れた。","","種別=会話; 行=7/8; 参照=light_palace_prison_leila:actions[0].then[1].then[0].yes[1]; event=light_palace_prison_leila; actions=[IF_FLAG(key=""lightPalaceCleared""){then:[CONV(value=""LIGHT_PALACE_LEILA_STABILIZED"") -> IF_ITEM(id=5,count=1){then:[CHOICE(text=""世界樹の葉をレイラに渡しますか？""){yes:[CONSUME_ITEM(id=5,count=1) -> CONV(value=""LIGHT_PALACE_LEILA_RECOVERY_JOIN"") -> ALLY(value=204) -> FLAG(key=""leilaJoined"",refreshField=true)]}{no:[]}]}{else:[CONV(value=""LIGHT_PALACE_LEILA_NEEDS_LEAF"")]}]}{else:[CONV(value=""LIGHT_PALACE_LEILA_CURSED"")]}]"
"LIGHT_PALACE_LEILA_RECOVERY_JOIN","システム","[N:204]が仲間に加わった！","","種別=会話; 行=8/8; 参照=light_palace_prison_leila:actions[0].then[1].then[0].yes[1]; event=light_palace_prison_leila; actions=[IF_FLAG(key=""lightPalaceCleared""){then:[CONV(value=""LIGHT_PALACE_LEILA_STABILIZED"") -> IF_ITEM(id=5,count=1){then:[CHOICE(text=""世界樹の葉をレイラに渡しますか？""){yes:[CONSUME_ITEM(id=5,count=1) -> CONV(value=""LIGHT_PALACE_LEILA_RECOVERY_JOIN"") -> ALLY(value=204) -> FLAG(key=""leilaJoined"",refreshField=true)]}{no:[]}]}{else:[CONV(value=""LIGHT_PALACE_LEILA_NEEDS_LEAF"")]}]}{else:[CONV(value=""LIGHT_PALACE_LEILA_CURSED"")]}]"
"LIGHT_PALACE_FINAL_ENCOUNTER","システム","光の神殿最奥。光のプリズムは黒く濁り、不吉な光を周囲に放っている。","","種別=会話; 行=1/11; 参照=light_palace_final_encounter:actions[0]; event=light_palace_final_encounter; actions=[CONV(value=""LIGHT_PALACE_FINAL_ENCOUNTER"") -> BOSS(value=[301070,301050],bossStatMultiplier=3,winEventId=""light_palace_overpower_clear"",lossEventId=""light_palace_blessing_retry"")]"
"LIGHT_PALACE_FINAL_ENCOUNTER","ジョセフ","間に合ったか！？","101","種別=会話; 行=2/11; 参照=light_palace_final_encounter:actions[0]; event=light_palace_final_encounter; actions=[CONV(value=""LIGHT_PALACE_FINAL_ENCOUNTER"") -> BOSS(value=[301070,301050],bossStatMultiplier=3,winEventId=""light_palace_overpower_clear"",lossEventId=""light_palace_blessing_retry"")]"
"LIGHT_PALACE_FINAL_ENCOUNTER","ケイト","息が、うまく吸えません……。
光って、こんなに冷たいものでしたか……。","104","種別=会話; 行=3/11; 参照=light_palace_final_encounter:actions[0]; event=light_palace_final_encounter; actions=[CONV(value=""LIGHT_PALACE_FINAL_ENCOUNTER"") -> BOSS(value=[301070,301050],bossStatMultiplier=3,winEventId=""light_palace_overpower_clear"",lossEventId=""light_palace_blessing_retry"")]"
"LIGHT_PALACE_FINAL_ENCOUNTER","ケイト","水底で感じた濁りより、ずっと奥が黒い。
でも、表だけは白く光ってる……。","104","種別=会話; 行=4/11; 参照=light_palace_final_encounter:actions[0]; event=light_palace_final_encounter; actions=[CONV(value=""LIGHT_PALACE_FINAL_ENCOUNTER"") -> BOSS(value=[301070,301050],bossStatMultiplier=3,winEventId=""light_palace_overpower_clear"",lossEventId=""light_palace_blessing_retry"")]"
"LIGHT_PALACE_FINAL_ENCOUNTER","聖騎士ヴェルド","…お前たちはあの時消し飛んだはず…跡形もなく、だ。","","種別=会話; 行=5/11; 参照=light_palace_final_encounter:actions[0]; event=light_palace_final_encounter; actions=[CONV(value=""LIGHT_PALACE_FINAL_ENCOUNTER"") -> BOSS(value=[301070,301050],bossStatMultiplier=3,winEventId=""light_palace_overpower_clear"",lossEventId=""light_palace_blessing_retry"")]"
"LIGHT_PALACE_FINAL_ENCOUNTER","魔道神官ジャスパー","よもや、結界まで破るとは。
失態じゃな、ヴェルド。","","種別=会話; 行=6/11; 参照=light_palace_final_encounter:actions[0]; event=light_palace_final_encounter; actions=[CONV(value=""LIGHT_PALACE_FINAL_ENCOUNTER"") -> BOSS(value=[301070,301050],bossStatMultiplier=3,winEventId=""light_palace_overpower_clear"",lossEventId=""light_palace_blessing_retry"")]"
"LIGHT_PALACE_FINAL_ENCOUNTER","魔道神官ジャスパー","だが遅い。
祝福の儀は、もう誰の祈りでも止まらぬ。","","種別=会話; 行=7/11; 参照=light_palace_final_encounter:actions[0]; event=light_palace_final_encounter; actions=[CONV(value=""LIGHT_PALACE_FINAL_ENCOUNTER"") -> BOSS(value=[301070,301050],bossStatMultiplier=3,winEventId=""light_palace_overpower_clear"",lossEventId=""light_palace_blessing_retry"")]"
"LIGHT_PALACE_FINAL_ENCOUNTER","聖騎士ヴェルド","……まぁいい。ここが旅の終着点だ。","","種別=会話; 行=8/11; 参照=light_palace_final_encounter:actions[0]; event=light_palace_final_encounter; actions=[CONV(value=""LIGHT_PALACE_FINAL_ENCOUNTER"") -> BOSS(value=[301070,301050],bossStatMultiplier=3,winEventId=""light_palace_overpower_clear"",lossEventId=""light_palace_blessing_retry"")]"
"LIGHT_PALACE_FINAL_ENCOUNTER","聖騎士ヴェルド","混沌の光はすでに我らへ降りた。
小さき反逆者どもに、触れられる領域ではない。","","種別=会話; 行=9/11; 参照=light_palace_final_encounter:actions[0]; event=light_palace_final_encounter; actions=[CONV(value=""LIGHT_PALACE_FINAL_ENCOUNTER"") -> BOSS(value=[301070,301050],bossStatMultiplier=3,winEventId=""light_palace_overpower_clear"",lossEventId=""light_palace_blessing_retry"")]"
"LIGHT_PALACE_FINAL_ENCOUNTER","聖騎士ヴェルド","光の消えた瞳で、この世界の再誕を見届けるがよい。","","種別=会話; 行=10/11; 参照=light_palace_final_encounter:actions[0]; event=light_palace_final_encounter; actions=[CONV(value=""LIGHT_PALACE_FINAL_ENCOUNTER"") -> BOSS(value=[301070,301050],bossStatMultiplier=3,winEventId=""light_palace_overpower_clear"",lossEventId=""light_palace_blessing_retry"")]"
"LIGHT_PALACE_FINAL_ENCOUNTER","システム","ジャスパーとヴェルドの全身から、濁った白光が噴き上がる…！","","種別=会話; 行=11/11; 参照=light_palace_final_encounter:actions[0]; event=light_palace_final_encounter; actions=[CONV(value=""LIGHT_PALACE_FINAL_ENCOUNTER"") -> BOSS(value=[301070,301050],bossStatMultiplier=3,winEventId=""light_palace_overpower_clear"",lossEventId=""light_palace_blessing_retry"")]"
"LIGHT_PALACE_BLESSING_RETRY","システム","膝をついた仲間たちを、濁った光が押し潰そうとする。","","種別=会話; 行=1/6; 参照=light_palace_blessing_retry:actions[0]; event=light_palace_blessing_retry; actions=[CONV(value=""LIGHT_PALACE_BLESSING_RETRY"") -> HEAL -> BOSS(value=[301070,301050],winEventId=""light_palace_clear"")]"
"LIGHT_PALACE_BLESSING_RETRY","魔道神官ジャスパー","これで終わりだ。祝福に逆らう器など、欠片も残す必要はない。","","種別=会話; 行=2/6; 参照=light_palace_blessing_retry:actions[0]; event=light_palace_blessing_retry; actions=[CONV(value=""LIGHT_PALACE_BLESSING_RETRY"") -> HEAL -> BOSS(value=[301070,301050],winEventId=""light_palace_clear"")]"
"LIGHT_PALACE_BLESSING_RETRY","システム","その瞬間、[N:301]の胸の奥で、リュシオンの加護が強く輝いた。","","種別=会話; 行=3/6; 参照=light_palace_blessing_retry:actions[0]; event=light_palace_blessing_retry; actions=[CONV(value=""LIGHT_PALACE_BLESSING_RETRY"") -> HEAL -> BOSS(value=[301070,301050],winEventId=""light_palace_clear"")]"
"LIGHT_PALACE_BLESSING_RETRY","聖騎士ヴェルド","バカな！混沌の光が……我らから消えた……？","","種別=会話; 行=4/6; 参照=light_palace_blessing_retry:actions[0]; event=light_palace_blessing_retry; actions=[CONV(value=""LIGHT_PALACE_BLESSING_RETRY"") -> HEAL -> BOSS(value=[301070,301050],winEventId=""light_palace_clear"")]"
"LIGHT_PALACE_BLESSING_RETRY","システム","清らかな光が宮殿を満たし、ジャスパーとヴェルドを包んでいた混沌の光を消し去った。","","種別=会話; 行=5/6; 参照=light_palace_blessing_retry:actions[0]; event=light_palace_blessing_retry; actions=[CONV(value=""LIGHT_PALACE_BLESSING_RETRY"") -> HEAL -> BOSS(value=[301070,301050],winEventId=""light_palace_clear"")]"
"LIGHT_PALACE_BLESSING_RETRY","システム","仲間たちのHPとMPが全回復した！","","種別=会話; 行=6/6; 参照=light_palace_blessing_retry:actions[0]; event=light_palace_blessing_retry; actions=[CONV(value=""LIGHT_PALACE_BLESSING_RETRY"") -> HEAL -> BOSS(value=[301070,301050],winEventId=""light_palace_clear"")]"
"LIGHT_PALACE_OVERPOWER_CLEAR","システム","混沌の光をまとったジャスパーとヴェルドを、ついに押し返した。","","種別=会話; 行=1/6; 参照=light_palace_overpower_clear:actions[0]; event=light_palace_overpower_clear; actions=[CONV(value=""LIGHT_PALACE_OVERPOWER_CLEAR"") -> FLAG(key=""lightPalaceCleared"",refreshField=true) -> STEP(value=8) -> SUB(value=0) -> LOG(value=""地下牢に囚われた人々の様子を確かめよう。"")]"
"LIGHT_PALACE_OVERPOWER_CLEAR","魔道神官ジャスパー","まだだ……最後の祝福を、プリズムへ……！","","種別=会話; 行=2/6; 参照=light_palace_overpower_clear:actions[0]; event=light_palace_overpower_clear; actions=[CONV(value=""LIGHT_PALACE_OVERPOWER_CLEAR"") -> FLAG(key=""lightPalaceCleared"",refreshField=true) -> STEP(value=8) -> SUB(value=0) -> LOG(value=""地下牢に囚われた人々の様子を確かめよう。"")]"
"LIGHT_PALACE_OVERPOWER_CLEAR","システム","二人が最後の力を注ぎ込むと、光のプリズムが激しく暴走し、宮殿全体が白く染まった。","","種別=会話; 行=3/6; 参照=light_palace_overpower_clear:actions[0]; event=light_palace_overpower_clear; actions=[CONV(value=""LIGHT_PALACE_OVERPOWER_CLEAR"") -> FLAG(key=""lightPalaceCleared"",refreshField=true) -> STEP(value=8) -> SUB(value=0) -> LOG(value=""地下牢に囚われた人々の様子を確かめよう。"")]"
"LIGHT_PALACE_OVERPOWER_CLEAR","システム","その奔流の中心で、[N:301]の胸の奥に宿るリュシオンの加護が目覚める。","","種別=会話; 行=4/6; 参照=light_palace_overpower_clear:actions[0]; event=light_palace_overpower_clear; actions=[CONV(value=""LIGHT_PALACE_OVERPOWER_CLEAR"") -> FLAG(key=""lightPalaceCleared"",refreshField=true) -> STEP(value=8) -> SUB(value=0) -> LOG(value=""地下牢に囚われた人々の様子を確かめよう。"")]"
"LIGHT_PALACE_OVERPOWER_CLEAR","聖騎士ヴェルド","バカな！混沌の光が……我らから……","","種別=会話; 行=5/6; 参照=light_palace_overpower_clear:actions[0]; event=light_palace_overpower_clear; actions=[CONV(value=""LIGHT_PALACE_OVERPOWER_CLEAR"") -> FLAG(key=""lightPalaceCleared"",refreshField=true) -> STEP(value=8) -> SUB(value=0) -> LOG(value=""地下牢に囚われた人々の様子を確かめよう。"")]"
"LIGHT_PALACE_OVERPOWER_CLEAR","システム","力を失ったジャスパーとヴェルドは、光の奔流の中へ音もなく消えていった。","","種別=会話; 行=6/6; 参照=light_palace_overpower_clear:actions[0]; event=light_palace_overpower_clear; actions=[CONV(value=""LIGHT_PALACE_OVERPOWER_CLEAR"") -> FLAG(key=""lightPalaceCleared"",refreshField=true) -> STEP(value=8) -> SUB(value=0) -> LOG(value=""地下牢に囚われた人々の様子を確かめよう。"")]"
"LIGHT_PALACE_CLEAR","システム","光の神の加護と同調したプリズムが、宮殿の闇を白く洗い流していく。","","種別=会話; 行=1/5; 参照=light_palace_clear:actions[0]; event=light_palace_clear; actions=[CONV(value=""LIGHT_PALACE_CLEAR"") -> FLAG(key=""lightPalaceCleared"",refreshField=true) -> STEP(value=8) -> SUB(value=0) -> LOG(value=""地下牢に囚われた人々の様子を確かめよう。"")]"
"LIGHT_PALACE_CLEAR","魔道神官ジャスパー","馬鹿な……混沌の光が、剥がされる……？","","種別=会話; 行=2/5; 参照=light_palace_clear:actions[0]; event=light_palace_clear; actions=[CONV(value=""LIGHT_PALACE_CLEAR"") -> FLAG(key=""lightPalaceCleared"",refreshField=true) -> STEP(value=8) -> SUB(value=0) -> LOG(value=""地下牢に囚われた人々の様子を確かめよう。"")]"
"LIGHT_PALACE_CLEAR","聖騎士ヴェルド","力が…戻らぬ……これが、本来の光だとでもいうのか。","","種別=会話; 行=3/5; 参照=light_palace_clear:actions[0]; event=light_palace_clear; actions=[CONV(value=""LIGHT_PALACE_CLEAR"") -> FLAG(key=""lightPalaceCleared"",refreshField=true) -> STEP(value=8) -> SUB(value=0) -> LOG(value=""地下牢に囚われた人々の様子を確かめよう。"")]"
"LIGHT_PALACE_CLEAR","システム","加護を失ったジャスパーとヴェルドは、音もなく光の奔流の中へ消えていった。","","種別=会話; 行=4/5; 参照=light_palace_clear:actions[0]; event=light_palace_clear; actions=[CONV(value=""LIGHT_PALACE_CLEAR"") -> FLAG(key=""lightPalaceCleared"",refreshField=true) -> STEP(value=8) -> SUB(value=0) -> LOG(value=""地下牢に囚われた人々の様子を確かめよう。"")]"
"LIGHT_PALACE_CLEAR","システム","宮殿の地下から、封じられていた人々の声がかすかに届いた。","","種別=会話; 行=5/5; 参照=light_palace_clear:actions[0]; event=light_palace_clear; actions=[CONV(value=""LIGHT_PALACE_CLEAR"") -> FLAG(key=""lightPalaceCleared"",refreshField=true) -> STEP(value=8) -> SUB(value=0) -> LOG(value=""地下牢に囚われた人々の様子を確かめよう。"")]"
"POST_LIGHT_PALACE_BASE_1","巡礼者","割れた光を拾っているの。
指を切るけど、踏ませるよりはましだから。","1003","種別=会話; 行=1/3; 参照=post_light_palace_base_1:actions[0]; event=post_light_palace_base_1; actions=[CONV(value=""POST_LIGHT_PALACE_BASE_1"")]"
"POST_LIGHT_PALACE_BASE_1","巡礼者","祈りって、きれいな声だけじゃないのね。
泣きながら床を拭く人の背中にも、ちゃんと宿る。","1003","種別=会話; 行=2/3; 参照=post_light_palace_base_1:actions[0]; event=post_light_palace_base_1; actions=[CONV(value=""POST_LIGHT_PALACE_BASE_1"")]"
"POST_LIGHT_PALACE_BASE_1","巡礼者","地下の方へ水を運んでいる人がいる。
閉じ込められていた方々は、まだ強く立てないの。","1003","種別=会話; 行=3/3; 参照=post_light_palace_base_1:actions[0]; event=post_light_palace_base_1; actions=[CONV(value=""POST_LIGHT_PALACE_BASE_1"")]"
"QUEST_FRIEDA_BARON_ENCOUNTER","フリーダ","制御環が勝手に回ってる。
まずい、あれ自身が核だ。","","種別=会話; 行=1/2; 参照=quest_frieda_baron_encounter:actions[0]; event=quest_frieda_baron_encounter; actions=[CONV(value=""QUEST_FRIEDA_BARON_ENCOUNTER"") -> BOSS(value=[302204,100082],winEventId=""quest_frieda_baron_clear"")]"
"QUEST_FRIEDA_BARON_ENCOUNTER","バロン","退路は確保した。
放電が収まる前に叩くぞ。","","種別=会話; 行=2/2; 参照=quest_frieda_baron_encounter:actions[0]; event=quest_frieda_baron_encounter; actions=[CONV(value=""QUEST_FRIEDA_BARON_ENCOUNTER"") -> BOSS(value=[302204,100082],winEventId=""quest_frieda_baron_clear"")]"
"QUEST_FRIEDA_BARON_CLEAR","フリーダ","雷雲が割れた。
久しぶりに、星が見えるね。","","種別=会話; 行=1/3; 参照=quest_frieda_baron_clear:actions[0]; event=quest_frieda_baron_clear; actions=[CONV(value=""QUEST_FRIEDA_BARON_CLEAR"")]"
"QUEST_FRIEDA_BARON_CLEAR","バロン","眺めるのは後だ。
戦場は、この先にも続く。","","種別=会話; 行=2/3; 参照=quest_frieda_baron_clear:actions[0]; event=quest_frieda_baron_clear; actions=[CONV(value=""QUEST_FRIEDA_BARON_CLEAR"")]"
"QUEST_FRIEDA_BARON_CLEAR","フリーダ","相変わらず固いなあ。
じゃあ二人とも、連れていって。","","種別=会話; 行=3/3; 参照=quest_frieda_baron_clear:actions[0]; event=quest_frieda_baron_clear; actions=[CONV(value=""QUEST_FRIEDA_BARON_CLEAR"")]"
"QUEST_CLAUDE_LEON_ENCOUNTER","クロード","王冠の下にいるのは、一体じゃない。
声が重なってる。","","種別=会話; 行=1/2; 参照=quest_claude_leon_encounter:actions[0]; event=quest_claude_leon_encounter; actions=[CONV(value=""QUEST_CLAUDE_LEON_ENCOUNTER"") -> BOSS(value=302206,winEventId=""quest_claude_leon_clear"")]"
"QUEST_CLAUDE_LEON_ENCOUNTER","レオン","耳を貸すな。
影が形を取る前に断つ。","","種別=会話; 行=2/2; 参照=quest_claude_leon_encounter:actions[0]; event=quest_claude_leon_encounter; actions=[CONV(value=""QUEST_CLAUDE_LEON_ENCOUNTER"") -> BOSS(value=302206,winEventId=""quest_claude_leon_clear"")]"
"QUEST_CLAUDE_LEON_CLEAR","クロード","また救えなかったらと思うと、
拳が動かなかった。","","種別=会話; 行=1/3; 参照=quest_claude_leon_clear:actions[0]; event=quest_claude_leon_clear; actions=[CONV(value=""QUEST_CLAUDE_LEON_CLEAR"")]"
"QUEST_CLAUDE_LEON_CLEAR","レオン","恐れたまま立てたなら十分だ。
私も隣で盾を持つ。","","種別=会話; 行=2/3; 参照=quest_claude_leon_clear:actions[0]; event=quest_claude_leon_clear; actions=[CONV(value=""QUEST_CLAUDE_LEON_CLEAR"")]"
"QUEST_CLAUDE_LEON_CLEAR","クロード","借りが増えたな。
旅の中で、二人分返させてくれ。","","種別=会話; 行=3/3; 参照=quest_claude_leon_clear:actions[0]; event=quest_claude_leon_clear; actions=[CONV(value=""QUEST_CLAUDE_LEON_CLEAR"")]"
"QUEST_LUNA_ENCOUNTER","ルーナ","月の光が、ここだけ届かない。
影がこちらを見ています。","","種別=会話; 行=1/2; 参照=quest_luna_hidden_encounter:actions[0]; event=quest_luna_hidden_encounter; actions=[CONV(value=""QUEST_LUNA_ENCOUNTER"") -> BOSS(value=401170,winEventId=""quest_luna_hidden_clear"")]"
"QUEST_LUNA_ENCOUNTER","ルーナ","私は退きません。
共に、あれを止めてください。","","種別=会話; 行=2/2; 参照=quest_luna_hidden_encounter:actions[0]; event=quest_luna_hidden_encounter; actions=[CONV(value=""QUEST_LUNA_ENCOUNTER"") -> BOSS(value=401170,winEventId=""quest_luna_hidden_clear"")]"
"QUEST_LUNA_CLEAR","ルーナ","誰かの祈りに守られるだけでは、
また同じ場所で震えてしまう。","","種別=会話; 行=1/2; 参照=quest_luna_hidden_clear:actions[0]; event=quest_luna_hidden_clear; actions=[CONV(value=""QUEST_LUNA_CLEAR"") -> QUEST_COMPLETE(value=""luna_hidden_dark_shrine"")]"
"QUEST_LUNA_CLEAR","ルーナ","今度は私が立ちます。
この光は、私が選んだものです。","","種別=会話; 行=2/2; 参照=quest_luna_hidden_clear:actions[0]; event=quest_luna_hidden_clear; actions=[CONV(value=""QUEST_LUNA_CLEAR"") -> QUEST_COMPLETE(value=""luna_hidden_dark_shrine"")]"
"QUEST_RIN_START","リン","レイラの雷は、迷わない。
だから私は追いつけなかった。","","種別=会話; 行=1/3; 参照=quest_rin_start:actions[0]; event=quest_rin_start; actions=[CONV(value=""QUEST_RIN_START"")]"
"QUEST_RIN_START","リン","要塞にアイアンウルフと、
フレイムヴァインが残っている。","","種別=会話; 行=2/3; 参照=quest_rin_start:actions[0]; event=quest_rin_start; actions=[CONV(value=""QUEST_RIN_START"")]"
"QUEST_RIN_START","リン","合計六体、狩る。
私の刃が鈍いか、見てほしい。","","種別=会話; 行=3/3; 参照=quest_rin_start:actions[0]; event=quest_rin_start; actions=[CONV(value=""QUEST_RIN_START"")]"
"QUEST_RIN_REPORT","リン","刃は鈍っていなかった。
迷っていたのは、私の方だ。","","種別=会話; 行=1/2; 参照=quest_rin_report:actions[0]; event=quest_rin_report; actions=[CONV(value=""QUEST_RIN_REPORT"")]"
"QUEST_RIN_REPORT","リン","次は同じ敵を斬る。
それなら背中を預けられる。","","種別=会話; 行=2/2; 参照=quest_rin_report:actions[0]; event=quest_rin_report; actions=[CONV(value=""QUEST_RIN_REPORT"")]"
"GALVANIA_CAVE_NORTH_BLOCKED","ケイト","すさまじい結界でふさがれています。","104","種別=会話; 行=1/2; 参照=galvania_cave_north_blocked:actions[0]; event=galvania_cave_north_blocked; actions=[CONV(value=""GALVANIA_CAVE_NORTH_BLOCKED"")]"
"GALVANIA_CAVE_NORTH_BLOCKED","ジョセフ","これは……王宮聖騎士の紋章に見えるな。","101","種別=会話; 行=2/2; 参照=galvania_cave_north_blocked:actions[0]; event=galvania_cave_north_blocked; actions=[CONV(value=""GALVANIA_CAVE_NORTH_BLOCKED"")]"
"MAP_SYSTEM_GALVANIA_CAVE_F1_ACTION_1","システム","兵は「見える近道ほど、地の熱に誘われる。南へ急ぐなら高い岩をたどれ」と息絶え絶えに告げた。","","種別=会話; 行=1/1; 参照=map_system_galvania_cave_f1_action_1:actions[0]; event=map_system_galvania_cave_f1_action_1; actions=[CONV(value=""MAP_SYSTEM_GALVANIA_CAVE_F1_ACTION_1"")]"
"MAP_SYSTEM_GALVANIA_CAVE_F1_ACTION_2","システム","「・・・は輪を・・。火を・・・戻れ。高みの橋・・・次の闇へ・・」だけが読み取れた","","種別=会話; 行=1/1; 参照=map_system_galvania_cave_f1_action_2:actions[0]; event=map_system_galvania_cave_f1_action_2; actions=[CONV(value=""MAP_SYSTEM_GALVANIA_CAVE_F1_ACTION_2"")]"
"MAP_SYSTEM_GALVANIA_CAVE_F2_ACTION_1","システム","「柱を数えよ。三度目に迷い、四度目に上れ。端まで急ぐ者は輪の腹へ戻る」と読める。","","種別=会話; 行=1/1; 参照=map_system_galvania_cave_f2_action_1:actions[0]; event=map_system_galvania_cave_f2_action_1; actions=[CONV(value=""MAP_SYSTEM_GALVANIA_CAVE_F2_ACTION_1"")]"
"MAP_SYSTEM_GALVANIA_CAVE_F2_ACTION_2","システム","足跡は不自然に北へ伸びている。魔族の巡回はこの道だけを避けているようだ。","","種別=会話; 行=1/1; 参照=map_system_galvania_cave_f2_action_2:actions[0]; event=map_system_galvania_cave_f2_action_2; actions=[CONV(value=""MAP_SYSTEM_GALVANIA_CAVE_F2_ACTION_2"")]"
"MAP_SYSTEM_GALVANIA_CAVE_F3_ACTION_1","システム","「湖は赤く、道は細い。まっすぐな橋ほど熱に沈む。黒炎の島は宝を守るだけ」とある。","","種別=会話; 行=1/1; 参照=map_system_galvania_cave_f3_action_1:actions[0]; event=map_system_galvania_cave_f3_action_1; actions=[CONV(value=""MAP_SYSTEM_GALVANIA_CAVE_F3_ACTION_1"")]"
"MAP_SYSTEM_GALVANIA_CAVE_F3_ACTION_2","システム","橋脚には魔王軍の焼印が残っている。補給路を急造した跡だ。","","種別=会話; 行=1/1; 参照=map_system_galvania_cave_f3_action_2:actions[0]; event=map_system_galvania_cave_f3_action_2; actions=[CONV(value=""MAP_SYSTEM_GALVANIA_CAVE_F3_ACTION_2"")]"
"MAP_SYSTEM_GALVANIA_CAVE_F3_ACTION_3","システム","灰まみれの旅人は「火の島に欲を出すな。出口は北東の橋から南へ折れる」と残している。","","種別=会話; 行=1/1; 参照=map_system_galvania_cave_f3_action_3:actions[0]; event=map_system_galvania_cave_f3_action_3; actions=[CONV(value=""MAP_SYSTEM_GALVANIA_CAVE_F3_ACTION_3"")]"
"MAP_SYSTEM_GALVANIA_CAVE_F4_ACTION_1","システム","古い地図には、滑床を大きく迂回する赤い線が引かれている。","","種別=会話; 行=1/1; 参照=map_system_galvania_cave_f4_action_1:actions[0]; event=map_system_galvania_cave_f4_action_1; actions=[CONV(value=""MAP_SYSTEM_GALVANIA_CAVE_F4_ACTION_1"")]"
"MAP_SYSTEM_GALVANIA_CAVE_F5_ACTION_1","システム","箱には魔王城の紋章が焼き付けられている。兵糧、黒晶、予備の鎧が整然と並ぶ。","","種別=会話; 行=1/1; 参照=map_system_galvania_cave_f5_action_1:actions[0]; event=map_system_galvania_cave_f5_action_1; actions=[CONV(value=""MAP_SYSTEM_GALVANIA_CAVE_F5_ACTION_1"")]"
"MAP_SYSTEM_GALVANIA_CAVE_F3_BOSS_1","システム","黒炎の番人が、赤い宝箱の島だけを守っている。洞窟突破には関係なさそうだ。","","種別=会話; 行=1/1; 参照=map_system_galvania_cave_f3_boss_1:actions[0]; event=map_system_galvania_cave_f3_boss_1; actions=[CONV(value=""MAP_SYSTEM_GALVANIA_CAVE_F3_BOSS_1"") -> CHOICE(text=""番人を倒せば奥の赤い宝箱を取れそうだ。挑みますか？""){yes:[BOSS(value=[100060,100061])]}{no:[]}]"
"MAP_SYSTEM_GALVANIA_CAVE_F4_BOSS_1","システム","氷鎧の魔将が、古い金の鍵を握っている。先の補給路の近道を開ける鍵かもしれない。","","種別=会話; 行=1/1; 参照=map_system_galvania_cave_f4_boss_1:actions[0]; event=map_system_galvania_cave_f4_boss_1; actions=[CONV(value=""MAP_SYSTEM_GALVANIA_CAVE_F4_BOSS_1"") -> CHOICE(text=""この魔将は通路突破に必須ではないが、倒せば金の鍵を奪えそうだ。挑みますか？""){yes:[BOSS(value=[100061,100062])]}{no:[]}]"
"MAP_SYSTEM_GALVANIA_CAVE_F6_BOSS_1","システム","宝の横穴を守る魔族がうずくまっている。洞窟突破には関係なさそうだ。","","種別=会話; 行=1/1; 参照=map_system_galvania_cave_f6_boss_1:actions[0]; event=map_system_galvania_cave_f6_boss_1; actions=[CONV(value=""MAP_SYSTEM_GALVANIA_CAVE_F6_BOSS_1"") -> CHOICE(text=""この先には赤い宝箱が見える。守護魔に挑みますか？""){yes:[BOSS(value=[100062,100064])]}{no:[]}]"
"LOCKED_DARK_CASTLE","システム","魔王城へ続く道を、王宮聖騎士の術式が幾重にも閉ざしている。","","種別=会話; 行=1/2; 参照=locked_dark_castle:actions[0]; event=locked_dark_castle; actions=[CONV(value=""LOCKED_DARK_CASTLE"")]"
"LOCKED_DARK_CASTLE","ジョセフ","この結界は力任せじゃ破れねえ。王宮聖騎士の力を借りる必要がある。","101","種別=会話; 行=2/2; 参照=locked_dark_castle:actions[0]; event=locked_dark_castle; actions=[CONV(value=""LOCKED_DARK_CASTLE"")]"
"LOCKED_DARK_SHRINE","システム","闇の神殿の入口を、白い聖印の結界が塞いでいる。","","種別=会話; 行=1/2; 参照=locked_dark_shrine:actions[0]; event=locked_dark_shrine; actions=[CONV(value=""LOCKED_DARK_SHRINE"")]"
"LOCKED_DARK_SHRINE","ジョセフ","王国聖騎士が張った結界だ。聖騎士がいなきゃ、術式を解くことはできねえ。","101","種別=会話; 行=2/2; 参照=locked_dark_shrine:actions[0]; event=locked_dark_shrine; actions=[CONV(value=""LOCKED_DARK_SHRINE"")]"
"DARK_CASTLE_ZELDRAS_ENCOUNTER","システム","西館二階、結界の間。黒い剣を携えた騎士が、青い封印石の前に立っている。","","種別=会話; 行=1/4; 参照=dark_castle_zeldras_encounter:actions[0]; event=dark_castle_zeldras_encounter; actions=[CONV(value=""DARK_CASTLE_ZELDRAS_ENCOUNTER"") -> BOSS(value=301080,keyRewardColor=""blue"",winEventId=""dark_castle_zeldras_clear"")]"
"DARK_CASTLE_ZELDRAS_ENCOUNTER","常闇のゼルドラス","ここは西の結界。闇の王へ至る資格なき者は、青き鍵に触れることも許されぬ。","","種別=会話; 行=2/4; 参照=dark_castle_zeldras_encounter:actions[0]; event=dark_castle_zeldras_encounter; actions=[CONV(value=""DARK_CASTLE_ZELDRAS_ENCOUNTER"") -> BOSS(value=301080,keyRewardColor=""blue"",winEventId=""dark_castle_zeldras_clear"")]"
"DARK_CASTLE_ZELDRAS_ENCOUNTER","シャオ","魔王の部下なら、どいて。こっちは確かめたいことがある。","105","種別=会話; 行=3/4; 参照=dark_castle_zeldras_encounter:actions[0]; event=dark_castle_zeldras_encounter; actions=[CONV(value=""DARK_CASTLE_ZELDRAS_ENCOUNTER"") -> BOSS(value=301080,keyRewardColor=""blue"",winEventId=""dark_castle_zeldras_clear"")]"
"DARK_CASTLE_ZELDRAS_ENCOUNTER","常闇のゼルドラス","ならば刃で示せ。怒りだけでこの城を進めると思うな。","","種別=会話; 行=4/4; 参照=dark_castle_zeldras_encounter:actions[0]; event=dark_castle_zeldras_encounter; actions=[CONV(value=""DARK_CASTLE_ZELDRAS_ENCOUNTER"") -> BOSS(value=301080,keyRewardColor=""blue"",winEventId=""dark_castle_zeldras_clear"")]"
"DARK_CASTLE_ZELDRAS_CLEAR","常闇のゼルドラス","よかろう。青き鍵を持って進め。だが玉座の前で、己の憎しみまで正義と呼ぶな。","","種別=会話; 行=1/2; 参照=dark_castle_zeldras_clear:actions[0]; event=dark_castle_zeldras_clear; actions=[CONV(value=""DARK_CASTLE_ZELDRAS_CLEAR"")]"
"DARK_CASTLE_ZELDRAS_CLEAR","シャオ","……わかってる。わかってるけど、簡単に割り切れないんだ。","105","種別=会話; 行=2/2; 参照=dark_castle_zeldras_clear:actions[0]; event=dark_castle_zeldras_clear; actions=[CONV(value=""DARK_CASTLE_ZELDRAS_CLEAR"")]"
"DARK_CASTLE_ELMENAS_ENCOUNTER","システム","東館二階、結界の間。風のない部屋に、鈴のような声だけが響いている。","","種別=会話; 行=1/4; 参照=dark_castle_elmenas_encounter:actions[0]; event=dark_castle_elmenas_encounter; actions=[CONV(value=""DARK_CASTLE_ELMENAS_ENCOUNTER"") -> BOSS(value=301082,keyRewardColor=""red"",winEventId=""dark_castle_elmenas_clear"")]"
"DARK_CASTLE_ELMENAS_ENCOUNTER","風詠のエルメナス","東の結界へようこそ。赤き鍵は、急ぐ者ほど遠ざかるわ。","","種別=会話; 行=2/4; 参照=dark_castle_elmenas_encounter:actions[0]; event=dark_castle_elmenas_encounter; actions=[CONV(value=""DARK_CASTLE_ELMENAS_ENCOUNTER"") -> BOSS(value=301082,keyRewardColor=""red"",winEventId=""dark_castle_elmenas_clear"")]"
"DARK_CASTLE_ELMENAS_ENCOUNTER","シャオ","回りくどい言い方はやめて。こっちは、魔王にも……あの人にも、聞きたいことがある。","105","種別=会話; 行=3/4; 参照=dark_castle_elmenas_encounter:actions[0]; event=dark_castle_elmenas_encounter; actions=[CONV(value=""DARK_CASTLE_ELMENAS_ENCOUNTER"") -> BOSS(value=301082,keyRewardColor=""red"",winEventId=""dark_castle_elmenas_clear"")]"
"DARK_CASTLE_ELMENAS_ENCOUNTER","風詠のエルメナス","風は答えを運ぶだけ。受け止めるかどうかは、あなた次第よ。","","種別=会話; 行=4/4; 参照=dark_castle_elmenas_encounter:actions[0]; event=dark_castle_elmenas_encounter; actions=[CONV(value=""DARK_CASTLE_ELMENAS_ENCOUNTER"") -> BOSS(value=301082,keyRewardColor=""red"",winEventId=""dark_castle_elmenas_clear"")]"
"DARK_CASTLE_ELMENAS_CLEAR","風詠のエルメナス","赤き鍵はあなたたちへ。……風が告げている。玉座で待つ者は、ただの敵ではないわ。","","種別=会話; 行=1/2; 参照=dark_castle_elmenas_clear:actions[0]; event=dark_castle_elmenas_clear; actions=[CONV(value=""DARK_CASTLE_ELMENAS_CLEAR"")]"
"DARK_CASTLE_ELMENAS_CLEAR","シャオ","……だったら、なおさら行く。","105","種別=会話; 行=2/2; 参照=dark_castle_elmenas_clear:actions[0]; event=dark_castle_elmenas_clear; actions=[CONV(value=""DARK_CASTLE_ELMENAS_CLEAR"")]"
"DARK_CASTLE_BELET_ELM_ENCOUNTER","システム","本館二階、夢幻回廊。床も天井も歪み、進んだはずの道が背後へ戻っていく。","","種別=会話; 行=1/4; 参照=dark_castle_belet_elm_encounter:actions[0]; event=dark_castle_belet_elm_encounter; actions=[CONV(value=""DARK_CASTLE_BELET_ELM_ENCOUNTER"") -> BOSS(value=301081,keyRewardColor=""gold"",winEventId=""dark_castle_belet_elm_clear"")]"
"DARK_CASTLE_BELET_ELM_ENCOUNTER","冥騎士ベレト","赤と青の結界を越えたか。ならば最後は、己の影と戦う覚悟を見せろ。","","種別=会話; 行=2/4; 参照=dark_castle_belet_elm_encounter:actions[0]; event=dark_castle_belet_elm_encounter; actions=[CONV(value=""DARK_CASTLE_BELET_ELM_ENCOUNTER"") -> BOSS(value=301081,keyRewardColor=""gold"",winEventId=""dark_castle_belet_elm_clear"")]"
"DARK_CASTLE_BELET_ELM_ENCOUNTER","レイラ","この回廊そのものが試練になっています。迷いを突かれないでください。","204","種別=会話; 行=3/4; 参照=dark_castle_belet_elm_encounter:actions[0]; event=dark_castle_belet_elm_encounter; actions=[CONV(value=""DARK_CASTLE_BELET_ELM_ENCOUNTER"") -> BOSS(value=301081,keyRewardColor=""gold"",winEventId=""dark_castle_belet_elm_clear"")]"
"DARK_CASTLE_BELET_ELM_ENCOUNTER","冥騎士ベレト","金の鍵は玉座への最後の鎖。欲しければ、夢ごと斬り払ってみせよ。","","種別=会話; 行=4/4; 参照=dark_castle_belet_elm_encounter:actions[0]; event=dark_castle_belet_elm_encounter; actions=[CONV(value=""DARK_CASTLE_BELET_ELM_ENCOUNTER"") -> BOSS(value=301081,keyRewardColor=""gold"",winEventId=""dark_castle_belet_elm_clear"")]"
"DARK_CASTLE_BELET_ELM_CLEAR","冥騎士ベレト","見事。金の鍵を持て。玉座の扉は、三つの鍵をそろえた者だけを通す。","","種別=会話; 行=1/2; 参照=dark_castle_belet_elm_clear:actions[0]; event=dark_castle_belet_elm_clear; actions=[CONV(value=""DARK_CASTLE_BELET_ELM_CLEAR"")]"
"DARK_CASTLE_BELET_ELM_CLEAR","レイラ","青、赤、金……これで謁見の間へ進めるはずです。","204","種別=会話; 行=2/2; 参照=dark_castle_belet_elm_clear:actions[0]; event=dark_castle_belet_elm_clear; actions=[CONV(value=""DARK_CASTLE_BELET_ELM_CLEAR"")]"
"DARK_CASTLE_ZENON_ENCOUNTER","システム","魔王城三階、謁見の間。
闇のプリズムは静かに脈打ち、玉座の前に魔王[N:402]が立っている。","","種別=会話; 行=1/15; 参照=dark_castle_zenon_encounter:actions[0]; event=dark_castle_zenon_encounter; actions=[CONV(value=""DARK_CASTLE_ZENON_ENCOUNTER"") -> BOSS(value=301100,winEventId=""dark_castle_clear"")]"
"DARK_CASTLE_ZENON_ENCOUNTER","魔王ゼノン","三つの結界を越えたか。
ならば、言葉は少なくていい。","402","種別=会話; 行=2/15; 参照=dark_castle_zenon_encounter:actions[0]; event=dark_castle_zenon_encounter; actions=[CONV(value=""DARK_CASTLE_ZENON_ENCOUNTER"") -> BOSS(value=301100,winEventId=""dark_castle_clear"")]"
"DARK_CASTLE_ZENON_ENCOUNTER","シャオ","私は……魔王より先に、聞きたい相手がいる。
シャニー姉さんは、ここにいるんでしょ。","105","種別=会話; 行=3/15; 参照=dark_castle_zenon_encounter:actions[0]; event=dark_castle_zenon_encounter; actions=[CONV(value=""DARK_CASTLE_ZENON_ENCOUNTER"") -> BOSS(value=301100,winEventId=""dark_castle_clear"")]"
"DARK_CASTLE_ZENON_ENCOUNTER","シャニー","……いる。","306","種別=会話; 行=4/15; 参照=dark_castle_zenon_encounter:actions[0]; event=dark_castle_zenon_encounter; actions=[CONV(value=""DARK_CASTLE_ZENON_ENCOUNTER"") -> BOSS(value=301100,winEventId=""dark_castle_clear"")]"
"DARK_CASTLE_ZENON_ENCOUNTER","シャオ","なんで……里を捨てたの。
みんな、ずっと待ってたのに。","105","種別=会話; 行=5/15; 参照=dark_castle_zenon_encounter:actions[0]; event=dark_castle_zenon_encounter; actions=[CONV(value=""DARK_CASTLE_ZENON_ENCOUNTER"") -> BOSS(value=301100,winEventId=""dark_castle_clear"")]"
"DARK_CASTLE_ZENON_ENCOUNTER","魔王ゼノン","捨てた、か。
戻れば、あの里が先に死んでいただけだ。","402","種別=会話; 行=6/15; 参照=dark_castle_zenon_encounter:actions[0]; event=dark_castle_zenon_encounter; actions=[CONV(value=""DARK_CASTLE_ZENON_ENCOUNTER"") -> BOSS(value=301100,winEventId=""dark_castle_clear"")]"
"DARK_CASTLE_ZENON_ENCOUNTER","シャオ","……何を、言ってる。","105","種別=会話; 行=7/15; 参照=dark_castle_zenon_encounter:actions[0]; event=dark_castle_zenon_encounter; actions=[CONV(value=""DARK_CASTLE_ZENON_ENCOUNTER"") -> BOSS(value=301100,winEventId=""dark_castle_clear"")]"
"DARK_CASTLE_ZENON_ENCOUNTER","魔王ゼノン","幼い身で深淵に魅入られた者が、
人里で生きられると思うか。","402","種別=会話; 行=8/15; 参照=dark_castle_zenon_encounter:actions[0]; event=dark_castle_zenon_encounter; actions=[CONV(value=""DARK_CASTLE_ZENON_ENCOUNTER"") -> BOSS(value=301100,winEventId=""dark_castle_clear"")]"
"DARK_CASTLE_ZENON_ENCOUNTER","シャニー","ゼノン様。そこまででいい。","306","種別=会話; 行=9/15; 参照=dark_castle_zenon_encounter:actions[0]; event=dark_castle_zenon_encounter; actions=[CONV(value=""DARK_CASTLE_ZENON_ENCOUNTER"") -> BOSS(value=301100,winEventId=""dark_castle_clear"")]"
"DARK_CASTLE_ZENON_ENCOUNTER","魔王ゼノン","……よかろう。
沈黙を選んだのは、お前だ。","402","種別=会話; 行=10/15; 参照=dark_castle_zenon_encounter:actions[0]; event=dark_castle_zenon_encounter; actions=[CONV(value=""DARK_CASTLE_ZENON_ENCOUNTER"") -> BOSS(value=301100,winEventId=""dark_castle_clear"")]"
"DARK_CASTLE_ZENON_ENCOUNTER","シャニー","シャオ。今は話せない。
でも、里を嫌いになった日はない。","306","種別=会話; 行=11/15; 参照=dark_castle_zenon_encounter:actions[0]; event=dark_castle_zenon_encounter; actions=[CONV(value=""DARK_CASTLE_ZENON_ENCOUNTER"") -> BOSS(value=301100,winEventId=""dark_castle_clear"")]"
"DARK_CASTLE_ZENON_ENCOUNTER","シャオ","そんな言い方で、納得できるわけ……！","105","種別=会話; 行=12/15; 参照=dark_castle_zenon_encounter:actions[0]; event=dark_castle_zenon_encounter; actions=[CONV(value=""DARK_CASTLE_ZENON_ENCOUNTER"") -> BOSS(value=301100,winEventId=""dark_castle_clear"")]"
"DARK_CASTLE_ZENON_ENCOUNTER","シャニー","うん。だから、怒ってていい。","306","種別=会話; 行=13/15; 参照=dark_castle_zenon_encounter:actions[0]; event=dark_castle_zenon_encounter; actions=[CONV(value=""DARK_CASTLE_ZENON_ENCOUNTER"") -> BOSS(value=301100,winEventId=""dark_castle_clear"")]"
"DARK_CASTLE_ZENON_ENCOUNTER","魔王ゼノン","家族の話なら、剣の後にしろ。
ここは玉座で、余は魔王だ。","402","種別=会話; 行=14/15; 参照=dark_castle_zenon_encounter:actions[0]; event=dark_castle_zenon_encounter; actions=[CONV(value=""DARK_CASTLE_ZENON_ENCOUNTER"") -> BOSS(value=301100,winEventId=""dark_castle_clear"")]"
"DARK_CASTLE_ZENON_ENCOUNTER","魔王ゼノン","闇を恐れて膝をつく者か、闇の前で立つ者か。
余に示せ。","402","種別=会話; 行=15/15; 参照=dark_castle_zenon_encounter:actions[0]; event=dark_castle_zenon_encounter; actions=[CONV(value=""DARK_CASTLE_ZENON_ENCOUNTER"") -> BOSS(value=301100,winEventId=""dark_castle_clear"")]"
"DARK_CASTLE_CLEAR","魔王ゼノン","……見事だ。
闇を前にしても、刃を止めなかった。","402","種別=会話; 行=1/14; 参照=dark_castle_clear:actions[0]; event=dark_castle_clear; actions=[CONV(value=""DARK_CASTLE_CLEAR"") -> ALLY(value=306) -> FLAG(key=""darkCastleCleared"") -> FLAG(key=""prismBlessingsComplete"") -> STEP(value=9) -> SUB(value=0) -> LOG(value=""闇の加護を得た。世界の中心の亀裂へ向かおう。"")]"
"DARK_CASTLE_CLEAR","システム","闇のプリズムは静かに脈打っている。
濁りはない。傷もない。","","種別=会話; 行=2/14; 参照=dark_castle_clear:actions[0]; event=dark_castle_clear; actions=[CONV(value=""DARK_CASTLE_CLEAR"") -> ALLY(value=306) -> FLAG(key=""darkCastleCleared"") -> FLAG(key=""prismBlessingsComplete"") -> STEP(value=9) -> SUB(value=0) -> LOG(value=""闇の加護を得た。世界の中心の亀裂へ向かおう。"")]"
"DARK_CASTLE_CLEAR","シャオ","壊れて……ない。
魔王が、壊したんじゃないの？","105","種別=会話; 行=3/14; 参照=dark_castle_clear:actions[0]; event=dark_castle_clear; actions=[CONV(value=""DARK_CASTLE_CLEAR"") -> ALLY(value=306) -> FLAG(key=""darkCastleCleared"") -> FLAG(key=""prismBlessingsComplete"") -> STEP(value=9) -> SUB(value=0) -> LOG(value=""闇の加護を得た。世界の中心の亀裂へ向かおう。"")]"
"DARK_CASTLE_CLEAR","魔王ゼノン","余を善と呼ぶな。不快だ。
だが、預かったものは捨てぬ。","402","種別=会話; 行=4/14; 参照=dark_castle_clear:actions[0]; event=dark_castle_clear; actions=[CONV(value=""DARK_CASTLE_CLEAR"") -> ALLY(value=306) -> FLAG(key=""darkCastleCleared"") -> FLAG(key=""prismBlessingsComplete"") -> STEP(value=9) -> SUB(value=0) -> LOG(value=""闇の加護を得た。世界の中心の亀裂へ向かおう。"")]"
"DARK_CASTLE_CLEAR","魔王ゼノン","シャニーも同じだ。
縋ったのはあれだが、救ったのは余だ。","402","種別=会話; 行=5/14; 参照=dark_castle_clear:actions[0]; event=dark_castle_clear; actions=[CONV(value=""DARK_CASTLE_CLEAR"") -> ALLY(value=306) -> FLAG(key=""darkCastleCleared"") -> FLAG(key=""prismBlessingsComplete"") -> STEP(value=9) -> SUB(value=0) -> LOG(value=""闇の加護を得た。世界の中心の亀裂へ向かおう。"")]"
"DARK_CASTLE_CLEAR","魔王ゼノン","代わりに、その才と生涯はもらった。
契約とは、そういうものだ。","402","種別=会話; 行=6/14; 参照=dark_castle_clear:actions[0]; event=dark_castle_clear; actions=[CONV(value=""DARK_CASTLE_CLEAR"") -> ALLY(value=306) -> FLAG(key=""darkCastleCleared"") -> FLAG(key=""prismBlessingsComplete"") -> STEP(value=9) -> SUB(value=0) -> LOG(value=""闇の加護を得た。世界の中心の亀裂へ向かおう。"")]"
"DARK_CASTLE_CLEAR","シャニー","ゼノン様。……もう、十分です。","306","種別=会話; 行=7/14; 参照=dark_castle_clear:actions[0]; event=dark_castle_clear; actions=[CONV(value=""DARK_CASTLE_CLEAR"") -> ALLY(value=306) -> FLAG(key=""darkCastleCleared"") -> FLAG(key=""prismBlessingsComplete"") -> STEP(value=9) -> SUB(value=0) -> LOG(value=""闇の加護を得た。世界の中心の亀裂へ向かおう。"")]"
"DARK_CASTLE_CLEAR","シャオ","姉さん……何を、したの。","105","種別=会話; 行=8/14; 参照=dark_castle_clear:actions[0]; event=dark_castle_clear; actions=[CONV(value=""DARK_CASTLE_CLEAR"") -> ALLY(value=306) -> FLAG(key=""darkCastleCleared"") -> FLAG(key=""prismBlessingsComplete"") -> STEP(value=9) -> SUB(value=0) -> LOG(value=""闇の加護を得た。世界の中心の亀裂へ向かおう。"")]"
"DARK_CASTLE_CLEAR","シャニー","生きるために、選んだ。
あなたのそばには、戻れなかった。","306","種別=会話; 行=9/14; 参照=dark_castle_clear:actions[0]; event=dark_castle_clear; actions=[CONV(value=""DARK_CASTLE_CLEAR"") -> ALLY(value=306) -> FLAG(key=""darkCastleCleared"") -> FLAG(key=""prismBlessingsComplete"") -> STEP(value=9) -> SUB(value=0) -> LOG(value=""闇の加護を得た。世界の中心の亀裂へ向かおう。"")]"
"DARK_CASTLE_CLEAR","シャニー","それでも……忘れた日はない。","306","種別=会話; 行=10/14; 参照=dark_castle_clear:actions[0]; event=dark_castle_clear; actions=[CONV(value=""DARK_CASTLE_CLEAR"") -> ALLY(value=306) -> FLAG(key=""darkCastleCleared"") -> FLAG(key=""prismBlessingsComplete"") -> STEP(value=9) -> SUB(value=0) -> LOG(value=""闇の加護を得た。世界の中心の亀裂へ向かおう。"")]"
"DARK_CASTLE_CLEAR","シャオ","……許したわけじゃない。
でも、知らないことがあるのは分かった。","105","種別=会話; 行=11/14; 参照=dark_castle_clear:actions[0]; event=dark_castle_clear; actions=[CONV(value=""DARK_CASTLE_CLEAR"") -> ALLY(value=306) -> FLAG(key=""darkCastleCleared"") -> FLAG(key=""prismBlessingsComplete"") -> STEP(value=9) -> SUB(value=0) -> LOG(value=""闇の加護を得た。世界の中心の亀裂へ向かおう。"")]"
"DARK_CASTLE_CLEAR","魔王ゼノン","六つが応えた今なら、世界中央の亀裂も開く。
案内は、こいつに任せる。","402","種別=会話; 行=12/14; 参照=dark_castle_clear:actions[0]; event=dark_castle_clear; actions=[CONV(value=""DARK_CASTLE_CLEAR"") -> ALLY(value=306) -> FLAG(key=""darkCastleCleared"") -> FLAG(key=""prismBlessingsComplete"") -> STEP(value=9) -> SUB(value=0) -> LOG(value=""闇の加護を得た。世界の中心の亀裂へ向かおう。"")]"
"DARK_CASTLE_CLEAR","シャニー","……道は知ってる。
今度は、黙って消えない。","306","種別=会話; 行=13/14; 参照=dark_castle_clear:actions[0]; event=dark_castle_clear; actions=[CONV(value=""DARK_CASTLE_CLEAR"") -> ALLY(value=306) -> FLAG(key=""darkCastleCleared"") -> FLAG(key=""prismBlessingsComplete"") -> STEP(value=9) -> SUB(value=0) -> LOG(value=""闇の加護を得た。世界の中心の亀裂へ向かおう。"")]"
"DARK_CASTLE_CLEAR","システム","[N:306]が仲間に加わった！","","種別=会話; 行=14/14; 参照=dark_castle_clear:actions[0]; event=dark_castle_clear; actions=[CONV(value=""DARK_CASTLE_CLEAR"") -> ALLY(value=306) -> FLAG(key=""darkCastleCleared"") -> FLAG(key=""prismBlessingsComplete"") -> STEP(value=9) -> SUB(value=0) -> LOG(value=""闇の加護を得た。世界の中心の亀裂へ向かおう。"")]"
"POST_DARK_CASTLE_BASE_1","魔族兵","城を開く日が来るとはな。
ゼノン様も無茶をなさる。門番の胃にも限界がある。","1002","種別=会話; 行=1/3; 参照=post_dark_castle_base_1:actions[0]; event=post_dark_castle_base_1; actions=[CONV(value=""POST_DARK_CASTLE_BASE_1"")]"
"POST_DARK_CASTLE_BASE_1","魔族兵","だが混沌を止めるなら、人も魔族も関係あるまい。
うちの鍋だって、蓋を押さえねば吹きこぼれる。","1002","種別=会話; 行=2/3; 参照=post_dark_castle_base_1:actions[0]; event=post_dark_castle_base_1; actions=[CONV(value=""POST_DARK_CASTLE_BASE_1"")]"
"POST_DARK_CASTLE_BASE_1","魔族兵","怖いか？　こちらも怖い。
怖い者同士なら、剣を抜く前に一拍置ける。","1002","種別=会話; 行=3/3; 参照=post_dark_castle_base_1:actions[0]; event=post_dark_castle_base_1; actions=[CONV(value=""POST_DARK_CASTLE_BASE_1"")]"
"QUEST_LICIA_START","リーシア","この先の小部屋は、結界で閉ざされているわ。","","種別=会話; 行=1/2; 参照=quest_licia_start:actions[0]; event=quest_licia_start; actions=[CONV(value=""QUEST_LICIA_START"")]"
"QUEST_LICIA_START","リーシア","私が結界を解く。
離れずについてきて。","","種別=会話; 行=2/2; 参照=quest_licia_start:actions[0]; event=quest_licia_start; actions=[CONV(value=""QUEST_LICIA_START"")]"
"QUEST_LICIA_ENCOUNTER","リーシア","待って。あの結界、壁じゃない。
中で何かを飼ってる。","","種別=会話; 行=1/2; 参照=quest_licia_encounter:actions[0]; event=quest_licia_encounter; actions=[CONV(value=""QUEST_LICIA_ENCOUNTER"") -> BOSS(value=[100078,100082,100078],winEventId=""quest_licia_clear"")]"
"QUEST_LICIA_ENCOUNTER","リーシア","核を壊せば解ける。
来るわ。","","種別=会話; 行=2/2; 参照=quest_licia_encounter:actions[0]; event=quest_licia_encounter; actions=[CONV(value=""QUEST_LICIA_ENCOUNTER"") -> BOSS(value=[100078,100082,100078],winEventId=""quest_licia_clear"")]"
"QUEST_LICIA_CLEAR","リーシア","結界は解けた。
けれど、壁の裏にまだ誰かの指跡が残っている。","","種別=会話; 行=1/3; 参照=quest_licia_clear:actions[0]; event=quest_licia_clear; actions=[CONV(value=""QUEST_LICIA_CLEAR"") -> QUEST_COMPLETE(value=""licia_crena_depths"")]"
"QUEST_LICIA_CLEAR","リーシア","気になるのよ。
鍵穴を覗いたまま、扉を閉めるなんてできない性分でね。","","種別=会話; 行=2/3; 参照=quest_licia_clear:actions[0]; event=quest_licia_clear; actions=[CONV(value=""QUEST_LICIA_CLEAR"") -> QUEST_COMPLETE(value=""licia_crena_depths"")]"
"QUEST_LICIA_CLEAR","リーシア","同行するわ。
見逃したものを、あとで悔やむ方がずっと面倒だもの。","","種別=会話; 行=3/3; 参照=quest_licia_clear:actions[0]; event=quest_licia_clear; actions=[CONV(value=""QUEST_LICIA_CLEAR"") -> QUEST_COMPLETE(value=""licia_crena_depths"")]"
"QUEST_RYU_MINERVA_ENCOUNTER","ミネルバ","待って。この留め具、
誰かが内側から削ってる。","","種別=会話; 行=1/2; 参照=quest_ryu_minerva_encounter:actions[0]; event=quest_ryu_minerva_encounter; actions=[CONV(value=""QUEST_RYU_MINERVA_ENCOUNTER"") -> BOSS(value=301100,winEventId=""quest_ryu_minerva_clear"")]"
"QUEST_RYU_MINERVA_ENCOUNTER","リュウ","来る。
話は生きて戻ってからだ。","","種別=会話; 行=2/2; 参照=quest_ryu_minerva_encounter:actions[0]; event=quest_ryu_minerva_encounter; actions=[CONV(value=""QUEST_RYU_MINERVA_ENCOUNTER"") -> BOSS(value=301100,winEventId=""quest_ryu_minerva_clear"")]"
"QUEST_RYU_MINERVA_CLEAR","ミネルバ","封じは解けた。でもね、留め具の削り方が気になるの。
王国の古い工房で見た癖と似てる。","","種別=会話; 行=1/3; 参照=quest_ryu_minerva_clear:actions[0]; event=quest_ryu_minerva_clear; actions=[CONV(value=""QUEST_RYU_MINERVA_CLEAR"")]"
"QUEST_RYU_MINERVA_CLEAR","リュウ","ならば追う。
言葉が要る時は、お前に任せる。","","種別=会話; 行=2/3; 参照=quest_ryu_minerva_clear:actions[0]; event=quest_ryu_minerva_clear; actions=[CONV(value=""QUEST_RYU_MINERVA_CLEAR"")]"
"QUEST_RYU_MINERVA_CLEAR","ミネルバ","交渉成立ね。
拳が要る時は、あなたに任せるわ。","","種別=会話; 行=3/3; 参照=quest_ryu_minerva_clear:actions[0]; event=quest_ryu_minerva_clear; actions=[CONV(value=""QUEST_RYU_MINERVA_CLEAR"")]"
"QUEST_ZENON_ENCOUNTER","ゼノン","封じたはずの最悪が、
まだ底で息をしている。","","種別=会話; 行=1/2; 参照=quest_zenon_hidden_encounter:actions[0]; event=quest_zenon_hidden_encounter; actions=[CONV(value=""QUEST_ZENON_ENCOUNTER"") -> BOSS(value=401180,winEventId=""quest_zenon_hidden_clear"")]"
"QUEST_ZENON_ENCOUNTER","ゼノン","私が縛る。
お前は、その間に斬れ。","","種別=会話; 行=2/2; 参照=quest_zenon_hidden_encounter:actions[0]; event=quest_zenon_hidden_encounter; actions=[CONV(value=""QUEST_ZENON_ENCOUNTER"") -> BOSS(value=401180,winEventId=""quest_zenon_hidden_clear"")]"
"QUEST_ZENON_CLEAR","ゼノン","恐怖で魔を縛れば、
人は私を魔王と呼ぶ。","","種別=会話; 行=1/4; 参照=quest_zenon_hidden_clear:actions[0]; event=quest_zenon_hidden_clear; actions=[CONV(value=""QUEST_ZENON_CLEAR"") -> QUEST_COMPLETE(value=""zenon_hidden_grezelia"")]"
"QUEST_ZENON_CLEAR","ゼノン","それで世界が保つなら、
名など好きに呼ばせてきた。","","種別=会話; 行=2/4; 参照=quest_zenon_hidden_clear:actions[0]; event=quest_zenon_hidden_clear; actions=[CONV(value=""QUEST_ZENON_CLEAR"") -> QUEST_COMPLETE(value=""zenon_hidden_grezelia"")]"
"QUEST_ZENON_CLEAR","主人公","名ではなく、何を守るかを見る。","301","種別=会話; 行=3/4; 参照=quest_zenon_hidden_clear:actions[0]; event=quest_zenon_hidden_clear; actions=[CONV(value=""QUEST_ZENON_CLEAR"") -> QUEST_COMPLETE(value=""zenon_hidden_grezelia"")]"
"QUEST_ZENON_CLEAR","ゼノン","ならば見届けよう。
お前の剣が選ぶ、世界の続きを。","","種別=会話; 行=4/4; 参照=quest_zenon_hidden_clear:actions[0]; event=quest_zenon_hidden_clear; actions=[CONV(value=""QUEST_ZENON_CLEAR"") -> QUEST_COMPLETE(value=""zenon_hidden_grezelia"")]"
"LOCKED_ABYSS_FIELD","ケイト","魔力汚染がひどすぎます…入ったら、正気ではいられない。","104","種別=会話; 行=1/2; 参照=locked_abyss_field:actions[0]; event=locked_abyss_field; actions=[CONV(value=""LOCKED_ABYSS_FIELD"")]"
"LOCKED_ABYSS_FIELD","ケイト","入る方法を探すしかなさそうです","104","種別=会話; 行=2/2; 参照=locked_abyss_field:actions[0]; event=locked_abyss_field; actions=[CONV(value=""LOCKED_ABYSS_FIELD"")]"
"ABYSS_UNSEALED_FINAL","システム","黒い亀裂が、息をしている。
石でも穴でもなく、世界そのものの傷口が開いていた。","","種別=会話; 行=1/9; 参照=abyss_unsealed:actions[0]; event=abyss_unsealed; actions=[CONV(value=""ABYSS_UNSEALED_FINAL"") -> UNLOCK(value=""abyss"") -> FLAG(key=""abyssOuterReached"") -> STEP(value=10) -> SUB(value=0) -> FLAG(key=""abyssFirstEntered"") -> START_FIXED_MAP(value=""CARMENA"")]"
"ABYSS_UNSEALED_FINAL","ケイト","水の流れがないのに、底から波の音がします。
……ここ、普通の穴じゃありません。","104","種別=会話; 行=2/9; 参照=abyss_unsealed:actions[0]; event=abyss_unsealed; actions=[CONV(value=""ABYSS_UNSEALED_FINAL"") -> UNLOCK(value=""abyss"") -> FLAG(key=""abyssOuterReached"") -> STEP(value=10) -> SUB(value=0) -> FLAG(key=""abyssFirstEntered"") -> START_FIXED_MAP(value=""CARMENA"")]"
"ABYSS_UNSEALED_FINAL","レイラ","祈りの言葉が、口の中でほどけます。
光がまっすぐ進めない場所なんて……。","204","種別=会話; 行=3/9; 参照=abyss_unsealed:actions[0]; event=abyss_unsealed; actions=[CONV(value=""ABYSS_UNSEALED_FINAL"") -> UNLOCK(value=""abyss"") -> FLAG(key=""abyssOuterReached"") -> STEP(value=10) -> SUB(value=0) -> FLAG(key=""abyssFirstEntered"") -> START_FIXED_MAP(value=""CARMENA"")]"
"ABYSS_UNSEALED_FINAL","シャニー","深淵は、ただの穴じゃない。
見すぎると、向こうもこちらを見る。","306","種別=会話; 行=4/9; 参照=abyss_unsealed:actions[0]; event=abyss_unsealed; actions=[CONV(value=""ABYSS_UNSEALED_FINAL"") -> UNLOCK(value=""abyss"") -> FLAG(key=""abyssOuterReached"") -> STEP(value=10) -> SUB(value=0) -> FLAG(key=""abyssFirstEntered"") -> START_FIXED_MAP(value=""CARMENA"")]"
"ABYSS_UNSEALED_FINAL","ジョセフ","脅かすなよ。
……いや、脅しじゃねえ顔だな。","101","種別=会話; 行=5/9; 参照=abyss_unsealed:actions[0]; event=abyss_unsealed; actions=[CONV(value=""ABYSS_UNSEALED_FINAL"") -> UNLOCK(value=""abyss"") -> FLAG(key=""abyssOuterReached"") -> STEP(value=10) -> SUB(value=0) -> FLAG(key=""abyssFirstEntered"") -> START_FIXED_MAP(value=""CARMENA"")]"
"ABYSS_UNSEALED_FINAL","シャニー","私が見張る。
呑まれそうになったら、名前を呼ぶ。","306","種別=会話; 行=6/9; 参照=abyss_unsealed:actions[0]; event=abyss_unsealed; actions=[CONV(value=""ABYSS_UNSEALED_FINAL"") -> UNLOCK(value=""abyss"") -> FLAG(key=""abyssOuterReached"") -> STEP(value=10) -> SUB(value=0) -> FLAG(key=""abyssFirstEntered"") -> START_FIXED_MAP(value=""CARMENA"")]"
"ABYSS_UNSEALED_FINAL","シャオ","……勝手に消えたら、今度こそ怒るから。","105","種別=会話; 行=7/9; 参照=abyss_unsealed:actions[0]; event=abyss_unsealed; actions=[CONV(value=""ABYSS_UNSEALED_FINAL"") -> UNLOCK(value=""abyss"") -> FLAG(key=""abyssOuterReached"") -> STEP(value=10) -> SUB(value=0) -> FLAG(key=""abyssFirstEntered"") -> START_FIXED_MAP(value=""CARMENA"")]"
"ABYSS_UNSEALED_FINAL","シャニー","うん。","306","種別=会話; 行=8/9; 参照=abyss_unsealed:actions[0]; event=abyss_unsealed; actions=[CONV(value=""ABYSS_UNSEALED_FINAL"") -> UNLOCK(value=""abyss"") -> FLAG(key=""abyssOuterReached"") -> STEP(value=10) -> SUB(value=0) -> FLAG(key=""abyssFirstEntered"") -> START_FIXED_MAP(value=""CARMENA"")]"
"ABYSS_UNSEALED_FINAL","システム","深淵への道が開いた。","","種別=会話; 行=9/9; 参照=abyss_unsealed:actions[0]; event=abyss_unsealed; actions=[CONV(value=""ABYSS_UNSEALED_FINAL"") -> UNLOCK(value=""abyss"") -> FLAG(key=""abyssOuterReached"") -> STEP(value=10) -> SUB(value=0) -> FLAG(key=""abyssFirstEntered"") -> START_FIXED_MAP(value=""CARMENA"")]"
"ABYSS_FLOOR_010_LEON_GUARDIAN","システム","割れた軍旗が床に刺さっている。
布だけが、ありもしない風を受けて、まだ命令を待っていた。","","種別=会話; 行=1/7; 参照=abyss_floor_010_leon_guardian:actions[0]; event=abyss_floor_010_leon_guardian; actions=[CONV(value=""ABYSS_FLOOR_010_LEON_GUARDIAN"") -> BOSS(value=401010,winEventId=""abyss_floor_010_clear"")]"
"ABYSS_FLOOR_010_LEON_GUARDIAN","レオン将軍","ここより先、兵を通すな。
帰った兵も、死んだ兵も、名簿から消えた兵も関係ない。","","種別=会話; 行=2/7; 参照=abyss_floor_010_leon_guardian:actions[0]; event=abyss_floor_010_leon_guardian; actions=[CONV(value=""ABYSS_FLOOR_010_LEON_GUARDIAN"") -> BOSS(value=401010,winEventId=""abyss_floor_010_clear"")]"
"ABYSS_FLOOR_010_LEON_GUARDIAN","ジョセフ","……声まで似せやがる。
深淵ってのは、墓荒らしの手つきだけは丁寧だな。","101","種別=会話; 行=3/7; 参照=abyss_floor_010_leon_guardian:actions[0]; event=abyss_floor_010_leon_guardian; actions=[CONV(value=""ABYSS_FLOOR_010_LEON_GUARDIAN"") -> BOSS(value=401010,winEventId=""abyss_floor_010_clear"")]"
"ABYSS_FLOOR_010_LEON_GUARDIAN","レオン将軍","盾を掲げる者よ、何を守る。
国か。民か。あるいは、守れなかった名だけか。","","種別=会話; 行=4/7; 参照=abyss_floor_010_leon_guardian:actions[0]; event=abyss_floor_010_leon_guardian; actions=[CONV(value=""ABYSS_FLOOR_010_LEON_GUARDIAN"") -> BOSS(value=401010,winEventId=""abyss_floor_010_clear"")]"
"ABYSS_FLOOR_010_LEON_GUARDIAN","ジョセフ","全部だ。欲張りだって笑えよ。
守れなかった名を背負って、まだ生きてる奴らを守る。","101","種別=会話; 行=5/7; 参照=abyss_floor_010_leon_guardian:actions[0]; event=abyss_floor_010_leon_guardian; actions=[CONV(value=""ABYSS_FLOOR_010_LEON_GUARDIAN"") -> BOSS(value=401010,winEventId=""abyss_floor_010_clear"")]"
"ABYSS_FLOOR_010_LEON_GUARDIAN","レオン将軍","ならば来い。
命令の残骸を越え、次の戦場へ進む足を見せろ。","","種別=会話; 行=6/7; 参照=abyss_floor_010_leon_guardian:actions[0]; event=abyss_floor_010_leon_guardian; actions=[CONV(value=""ABYSS_FLOOR_010_LEON_GUARDIAN"") -> BOSS(value=401010,winEventId=""abyss_floor_010_clear"")]"
"ABYSS_FLOOR_010_LEON_GUARDIAN","ジョセフ","来い、亡霊の将軍。
その古い号令ごと、俺の盾で止めてやる。","101","種別=会話; 行=7/7; 参照=abyss_floor_010_leon_guardian:actions[0]; event=abyss_floor_010_leon_guardian; actions=[CONV(value=""ABYSS_FLOOR_010_LEON_GUARDIAN"") -> BOSS(value=401010,winEventId=""abyss_floor_010_clear"")]"
"ABYSS_FLOOR_010_CLEAR","システム","割れた軍旗が、音もなく灰になった。
号令だけで立っていた影は、もう誰も呼ばない。","","種別=会話; 行=1/2; 参照=abyss_floor_010_clear:actions[0]; event=abyss_floor_010_clear; actions=[CONV(value=""ABYSS_FLOOR_010_CLEAR"") -> FLAG(key=""abyssFloor010Cleared"")]"
"ABYSS_FLOOR_010_CLEAR","ジョセフ","名簿から消えた奴にも、帰る場所はあったはずだ。
……行くぞ。ここで足を止めたら、あいつらに怒られる。","101","種別=会話; 行=2/2; 参照=abyss_floor_010_clear:actions[0]; event=abyss_floor_010_clear; actions=[CONV(value=""ABYSS_FLOOR_010_CLEAR"") -> FLAG(key=""abyssFloor010Cleared"")]"
"ABYSS_FLOOR_020_GLEN_GUARDIAN","システム","爪痕だらけの盾が落ちている。
裏には、拙い字で子どもの名が彫られていた。","","種別=会話; 行=1/6; 参照=abyss_floor_020_glen_guardian:actions[0]; event=abyss_floor_020_glen_guardian; actions=[CONV(value=""ABYSS_FLOOR_020_GLEN_GUARDIAN"") -> BOSS(value=401020,winEventId=""abyss_floor_020_clear"")]"
"ABYSS_FLOOR_020_GLEN_GUARDIAN","グレン将軍","退け、人の子。ここは敗者の牙を納める場所だ。
勝者の旗も、王の印も、腹の足しにはならぬ。","","種別=会話; 行=2/6; 参照=abyss_floor_020_glen_guardian:actions[0]; event=abyss_floor_020_glen_guardian; actions=[CONV(value=""ABYSS_FLOOR_020_GLEN_GUARDIAN"") -> BOSS(value=401020,winEventId=""abyss_floor_020_clear"")]"
"ABYSS_FLOOR_020_GLEN_GUARDIAN","シャオ","獣人の将軍……？
王国軍じゃない。けど、この人も、何かを守って倒れたんだ。","105","種別=会話; 行=3/6; 参照=abyss_floor_020_glen_guardian:actions[0]; event=abyss_floor_020_glen_guardian; actions=[CONV(value=""ABYSS_FLOOR_020_GLEN_GUARDIAN"") -> BOSS(value=401020,winEventId=""abyss_floor_020_clear"")]"
"ABYSS_FLOOR_020_GLEN_GUARDIAN","グレン将軍","守った巣だけが、名を覚える。
奪った者の名など、冬が来れば骨から消える。","","種別=会話; 行=4/6; 参照=abyss_floor_020_glen_guardian:actions[0]; event=abyss_floor_020_glen_guardian; actions=[CONV(value=""ABYSS_FLOOR_020_GLEN_GUARDIAN"") -> BOSS(value=401020,winEventId=""abyss_floor_020_clear"")]"
"ABYSS_FLOOR_020_GLEN_GUARDIAN","魔王ゼノン","深淵め。誇りまで番犬にするか。
だが牙を折らねば、奥へは進めぬ。","402","種別=会話; 行=5/6; 参照=abyss_floor_020_glen_guardian:actions[0]; event=abyss_floor_020_glen_guardian; actions=[CONV(value=""ABYSS_FLOOR_020_GLEN_GUARDIAN"") -> BOSS(value=401020,winEventId=""abyss_floor_020_clear"")]"
"ABYSS_FLOOR_020_GLEN_GUARDIAN","グレン将軍","ならば来い。お前たちの名が、
守る者の名か、奪う者の名か、牙で確かめる。","","種別=会話; 行=6/6; 参照=abyss_floor_020_glen_guardian:actions[0]; event=abyss_floor_020_glen_guardian; actions=[CONV(value=""ABYSS_FLOOR_020_GLEN_GUARDIAN"") -> BOSS(value=401020,winEventId=""abyss_floor_020_clear"")]"
"ABYSS_FLOOR_020_CLEAR","システム","盾の裏に刻まれた小さな名だけが残った。
誰かの巣を守った牙は、ようやく眠りについた。","","種別=会話; 行=1/2; 参照=abyss_floor_020_clear:actions[0]; event=abyss_floor_020_clear; actions=[CONV(value=""ABYSS_FLOOR_020_CLEAR"") -> FLAG(key=""abyssFloor020Cleared"")]"
"ABYSS_FLOOR_020_CLEAR","魔王ゼノン","敵味方の旗で、死者の誇りまで分けられるものか。
進むぞ。深淵に、これ以上の墓守を作らせるな。","402","種別=会話; 行=2/2; 参照=abyss_floor_020_clear:actions[0]; event=abyss_floor_020_clear; actions=[CONV(value=""ABYSS_FLOOR_020_CLEAR"") -> FLAG(key=""abyssFloor020Cleared"")]"
"ABYSS_FLOOR_030_LEONARD","システム","雷が鳴らない。黒い雲もない。
ただ、床に突き立つ剣だけが、歯を食いしばるように震えていた。","","種別=会話; 行=1/8; 参照=abyss_floor_030_leonard_abyss:actions[0]; event=abyss_floor_030_leonard_abyss; actions=[CONV(value=""ABYSS_FLOOR_030_LEONARD"") -> LB_ADD_PARTY(charId=101,amount=5,source=""story"") -> BOSS(value=401030,winEventId=""abyss_floor_030_clear"")]"
"ABYSS_FLOOR_030_LEONARD","雷楔のレナード","来たか。……来てしまったか、ジョセフ。
この瞳で、お前の顔を見られるうちでよかった。","","種別=会話; 行=2/8; 参照=abyss_floor_030_leonard_abyss:actions[0]; event=abyss_floor_030_leonard_abyss; actions=[CONV(value=""ABYSS_FLOOR_030_LEONARD"") -> LB_ADD_PARTY(charId=101,amount=5,source=""story"") -> BOSS(value=401030,winEventId=""abyss_floor_030_clear"")]"
"ABYSS_FLOOR_030_LEONARD","ジョセフ","レナード。お前、目が戻ってるな。
だったら剣を下ろせ。まだ間に合うって、俺に言わせろ。","101","種別=会話; 行=3/8; 参照=abyss_floor_030_leonard_abyss:actions[0]; event=abyss_floor_030_leonard_abyss; actions=[CONV(value=""ABYSS_FLOOR_030_LEONARD"") -> LB_ADD_PARTY(charId=101,amount=5,source=""story"") -> BOSS(value=401030,winEventId=""abyss_floor_030_clear"")]"
"ABYSS_FLOOR_030_LEONARD","雷楔のレナード","間に合わぬ。体はもう深淵のものだ。
だが悔いる心だけは、まだ奪われずに残っている。","","種別=会話; 行=4/8; 参照=abyss_floor_030_leonard_abyss:actions[0]; event=abyss_floor_030_leonard_abyss; actions=[CONV(value=""ABYSS_FLOOR_030_LEONARD"") -> LB_ADD_PARTY(charId=101,amount=5,source=""story"") -> BOSS(value=401030,winEventId=""abyss_floor_030_clear"")]"
"ABYSS_FLOOR_030_LEONARD","雷楔のレナード","私は斬った。守るためだと、自分に言い聞かせて。
斬った者の顔を、勝利の陰へ埋めて歩いた。","","種別=会話; 行=5/8; 参照=abyss_floor_030_leonard_abyss:actions[0]; event=abyss_floor_030_leonard_abyss; actions=[CONV(value=""ABYSS_FLOOR_030_LEONARD"") -> LB_ADD_PARTY(charId=101,amount=5,source=""story"") -> BOSS(value=401030,winEventId=""abyss_floor_030_clear"")]"
"ABYSS_FLOOR_030_LEONARD","ジョセフ","言い訳を聞きに来たんじゃねえ。
お前を責めに来たんでもねえ。止めに来たんだ。","101","種別=会話; 行=6/8; 参照=abyss_floor_030_leonard_abyss:actions[0]; event=abyss_floor_030_leonard_abyss; actions=[CONV(value=""ABYSS_FLOOR_030_LEONARD"") -> LB_ADD_PARTY(charId=101,amount=5,source=""story"") -> BOSS(value=401030,winEventId=""abyss_floor_030_clear"")]"
"ABYSS_FLOOR_030_LEONARD","雷楔のレナード","ならば頼む、盾よ。
かつて最強の剣と呼ばれた男の、最後の狂いを受け止めてくれ。","","種別=会話; 行=7/8; 参照=abyss_floor_030_leonard_abyss:actions[0]; event=abyss_floor_030_leonard_abyss; actions=[CONV(value=""ABYSS_FLOOR_030_LEONARD"") -> LB_ADD_PARTY(charId=101,amount=5,source=""story"") -> BOSS(value=401030,winEventId=""abyss_floor_030_clear"")]"
"ABYSS_FLOOR_030_LEONARD","ジョセフ","ああ。最強の盾は、まだ折れてねえ。
友の剣くらい、泣きながらでも止めてやる。","101","種別=会話; 行=8/8; 参照=abyss_floor_030_leonard_abyss:actions[0]; event=abyss_floor_030_leonard_abyss; actions=[CONV(value=""ABYSS_FLOOR_030_LEONARD"") -> LB_ADD_PARTY(charId=101,amount=5,source=""story"") -> BOSS(value=401030,winEventId=""abyss_floor_030_clear"")]"
"ABYSS_FLOOR_030_CLEAR","システム","剣の震えが止まった。
雷の残滓は、ジョセフの盾に触れて、小さな火花を一つだけ散らした。","","種別=会話; 行=1/3; 参照=abyss_floor_030_clear:actions[0]; event=abyss_floor_030_clear; actions=[CONV(value=""ABYSS_FLOOR_030_CLEAR"") -> FLAG(key=""abyssFloor030Cleared"")]"
"ABYSS_FLOOR_030_CLEAR","雷楔のレナード","……すまなかった。","","種別=会話; 行=2/3; 参照=abyss_floor_030_clear:actions[0]; event=abyss_floor_030_clear; actions=[CONV(value=""ABYSS_FLOOR_030_CLEAR"") -> FLAG(key=""abyssFloor030Cleared"")]"
"ABYSS_FLOOR_030_CLEAR","ジョセフ","謝る相手は山ほどいる。
俺が全部、覚えておく。だから今は、休め。","101","種別=会話; 行=3/3; 参照=abyss_floor_030_clear:actions[0]; event=abyss_floor_030_clear; actions=[CONV(value=""ABYSS_FLOOR_030_CLEAR"") -> FLAG(key=""abyssFloor030Cleared"")]"
"ABYSS_FLOOR_040_ELICIA","システム","風が同じ向きに吹き続ける。
迷いも声も、不要な荷物のように押し流されていく。","","種別=会話; 行=1/6; 参照=abyss_floor_040_elicia_abyss:actions[0]; event=abyss_floor_040_elicia_abyss; actions=[CONV(value=""ABYSS_FLOOR_040_ELICIA"") -> LB_ADD_PARTY(charId=106,amount=5,source=""story"") -> BOSS(value=401040,winEventId=""abyss_floor_040_clear"")]"
"ABYSS_FLOOR_040_ELICIA","風楔のエリシア","風は国のために吹く。
福音を運び、従わぬ火を消し、逆らう息を奪う神の息吹。","","種別=会話; 行=2/6; 参照=abyss_floor_040_elicia_abyss:actions[0]; event=abyss_floor_040_elicia_abyss; actions=[CONV(value=""ABYSS_FLOOR_040_ELICIA"") -> LB_ADD_PARTY(charId=106,amount=5,source=""story"") -> BOSS(value=401040,winEventId=""abyss_floor_040_clear"")]"
"ABYSS_FLOOR_040_ELICIA","エリーゼ","違う。風は、人の背中を押すものだ。
洗濯物を乾かして、子どもの凧を持ち上げて、帰る道を知らせるものだ！","106","種別=会話; 行=3/6; 参照=abyss_floor_040_elicia_abyss:actions[0]; event=abyss_floor_040_elicia_abyss; actions=[CONV(value=""ABYSS_FLOOR_040_ELICIA"") -> LB_ADD_PARTY(charId=106,amount=5,source=""story"") -> BOSS(value=401040,winEventId=""abyss_floor_040_clear"")]"
"ABYSS_FLOOR_040_ELICIA","風楔のエリシア","小さな暮らしは、国の風下に置くもの。
旗が立つ限り、いくつかの家が潰れても国は残る。","","種別=会話; 行=4/6; 参照=abyss_floor_040_elicia_abyss:actions[0]; event=abyss_floor_040_elicia_abyss; actions=[CONV(value=""ABYSS_FLOOR_040_ELICIA"") -> LB_ADD_PARTY(charId=106,amount=5,source=""story"") -> BOSS(value=401040,winEventId=""abyss_floor_040_clear"")]"
"ABYSS_FLOOR_040_ELICIA","エリーゼ","家の灯りを知らない国なんて、ただの大きな箱です！
人の暮らしを運ばない風を、私は福音なんて呼ばない！","106","種別=会話; 行=5/6; 参照=abyss_floor_040_elicia_abyss:actions[0]; event=abyss_floor_040_elicia_abyss; actions=[CONV(value=""ABYSS_FLOOR_040_ELICIA"") -> LB_ADD_PARTY(charId=106,amount=5,source=""story"") -> BOSS(value=401040,winEventId=""abyss_floor_040_clear"")]"
"ABYSS_FLOOR_040_ELICIA","風楔のエリシア","ならば吹いてみなさい。
あなたの弱い息で、国のために荒れる私の風を裂いてみせなさい。","","種別=会話; 行=6/6; 参照=abyss_floor_040_elicia_abyss:actions[0]; event=abyss_floor_040_elicia_abyss; actions=[CONV(value=""ABYSS_FLOOR_040_ELICIA"") -> LB_ADD_PARTY(charId=106,amount=5,source=""story"") -> BOSS(value=401040,winEventId=""abyss_floor_040_clear"")]"
"ABYSS_FLOOR_040_CLEAR","システム","押し流すだけだった風がほどけ、誰かの窓辺を撫でるような弱い風になった。","","種別=会話; 行=1/2; 参照=abyss_floor_040_clear:actions[0]; event=abyss_floor_040_clear; actions=[CONV(value=""ABYSS_FLOOR_040_CLEAR"") -> FLAG(key=""abyssFloor040Cleared"")]"
"ABYSS_FLOOR_040_CLEAR","エリーゼ","弱い息でも、火を消すためだけにあるんじゃない。
……帰り道を教える風に、いつか戻れますように。","106","種別=会話; 行=2/2; 参照=abyss_floor_040_clear:actions[0]; event=abyss_floor_040_clear; actions=[CONV(value=""ABYSS_FLOOR_040_CLEAR"") -> FLAG(key=""abyssFloor040Cleared"")]"
"ABYSS_FLOOR_050_SYRIS","システム","息が白く落ちる。床で凍ったその息は、
踏み出すたびに、薄い悲鳴のような音を立てた。","","種別=会話; 行=1/9; 参照=abyss_floor_050_syris_abyss:actions[0]; event=abyss_floor_050_syris_abyss; actions=[CONV(value=""ABYSS_FLOOR_050_SYRIS"") -> LB_ADD_PARTY(charId=104,amount=5,source=""story"") -> BOSS(value=401050,winEventId=""abyss_floor_050_clear"")]"
"ABYSS_FLOOR_050_SYRIS","氷楔のシーリス","水は始まり。水は終わり。
万物は水から立ち上がり、最後には水底へ還る。","","種別=会話; 行=2/9; 参照=abyss_floor_050_syris_abyss:actions[0]; event=abyss_floor_050_syris_abyss; actions=[CONV(value=""ABYSS_FLOOR_050_SYRIS"") -> LB_ADD_PARTY(charId=104,amount=5,source=""story"") -> BOSS(value=401050,winEventId=""abyss_floor_050_clear"")]"
"ABYSS_FLOOR_050_SYRIS","氷楔のシーリス","失敗した世界なら、沈めればいい。
底で静かに冷やし、濁りを沈ませ、また生み直せばいい。","","種別=会話; 行=3/9; 参照=abyss_floor_050_syris_abyss:actions[0]; event=abyss_floor_050_syris_abyss; actions=[CONV(value=""ABYSS_FLOOR_050_SYRIS"") -> LB_ADD_PARTY(charId=104,amount=5,source=""story"") -> BOSS(value=401050,winEventId=""abyss_floor_050_clear"")]"
"ABYSS_FLOOR_050_SYRIS","ケイト","……違います。水だけでは、命は育ちません。
凍った水底にあるのは、眠りであって未来じゃない。","104","種別=会話; 行=4/9; 参照=abyss_floor_050_syris_abyss:actions[0]; event=abyss_floor_050_syris_abyss; actions=[CONV(value=""ABYSS_FLOOR_050_SYRIS"") -> LB_ADD_PARTY(charId=104,amount=5,source=""story"") -> BOSS(value=401050,winEventId=""abyss_floor_050_clear"")]"
"ABYSS_FLOOR_050_SYRIS","氷楔のシーリス","震えているわ。その手で、何を読み解くの？
机の上で水を測る子に、沈む世界が止められるのかしら。","","種別=会話; 行=5/9; 参照=abyss_floor_050_syris_abyss:actions[0]; event=abyss_floor_050_syris_abyss; actions=[CONV(value=""ABYSS_FLOOR_050_SYRIS"") -> LB_ADD_PARTY(charId=104,amount=5,source=""story"") -> BOSS(value=401050,winEventId=""abyss_floor_050_clear"")]"
"ABYSS_FLOOR_050_SYRIS","ケイト","怖くないと言えば嘘になります。
でも、水だけの静けさより、火のある台所の方が僕は好きです。","104","種別=会話; 行=6/9; 参照=abyss_floor_050_syris_abyss:actions[0]; event=abyss_floor_050_syris_abyss; actions=[CONV(value=""ABYSS_FLOOR_050_SYRIS"") -> LB_ADD_PARTY(charId=104,amount=5,source=""story"") -> BOSS(value=401050,winEventId=""abyss_floor_050_clear"")]"
"ABYSS_FLOOR_050_SYRIS","ケイト","風が窓を鳴らして、雷で目が覚めて、
闇に休んで、光で朝を知る。命は、そうやって巡るんです。","104","種別=会話; 行=7/9; 参照=abyss_floor_050_syris_abyss:actions[0]; event=abyss_floor_050_syris_abyss; actions=[CONV(value=""ABYSS_FLOOR_050_SYRIS"") -> LB_ADD_PARTY(charId=104,amount=5,source=""story"") -> BOSS(value=401050,winEventId=""abyss_floor_050_clear"")]"
"ABYSS_FLOOR_050_SYRIS","ケイト","水だけで作る世界は、癒しではありません。
それは、誰の声も届かない冷たい混沌です。","104","種別=会話; 行=8/9; 参照=abyss_floor_050_syris_abyss:actions[0]; event=abyss_floor_050_syris_abyss; actions=[CONV(value=""ABYSS_FLOOR_050_SYRIS"") -> LB_ADD_PARTY(charId=104,amount=5,source=""story"") -> BOSS(value=401050,winEventId=""abyss_floor_050_clear"")]"
"ABYSS_FLOOR_050_SYRIS","氷楔のシーリス","ならば示しなさい。
あなたの震える手が、私の氷より深く命へ届くのだと。","","種別=会話; 行=9/9; 参照=abyss_floor_050_syris_abyss:actions[0]; event=abyss_floor_050_syris_abyss; actions=[CONV(value=""ABYSS_FLOOR_050_SYRIS"") -> LB_ADD_PARTY(charId=104,amount=5,source=""story"") -> BOSS(value=401050,winEventId=""abyss_floor_050_clear"")]"
"ABYSS_FLOOR_050_CLEAR","システム","凍った息が溶け、床に細い水筋を作った。
その水は、深淵の奥へは流れず、足元で静かに澄んだ。","","種別=会話; 行=1/2; 参照=abyss_floor_050_clear:actions[0]; event=abyss_floor_050_clear; actions=[CONV(value=""ABYSS_FLOOR_050_CLEAR"") -> FLAG(key=""abyssFloor050Cleared"")]"
"ABYSS_FLOOR_050_CLEAR","ケイト","水は、全部を沈めるためのものじゃない。
手を洗って、喉を潤して、明日へ渡すためのものです。","104","種別=会話; 行=2/2; 参照=abyss_floor_050_clear:actions[0]; event=abyss_floor_050_clear; actions=[CONV(value=""ABYSS_FLOOR_050_CLEAR"") -> FLAG(key=""abyssFloor050Cleared"")]"
"ABYSS_FLOOR_060_GRAD","システム","床の亀裂から火が噴いた。
石畳が赤く溶け、逃げ道が一つずつ炎に塗り潰される。","","種別=会話; 行=1/8; 参照=abyss_floor_060_grad_abyss:actions[0]; event=abyss_floor_060_grad_abyss; actions=[CONV(value=""ABYSS_FLOOR_060_GRAD"") -> LB_ADD_PARTY(charIds=[109,110],amount=5,source=""story"") -> BOSS(value=401060,winEventId=""abyss_floor_060_clear"")]"
"ABYSS_FLOOR_060_GRAD","炎楔のグラド","火山の時とは違うぞ、小僧ども。
ここでは炎が、世界の骨まで食う。光も闇も、混沌すら灰だ。","","種別=会話; 行=2/8; 参照=abyss_floor_060_grad_abyss:actions[0]; event=abyss_floor_060_grad_abyss; actions=[CONV(value=""ABYSS_FLOOR_060_GRAD"") -> LB_ADD_PARTY(charIds=[109,110],amount=5,source=""story"") -> BOSS(value=401060,winEventId=""abyss_floor_060_clear"")]"
"ABYSS_FLOOR_060_GRAD","炎楔のグラド","炎こそ最強だ。生み、壊し、灰まで支配する。
鍋の下で眠るだけの火に、本質などない。","","種別=会話; 行=3/8; 参照=abyss_floor_060_grad_abyss:actions[0]; event=abyss_floor_060_grad_abyss; actions=[CONV(value=""ABYSS_FLOOR_060_GRAD"") -> LB_ADD_PARTY(charIds=[109,110],amount=5,source=""story"") -> BOSS(value=401060,winEventId=""abyss_floor_060_clear"")]"
"ABYSS_FLOOR_060_GRAD","サラ","違います。鍋の下の火が、どれだけ人を生かしてきたか。
凍えた手も、濡れた服も、帰りを待つ灯りも、火が守ってきました。","110","種別=会話; 行=4/8; 参照=abyss_floor_060_grad_abyss:actions[0]; event=abyss_floor_060_grad_abyss; actions=[CONV(value=""ABYSS_FLOOR_060_GRAD"") -> LB_ADD_PARTY(charIds=[109,110],amount=5,source=""story"") -> BOSS(value=401060,winEventId=""abyss_floor_060_clear"")]"
"ABYSS_FLOOR_060_GRAD","炎楔のグラド","守る火だと？　甘い匂いがするな、小娘。
その甘さごと焦がしてやろう。","","種別=会話; 行=5/8; 参照=abyss_floor_060_grad_abyss:actions[0]; event=abyss_floor_060_grad_abyss; actions=[CONV(value=""ABYSS_FLOOR_060_GRAD"") -> LB_ADD_PARTY(charIds=[109,110],amount=5,source=""story"") -> BOSS(value=401060,winEventId=""abyss_floor_060_clear"")]"
"ABYSS_FLOOR_060_GRAD","ガイル","火は支配するもんじゃねえ。
胸に宿して、信念を燃やして、誰かを守り抜くもんだ。","109","種別=会話; 行=6/8; 参照=abyss_floor_060_grad_abyss:actions[0]; event=abyss_floor_060_grad_abyss; actions=[CONV(value=""ABYSS_FLOOR_060_GRAD"") -> LB_ADD_PARTY(charIds=[109,110],amount=5,source=""story"") -> BOSS(value=401060,winEventId=""abyss_floor_060_clear"")]"
"ABYSS_FLOOR_060_GRAD","ガイル","俺の炎は、俺のためじゃない。
大事な奴を焼かせないために、何度でも燃やす灯だ！","109","種別=会話; 行=7/8; 参照=abyss_floor_060_grad_abyss:actions[0]; event=abyss_floor_060_grad_abyss; actions=[CONV(value=""ABYSS_FLOOR_060_GRAD"") -> LB_ADD_PARTY(charIds=[109,110],amount=5,source=""story"") -> BOSS(value=401060,winEventId=""abyss_floor_060_clear"")]"
"ABYSS_FLOOR_060_GRAD","炎楔のグラド","ならば証明してみせろ。
俺の豪火より、貴様らのちっぽけな灯こそが炎の神髄であるのだと！","","種別=会話; 行=8/8; 参照=abyss_floor_060_grad_abyss:actions[0]; event=abyss_floor_060_grad_abyss; actions=[CONV(value=""ABYSS_FLOOR_060_GRAD"") -> LB_ADD_PARTY(charIds=[109,110],amount=5,source=""story"") -> BOSS(value=401060,winEventId=""abyss_floor_060_clear"")]"
"ABYSS_FLOOR_060_CLEAR","システム","炎は消えなかった。
ただ、焼き尽くす赤から、手をかざせる橙へと色を戻した。","","種別=会話; 行=1/3; 参照=abyss_floor_060_clear:actions[0]; event=abyss_floor_060_clear; actions=[CONV(value=""ABYSS_FLOOR_060_CLEAR"") -> FLAG(key=""abyssFloor060Cleared"")]"
"ABYSS_FLOOR_060_CLEAR","サラ","火は怖いです。でも、怖いからこそ、丁寧に扱うんです。
誰かの夕食を焦がさないように。","110","種別=会話; 行=2/3; 参照=abyss_floor_060_clear:actions[0]; event=abyss_floor_060_clear; actions=[CONV(value=""ABYSS_FLOOR_060_CLEAR"") -> FLAG(key=""abyssFloor060Cleared"")]"
"ABYSS_FLOOR_060_CLEAR","ガイル","ああ。豪火より先に、守る灯を絶やさねえ。
それが俺たちの炎だ。","109","種別=会話; 行=3/3; 参照=abyss_floor_060_clear:actions[0]; event=abyss_floor_060_clear; actions=[CONV(value=""ABYSS_FLOOR_060_CLEAR"") -> FLAG(key=""abyssFloor060Cleared"")]"
"ABYSS_FLOOR_070_VELD","システム","白い鎧が黒く脈打っている。
混沌の騎士は、祈る者の列を見下ろすように剣を構えた。","","種別=会話; 行=1/11; 参照=abyss_floor_070_veld_abyss:actions[0]; event=abyss_floor_070_veld_abyss; actions=[CONV(value=""ABYSS_FLOOR_070_VELD"") -> LB_ADD_PARTY(charId=204,amount=5,source=""story"") -> BOSS(value=401070,winEventId=""abyss_floor_070_clear"")]"
"ABYSS_FLOOR_070_VELD","混沌の騎士ヴェルド","遅い。あまりに遅い。
救いを名乗る足音は、いつも血の跡を踏んでから届く。","","種別=会話; 行=2/11; 参照=abyss_floor_070_veld_abyss:actions[0]; event=abyss_floor_070_veld_abyss; actions=[CONV(value=""ABYSS_FLOOR_070_VELD"") -> LB_ADD_PARTY(charId=204,amount=5,source=""story"") -> BOSS(value=401070,winEventId=""abyss_floor_070_clear"")]"
"ABYSS_FLOOR_070_VELD","レイラ","ヴェルド様……。
その声で、そんなことを言わないでください。","204","種別=会話; 行=3/11; 参照=abyss_floor_070_veld_abyss:actions[0]; event=abyss_floor_070_veld_abyss; actions=[CONV(value=""ABYSS_FLOOR_070_VELD"") -> LB_ADD_PARTY(charId=204,amount=5,source=""story"") -> BOSS(value=401070,winEventId=""abyss_floor_070_clear"")]"
"ABYSS_FLOOR_070_VELD","混沌の騎士ヴェルド","城門を閉じろ。外の泣き声は、壁の厚みで消える。
救いとは、残す命と捧げる命を選ぶことだ。","","種別=会話; 行=4/11; 参照=abyss_floor_070_veld_abyss:actions[0]; event=abyss_floor_070_veld_abyss; actions=[CONV(value=""ABYSS_FLOOR_070_VELD"") -> LB_ADD_PARTY(charId=204,amount=5,source=""story"") -> BOSS(value=401070,winEventId=""abyss_floor_070_clear"")]"
"ABYSS_FLOOR_070_VELD","レイラ","それは、あなたの言葉ではありません。
あなたは、門の外で泣く子にこそ毛布を掛ける人でした。","204","種別=会話; 行=5/11; 参照=abyss_floor_070_veld_abyss:actions[0]; event=abyss_floor_070_veld_abyss; actions=[CONV(value=""ABYSS_FLOOR_070_VELD"") -> LB_ADD_PARTY(charId=204,amount=5,source=""story"") -> BOSS(value=401070,winEventId=""abyss_floor_070_clear"")]"
"ABYSS_FLOOR_070_VELD","混沌の騎士ヴェルド","黙れ。名を呼ぶな。
光に選ばれた者も、光に縋る者も、等しく膝をつかせてやる。","","種別=会話; 行=6/11; 参照=abyss_floor_070_veld_abyss:actions[0]; event=abyss_floor_070_veld_abyss; actions=[CONV(value=""ABYSS_FLOOR_070_VELD"") -> LB_ADD_PARTY(charId=204,amount=5,source=""story"") -> BOSS(value=401070,winEventId=""abyss_floor_070_clear"")]"
"ABYSS_FLOOR_070_VELD","システム","振り上げた剣の下で、首元のペンダントがかすかに揺れた。
黒い鎧の中で、その小さな光だけが消えていない。","","種別=会話; 行=7/11; 参照=abyss_floor_070_veld_abyss:actions[0]; event=abyss_floor_070_veld_abyss; actions=[CONV(value=""ABYSS_FLOOR_070_VELD"") -> LB_ADD_PARTY(charId=204,amount=5,source=""story"") -> BOSS(value=401070,winEventId=""abyss_floor_070_clear"")]"
"ABYSS_FLOOR_070_VELD","レイラ","……まだ、持っていてくれた。
深淵が捨て忘れたのでもいい。そこに、呼びかけます。","204","種別=会話; 行=8/11; 参照=abyss_floor_070_veld_abyss:actions[0]; event=abyss_floor_070_veld_abyss; actions=[CONV(value=""ABYSS_FLOOR_070_VELD"") -> LB_ADD_PARTY(charId=204,amount=5,source=""story"") -> BOSS(value=401070,winEventId=""abyss_floor_070_clear"")]"
"ABYSS_FLOOR_070_VELD","レイラ","聖騎士として、あなたの非道を止める。
娘として、その胸に残った灯を、最後まで信じる。","204","種別=会話; 行=9/11; 参照=abyss_floor_070_veld_abyss:actions[0]; event=abyss_floor_070_veld_abyss; actions=[CONV(value=""ABYSS_FLOOR_070_VELD"") -> LB_ADD_PARTY(charId=204,amount=5,source=""story"") -> BOSS(value=401070,winEventId=""abyss_floor_070_clear"")]"
"ABYSS_FLOOR_070_VELD","混沌の騎士ヴェルド","灯など、踏めば消える。
来い。希望ごと斬り伏せ、泣き声を深淵の底へ落としてやる。","","種別=会話; 行=10/11; 参照=abyss_floor_070_veld_abyss:actions[0]; event=abyss_floor_070_veld_abyss; actions=[CONV(value=""ABYSS_FLOOR_070_VELD"") -> LB_ADD_PARTY(charId=204,amount=5,source=""story"") -> BOSS(value=401070,winEventId=""abyss_floor_070_clear"")]"
"ABYSS_FLOOR_070_VELD","レイラ","目を覚ませ、バカ親父。
今度は私が、あなたの頬を叩く番です。","204","種別=会話; 行=11/11; 参照=abyss_floor_070_veld_abyss:actions[0]; event=abyss_floor_070_veld_abyss; actions=[CONV(value=""ABYSS_FLOOR_070_VELD"") -> LB_ADD_PARTY(charId=204,amount=5,source=""story"") -> BOSS(value=401070,winEventId=""abyss_floor_070_clear"")]"
"ABYSS_FLOOR_070_VELD_CLEAR","システム","黒い脈動が鎧から抜け落ちた。
ヴェルドの剣が床を打ち、レイラは自分の剣を放り捨てて駆け寄った。","","種別=会話; 行=1/13; 参照=abyss_floor_070_clear:actions[0]; event=abyss_floor_070_clear; actions=[CONV(value=""ABYSS_FLOOR_070_VELD_CLEAR"") -> FLAG(key=""abyssFloor070Cleared"")]"
"ABYSS_FLOOR_070_VELD_CLEAR","レイラ","父さん……！","204","種別=会話; 行=2/13; 参照=abyss_floor_070_clear:actions[0]; event=abyss_floor_070_clear; actions=[CONV(value=""ABYSS_FLOOR_070_VELD_CLEAR"") -> FLAG(key=""abyssFloor070Cleared"")]"
"ABYSS_FLOOR_070_VELD_CLEAR","混沌の騎士ヴェルド","泣き虫は……変わらんな、レイラ。
昔もそうだ。転んでは、私の袖を濡らした。","","種別=会話; 行=3/13; 参照=abyss_floor_070_clear:actions[0]; event=abyss_floor_070_clear; actions=[CONV(value=""ABYSS_FLOOR_070_VELD_CLEAR"") -> FLAG(key=""abyssFloor070Cleared"")]"
"ABYSS_FLOOR_070_VELD_CLEAR","システム","ヴェルドは震える手を伸ばし、
子どもをあやすように、レイラの涙を親指でぬぐった。","","種別=会話; 行=4/13; 参照=abyss_floor_070_clear:actions[0]; event=abyss_floor_070_clear; actions=[CONV(value=""ABYSS_FLOOR_070_VELD_CLEAR"") -> FLAG(key=""abyssFloor070Cleared"")]"
"ABYSS_FLOOR_070_VELD_CLEAR","混沌の騎士ヴェルド","すまん、レイラ。怖かったろう。
守れと教えた手で、お前の世界を傷つけた。","","種別=会話; 行=5/13; 参照=abyss_floor_070_clear:actions[0]; event=abyss_floor_070_clear; actions=[CONV(value=""ABYSS_FLOOR_070_VELD_CLEAR"") -> FLAG(key=""abyssFloor070Cleared"")]"
"ABYSS_FLOOR_070_VELD_CLEAR","レイラ","……うん。怖かった。
でも、今はここにいる。父さんが、ここにいる。","204","種別=会話; 行=6/13; 参照=abyss_floor_070_clear:actions[0]; event=abyss_floor_070_clear; actions=[CONV(value=""ABYSS_FLOOR_070_VELD_CLEAR"") -> FLAG(key=""abyssFloor070Cleared"")]"
"ABYSS_FLOOR_070_VELD_CLEAR","混沌の騎士ヴェルド","ああ……最後に、お前の声を聞けた。
泣くなとは言わん。涙のあとで、顔を上げろ。","","種別=会話; 行=7/13; 参照=abyss_floor_070_clear:actions[0]; event=abyss_floor_070_clear; actions=[CONV(value=""ABYSS_FLOOR_070_VELD_CLEAR"") -> FLAG(key=""abyssFloor070Cleared"")]"
"ABYSS_FLOOR_070_VELD_CLEAR","レイラ","……はい。","204","種別=会話; 行=8/13; 参照=abyss_floor_070_clear:actions[0]; event=abyss_floor_070_clear; actions=[CONV(value=""ABYSS_FLOOR_070_VELD_CLEAR"") -> FLAG(key=""abyssFloor070Cleared"")]"
"ABYSS_FLOOR_070_VELD_CLEAR","システム","ヴェルドの瞳に、かすかな光が戻る。
彼はレイラの向こうに立つ者たちを、静かに見つめた。","","種別=会話; 行=9/13; 参照=abyss_floor_070_clear:actions[0]; event=abyss_floor_070_clear; actions=[CONV(value=""ABYSS_FLOOR_070_VELD_CLEAR"") -> FLAG(key=""abyssFloor070Cleared"")]"
"ABYSS_FLOOR_070_VELD_CLEAR","混沌の騎士ヴェルド","……世界を、守ってくれ。","","種別=会話; 行=10/13; 参照=abyss_floor_070_clear:actions[0]; event=abyss_floor_070_clear; actions=[CONV(value=""ABYSS_FLOOR_070_VELD_CLEAR"") -> FLAG(key=""abyssFloor070Cleared"")]"
"ABYSS_FLOOR_070_VELD_CLEAR","混沌の騎士ヴェルド","救世主たち。","","種別=会話; 行=11/13; 参照=abyss_floor_070_clear:actions[0]; event=abyss_floor_070_clear; actions=[CONV(value=""ABYSS_FLOOR_070_VELD_CLEAR"") -> FLAG(key=""abyssFloor070Cleared"")]"
"ABYSS_FLOOR_070_VELD_CLEAR","システム","ヴェルドはレイラの膝の中で、静かに息を吐いた。
床には輝く剣が、レイラの腕には古いペンダントが残された。","","種別=会話; 行=12/13; 参照=abyss_floor_070_clear:actions[0]; event=abyss_floor_070_clear; actions=[CONV(value=""ABYSS_FLOOR_070_VELD_CLEAR"") -> FLAG(key=""abyssFloor070Cleared"")]"
"ABYSS_FLOOR_070_VELD_CLEAR","レイラ","……行きます。
泣き止むのは、深淵を断ってからです。","204","種別=会話; 行=13/13; 参照=abyss_floor_070_clear:actions[0]; event=abyss_floor_070_clear; actions=[CONV(value=""ABYSS_FLOOR_070_VELD_CLEAR"") -> FLAG(key=""abyssFloor070Cleared"")]"
"ABYSS_FLOOR_080_LILITH","常闇のリリス","ここまで来たのね。
観察対象としては、予想を少しだけ上回ったわ。","","種別=会話; 行=1/9; 参照=abyss_floor_080_lilith_true:actions[0]; event=abyss_floor_080_lilith_true; actions=[CONV(value=""ABYSS_FLOOR_080_LILITH"") -> BOSS(value=401080,winEventId=""abyss_floor_080_clear"")]"
"ABYSS_FLOOR_080_LILITH","シャオ","観察……？
お前、ジャスパーに手を貸していた魔族か。何を見て笑ってた。","105","種別=会話; 行=2/9; 参照=abyss_floor_080_lilith_true:actions[0]; event=abyss_floor_080_lilith_true; actions=[CONV(value=""ABYSS_FLOOR_080_LILITH"") -> BOSS(value=401080,winEventId=""abyss_floor_080_clear"")]"
"ABYSS_FLOOR_080_LILITH","常闇のリリス","人と魔族がプリズムを巡って疑い、憎み、正義を名乗る。
火種は少しでいいの。あとは勝手に燃えるわ。","","種別=会話; 行=3/9; 参照=abyss_floor_080_lilith_true:actions[0]; event=abyss_floor_080_lilith_true; actions=[CONV(value=""ABYSS_FLOOR_080_LILITH"") -> BOSS(value=401080,winEventId=""abyss_floor_080_clear"")]"
"ABYSS_FLOOR_080_LILITH","常闇のリリス","あの神官は、最後まで光を抱いているつもりだった。
眩しすぎて、自分の足元を見なかっただけ。","","種別=会話; 行=4/9; 参照=abyss_floor_080_lilith_true:actions[0]; event=abyss_floor_080_lilith_true; actions=[CONV(value=""ABYSS_FLOOR_080_LILITH"") -> BOSS(value=401080,winEventId=""abyss_floor_080_clear"")]"
"ABYSS_FLOOR_080_LILITH","レイラ","……その言い方を、やめなさい。
人の誇りを、壊れ方で数えるな。","204","種別=会話; 行=5/9; 参照=abyss_floor_080_lilith_true:actions[0]; event=abyss_floor_080_lilith_true; actions=[CONV(value=""ABYSS_FLOOR_080_LILITH"") -> BOSS(value=401080,winEventId=""abyss_floor_080_clear"")]"
"ABYSS_FLOOR_080_LILITH","常闇のリリス","高潔な者ほど、よく響くのよ。
信じたものが軋む音は、深淵まで届く。","","種別=会話; 行=6/9; 参照=abyss_floor_080_lilith_true:actions[0]; event=abyss_floor_080_lilith_true; actions=[CONV(value=""ABYSS_FLOOR_080_LILITH"") -> BOSS(value=401080,winEventId=""abyss_floor_080_clear"")]"
"ABYSS_FLOOR_080_LILITH","シャニー","聞かなくていい。
この女は、痛みの名前を覚える気がない。","306","種別=会話; 行=7/9; 参照=abyss_floor_080_lilith_true:actions[0]; event=abyss_floor_080_lilith_true; actions=[CONV(value=""ABYSS_FLOOR_080_LILITH"") -> BOSS(value=401080,winEventId=""abyss_floor_080_clear"")]"
"ABYSS_FLOOR_080_LILITH","ジョセフ","同感だ。
盾で口を塞ぐ趣味はねえが、今日だけは迷いそうだな。","101","種別=会話; 行=8/9; 参照=abyss_floor_080_lilith_true:actions[0]; event=abyss_floor_080_lilith_true; actions=[CONV(value=""ABYSS_FLOOR_080_LILITH"") -> BOSS(value=401080,winEventId=""abyss_floor_080_clear"")]"
"ABYSS_FLOOR_080_LILITH","常闇のリリス","怒りなさい。悲しみなさい。
その色も、その熱も、深淵は余さず喜ぶわ。","","種別=会話; 行=9/9; 参照=abyss_floor_080_lilith_true:actions[0]; event=abyss_floor_080_lilith_true; actions=[CONV(value=""ABYSS_FLOOR_080_LILITH"") -> BOSS(value=401080,winEventId=""abyss_floor_080_clear"")]"
"ABYSS_FLOOR_080_CLEAR","システム","リリスの影が床へほどけた。
笑い声だけが残り、すぐに深淵の奥へ吸われて消えた。","","種別=会話; 行=1/3; 参照=abyss_floor_080_clear:actions[0]; event=abyss_floor_080_clear; actions=[CONV(value=""ABYSS_FLOOR_080_CLEAR"") -> FLAG(key=""abyssFloor080Cleared"")]"
"ABYSS_FLOOR_080_CLEAR","シャオ","掌の上で踊らされてたって言われて、腹が立たないわけない。
でも、怒りの向きだけは、もう間違えない。","105","種別=会話; 行=2/3; 参照=abyss_floor_080_clear:actions[0]; event=abyss_floor_080_clear; actions=[CONV(value=""ABYSS_FLOOR_080_CLEAR"") -> FLAG(key=""abyssFloor080Cleared"")]"
"ABYSS_FLOOR_080_CLEAR","シャニー","うん。痛みを笑う相手に、痛みを渡さない。
私たちは、私たちのまま奥へ行こう。","306","種別=会話; 行=3/3; 参照=abyss_floor_080_clear:actions[0]; event=abyss_floor_080_clear; actions=[CONV(value=""ABYSS_FLOOR_080_CLEAR"") -> FLAG(key=""abyssFloor080Cleared"")]"
"ABYSS_FLOOR_090_JASPER","システム","白い祭壇が、黒い光を吐いている。
眩しいのに冷たい。祈りの場というより、裁きの台に近かった。","","種別=会話; 行=1/14; 参照=abyss_floor_090_jasper_true:actions[0]; event=abyss_floor_090_jasper_true; actions=[CONV(value=""ABYSS_FLOOR_090_JASPER"") -> BOSS(value=401090,winEventId=""abyss_floor_090_clear"")]"
"ABYSS_FLOOR_090_JASPER","暗黒神官ジャスパー","来おったか、迷える子らよ。
膝をつけ。今なら、灰にするだけで済ませてやる。","","種別=会話; 行=2/14; 参照=abyss_floor_090_jasper_true:actions[0]; event=abyss_floor_090_jasper_true; actions=[CONV(value=""ABYSS_FLOOR_090_JASPER"") -> BOSS(value=401090,winEventId=""abyss_floor_090_clear"")]"
"ABYSS_FLOOR_090_JASPER","シャニー","その光、冷たい。
闇のせいにしないで。あなたが選んだ冷たさだ。","306","種別=会話; 行=3/14; 参照=abyss_floor_090_jasper_true:actions[0]; event=abyss_floor_090_jasper_true; actions=[CONV(value=""ABYSS_FLOOR_090_JASPER"") -> BOSS(value=401090,winEventId=""abyss_floor_090_clear"")]"
"ABYSS_FLOOR_090_JASPER","暗黒神官ジャスパー","闇の娘が、光を量るか。
光とは暴くもの。迷いを剥ぎ、弱さを照らし、影を消すものよ。","","種別=会話; 行=4/14; 参照=abyss_floor_090_jasper_true:actions[0]; event=abyss_floor_090_jasper_true; actions=[CONV(value=""ABYSS_FLOOR_090_JASPER"") -> BOSS(value=401090,winEventId=""abyss_floor_090_clear"")]"
"ABYSS_FLOOR_090_JASPER","レイラ","違います。光は、目を焼くためにあるのではありません。
迷う人が、自分の足で帰る道を見つけるためにあります。","204","種別=会話; 行=5/14; 参照=abyss_floor_090_jasper_true:actions[0]; event=abyss_floor_090_jasper_true; actions=[CONV(value=""ABYSS_FLOOR_090_JASPER"") -> BOSS(value=401090,winEventId=""abyss_floor_090_clear"")]"
"ABYSS_FLOOR_090_JASPER","暗黒神官ジャスパー","帰る道を選ばせるから、民は過つのだ。
パンの配り方すら誤る者どもに、国も未来も選ばせるな。","","種別=会話; 行=6/14; 参照=abyss_floor_090_jasper_true:actions[0]; event=abyss_floor_090_jasper_true; actions=[CONV(value=""ABYSS_FLOOR_090_JASPER"") -> BOSS(value=401090,winEventId=""abyss_floor_090_clear"")]"
"ABYSS_FLOOR_090_JASPER","サラ","祈りは、数をそろえるためのものではありません。
名前を呼んで、手を伸ばすためのものです。","110","種別=会話; 行=7/14; 参照=abyss_floor_090_jasper_true:actions[0]; event=abyss_floor_090_jasper_true; actions=[CONV(value=""ABYSS_FLOOR_090_JASPER"") -> BOSS(value=401090,winEventId=""abyss_floor_090_clear"")]"
"ABYSS_FLOOR_090_JASPER","暗黒神官ジャスパー","名を呼ぶから手が鈍る。
顔を見るから、要らぬ涙で式が濁る。","","種別=会話; 行=8/14; 参照=abyss_floor_090_jasper_true:actions[0]; event=abyss_floor_090_jasper_true; actions=[CONV(value=""ABYSS_FLOOR_090_JASPER"") -> BOSS(value=401090,winEventId=""abyss_floor_090_clear"")]"
"ABYSS_FLOOR_090_JASPER","ケイト","だから楔を、騎士を、人を……材料にしたんですか。
救う相手の顔を見ない救済なんて、救済じゃありません。","104","種別=会話; 行=9/14; 参照=abyss_floor_090_jasper_true:actions[0]; event=abyss_floor_090_jasper_true; actions=[CONV(value=""ABYSS_FLOOR_090_JASPER"") -> BOSS(value=401090,winEventId=""abyss_floor_090_clear"")]"
"ABYSS_FLOOR_090_JASPER","暗黒神官ジャスパー","顔など要らぬ。数を正し、穢れを分け、残すべき命を残す。
儂が照らし、儂が選び、儂が世界を正す。","","種別=会話; 行=10/14; 参照=abyss_floor_090_jasper_true:actions[0]; event=abyss_floor_090_jasper_true; actions=[CONV(value=""ABYSS_FLOOR_090_JASPER"") -> BOSS(value=401090,winEventId=""abyss_floor_090_clear"")]"
"ABYSS_FLOOR_090_JASPER","ジョセフ","その光じゃ、盾の裏まで届かねえ。
人が隠してる震えを焼いて、立てなくしてるだけだ。","101","種別=会話; 行=11/14; 参照=abyss_floor_090_jasper_true:actions[0]; event=abyss_floor_090_jasper_true; actions=[CONV(value=""ABYSS_FLOOR_090_JASPER"") -> BOSS(value=401090,winEventId=""abyss_floor_090_clear"")]"
"ABYSS_FLOOR_090_JASPER","暗黒神官ジャスパー","黙れ。名を与えれば従う。
光も混沌も、式の下で膝をつく。","","種別=会話; 行=12/14; 参照=abyss_floor_090_jasper_true:actions[0]; event=abyss_floor_090_jasper_true; actions=[CONV(value=""ABYSS_FLOOR_090_JASPER"") -> BOSS(value=401090,winEventId=""abyss_floor_090_clear"")]"
"ABYSS_FLOOR_090_JASPER","レイラ","あなたの光は、人を照らしていない。
跪いた影を見て、自分が高い場所にいると思い込んでいるだけです。","204","種別=会話; 行=13/14; 参照=abyss_floor_090_jasper_true:actions[0]; event=abyss_floor_090_jasper_true; actions=[CONV(value=""ABYSS_FLOOR_090_JASPER"") -> BOSS(value=401090,winEventId=""abyss_floor_090_clear"")]"
"ABYSS_FLOOR_090_JASPER","暗黒神官ジャスパー","ならば焼かれて知るがよい。
愚者の自由より、選ばれた一条の光こそが世界を救うのだ！","","種別=会話; 行=14/14; 参照=abyss_floor_090_jasper_true:actions[0]; event=abyss_floor_090_jasper_true; actions=[CONV(value=""ABYSS_FLOOR_090_JASPER"") -> BOSS(value=401090,winEventId=""abyss_floor_090_clear"")]"
"ABYSS_FLOOR_090_JASPER_CLEAR","暗黒神官ジャスパー","王よ、力を。儂はまだ導ける！
式は残っている。民はまだ、儂の光を知らぬ！","","種別=会話; 行=1/5; 参照=abyss_floor_090_clear:actions[0]; event=abyss_floor_090_clear; actions=[CONV(value=""ABYSS_FLOOR_090_JASPER_CLEAR"") -> FLAG(key=""abyssFloor090Cleared"")]"
"ABYSS_FLOOR_090_JASPER_CLEAR","システム","黒い腕が、ジャスパーの影を掴んだ。
影だけが先に怯え、体はそれに遅れて震え始めた。","","種別=会話; 行=2/5; 参照=abyss_floor_090_clear:actions[0]; event=abyss_floor_090_clear; actions=[CONV(value=""ABYSS_FLOOR_090_JASPER_CLEAR"") -> FLAG(key=""abyssFloor090Cleared"")]"
"ABYSS_FLOOR_090_JASPER_CLEAR","暗黒神官ジャスパー","違う。儂は器ではない。
儂は選ばれた者だ。照らす側だ。王よ、儂の成果を、儂の……。","","種別=会話; 行=3/5; 参照=abyss_floor_090_clear:actions[0]; event=abyss_floor_090_clear; actions=[CONV(value=""ABYSS_FLOOR_090_JASPER_CLEAR"") -> FLAG(key=""abyssFloor090Cleared"")]"
"ABYSS_FLOOR_090_JASPER_CLEAR","システム","最後の声は、祈りにも悲鳴にもならなかった。
研究成果も名も奪われ、選ばれたと信じた男だけが無残に消えた。","","種別=会話; 行=4/5; 参照=abyss_floor_090_clear:actions[0]; event=abyss_floor_090_clear; actions=[CONV(value=""ABYSS_FLOOR_090_JASPER_CLEAR"") -> FLAG(key=""abyssFloor090Cleared"")]"
"ABYSS_FLOOR_090_JASPER_CLEAR","シャニー","……選ばれたんじゃない。
自分から、差し出しただけ。","306","種別=会話; 行=5/5; 参照=abyss_floor_090_clear:actions[0]; event=abyss_floor_090_clear; actions=[CONV(value=""ABYSS_FLOOR_090_JASPER_CLEAR"") -> FLAG(key=""abyssFloor090Cleared"")]"
"ABYSS_FLOOR_100_PHASE1","システム","六つの光が床に縫い付けられている。
雷、風、水、火、光、そして闇。世界の呼吸が、ここで止められていた。","","種別=会話; 行=1/8; 参照=abyss_floor_100_phase1:actions[0]; event=abyss_floor_100_phase1; actions=[CONV(value=""ABYSS_FLOOR_100_PHASE1"") -> BOSS(value=[401153,401151,401150,401152],winEventId=""abyss_floor_100_phase2"")]"
"ABYSS_FLOOR_100_PHASE1","深淵王アゼルガラグ","調和は古い檻だ。
六つの理は、王国の儀によって割れた。裂け目は広がり、我を形にした。","","種別=会話; 行=2/8; 参照=abyss_floor_100_phase1:actions[0]; event=abyss_floor_100_phase1; actions=[CONV(value=""ABYSS_FLOOR_100_PHASE1"") -> BOSS(value=[401153,401151,401150,401152],winEventId=""abyss_floor_100_phase2"")]"
"ABYSS_FLOOR_100_PHASE1","シャニー","闇の光が、まだ残ってる。
……渡さなかったものまで、ここで縛る気なんだ。","306","種別=会話; 行=3/8; 参照=abyss_floor_100_phase1:actions[0]; event=abyss_floor_100_phase1; actions=[CONV(value=""ABYSS_FLOOR_100_PHASE1"") -> BOSS(value=[401153,401151,401150,401152],winEventId=""abyss_floor_100_phase2"")]"
"ABYSS_FLOOR_100_PHASE1","深淵王アゼルガラグ","残ったからこそ欲しい。
沈まぬ石ほど、深い底へ落とした時によく鳴る。","","種別=会話; 行=4/8; 参照=abyss_floor_100_phase1:actions[0]; event=abyss_floor_100_phase1; actions=[CONV(value=""ABYSS_FLOOR_100_PHASE1"") -> BOSS(value=[401153,401151,401150,401152],winEventId=""abyss_floor_100_phase2"")]"
"ABYSS_FLOOR_100_PHASE1","ジョセフ","人の悔いまで玉座の飾りにするな。
レナードの剣は、お前の号令で振らせるもんじゃねえ。","101","種別=会話; 行=5/8; 参照=abyss_floor_100_phase1:actions[0]; event=abyss_floor_100_phase1; actions=[CONV(value=""ABYSS_FLOOR_100_PHASE1"") -> BOSS(value=[401153,401151,401150,401152],winEventId=""abyss_floor_100_phase2"")]"
"ABYSS_FLOOR_100_PHASE1","深淵王アゼルガラグ","悔いも誇りも、抱えきれぬ心が裂け目を広げる。
我は落ちたものを、ただ王冠へ編むだけだ。","","種別=会話; 行=6/8; 参照=abyss_floor_100_phase1:actions[0]; event=abyss_floor_100_phase1; actions=[CONV(value=""ABYSS_FLOOR_100_PHASE1"") -> BOSS(value=[401153,401151,401150,401152],winEventId=""abyss_floor_100_phase2"")]"
"ABYSS_FLOOR_100_PHASE1","シャオ","だったら、その王冠ごと砕く。
火の里の炉も、姉さんの拳も、お前の飾りじゃない。","105","種別=会話; 行=7/8; 参照=abyss_floor_100_phase1:actions[0]; event=abyss_floor_100_phase1; actions=[CONV(value=""ABYSS_FLOOR_100_PHASE1"") -> BOSS(value=[401153,401151,401150,401152],winEventId=""abyss_floor_100_phase2"")]"
"ABYSS_FLOOR_100_PHASE1","深淵王アゼルガラグ","よかろう。見せよう。
深淵化した理の成れの果てを。お前たちが救ったと思った楔の残響を。","","種別=会話; 行=8/8; 参照=abyss_floor_100_phase1:actions[0]; event=abyss_floor_100_phase1; actions=[CONV(value=""ABYSS_FLOOR_100_PHASE1"") -> BOSS(value=[401153,401151,401150,401152],winEventId=""abyss_floor_100_phase2"")]"
"ABYSS_FLOOR_100_PHASE2","システム","黒い雷、黒い風、黒い氷、黒い炎。
四つの影が同時に崩れ、縛られていた光の破片がほどけていく。","","種別=会話; 行=1/7; 参照=abyss_floor_100_phase2:actions[0]; event=abyss_floor_100_phase2; actions=[CONV(value=""ABYSS_FLOOR_100_PHASE2"") -> BOSS(value=401100,winEventId=""abyss_floor_100_clear"")]"
"ABYSS_FLOOR_100_PHASE2","深淵王アゼルガラグ","破片を解いたか。
ならば傷口そのもので砕こう。理の外側から、世界の名を一つずつ削り取ってやる。","","種別=会話; 行=2/7; 参照=abyss_floor_100_phase2:actions[0]; event=abyss_floor_100_phase2; actions=[CONV(value=""ABYSS_FLOOR_100_PHASE2"") -> BOSS(value=401100,winEventId=""abyss_floor_100_clear"")]"
"ABYSS_FLOOR_100_PHASE2","リュシオン","勇者よ。ここから先は、祈りだけでは届きません。
けれど祈りを捨ててはなりません。刃に宿すのです。","","種別=会話; 行=3/7; 参照=abyss_floor_100_phase2:actions[0]; event=abyss_floor_100_phase2; actions=[CONV(value=""ABYSS_FLOOR_100_PHASE2"") -> BOSS(value=401100,winEventId=""abyss_floor_100_clear"")]"
"ABYSS_FLOOR_100_PHASE2","エリーゼ","風が、逃げろって言ってません。
背中を押してくれてます。……まだ、前へ行けます。","106","種別=会話; 行=4/7; 参照=abyss_floor_100_phase2:actions[0]; event=abyss_floor_100_phase2; actions=[CONV(value=""ABYSS_FLOOR_100_PHASE2"") -> BOSS(value=401100,winEventId=""abyss_floor_100_clear"")]"
"ABYSS_FLOOR_100_PHASE2","ケイト","息は整えます。傷も塞ぎます。
だから、もう少しだけ立ってください。私も立ちます。","104","種別=会話; 行=5/7; 参照=abyss_floor_100_phase2:actions[0]; event=abyss_floor_100_phase2; actions=[CONV(value=""ABYSS_FLOOR_100_PHASE2"") -> BOSS(value=401100,winEventId=""abyss_floor_100_clear"")]"
"ABYSS_FLOOR_100_PHASE2","ガイル","祈りも怒りも、置いてく必要なんかねえ。
全部持って立つんだ。ここで終わらせるぞ！","109","種別=会話; 行=6/7; 参照=abyss_floor_100_phase2:actions[0]; event=abyss_floor_100_phase2; actions=[CONV(value=""ABYSS_FLOOR_100_PHASE2"") -> BOSS(value=401100,winEventId=""abyss_floor_100_clear"")]"
"ABYSS_FLOOR_100_PHASE2","レイラ","はい。
選んで捨てる光ではなく、共に進む光で、この闇を越えます。","204","種別=会話; 行=7/7; 参照=abyss_floor_100_phase2:actions[0]; event=abyss_floor_100_phase2; actions=[CONV(value=""ABYSS_FLOOR_100_PHASE2"") -> BOSS(value=401100,winEventId=""abyss_floor_100_clear"")]"
"ABYSS_FLOOR_100_CLEAR","システム","六つの光が鎖を失った。
暴れていた残滓は静まり、闇の光が初めて他の属性と肩を並べた。","","種別=会話; 行=1/7; 参照=abyss_floor_100_clear:actions[0]; event=abyss_floor_100_clear; actions=[CONV(value=""ABYSS_FLOOR_100_CLEAR"") -> FLAG(key=""abyssFloor100Cleared"") -> STEP(value=10) -> SUB(value=1) -> LOG(value=""深淵王を退けた。一度地上へ戻り、仲間たちと息を整えよう。"")]"
"ABYSS_FLOOR_100_CLEAR","深淵王アゼルガラグ","我は王ではない。
傷が見た、王の夢だ。混沌の底は、まだ我より深い……。","","種別=会話; 行=2/7; 参照=abyss_floor_100_clear:actions[0]; event=abyss_floor_100_clear; actions=[CONV(value=""ABYSS_FLOOR_100_CLEAR"") -> FLAG(key=""abyssFloor100Cleared"") -> STEP(value=10) -> SUB(value=1) -> LOG(value=""深淵王を退けた。一度地上へ戻り、仲間たちと息を整えよう。"")]"
"ABYSS_FLOOR_100_CLEAR","システム","地上へ漏れていた深淵化が、遠くで静かに鎮まっていく。
世界は一度、大きく息を吹き返した。","","種別=会話; 行=3/7; 参照=abyss_floor_100_clear:actions[0]; event=abyss_floor_100_clear; actions=[CONV(value=""ABYSS_FLOOR_100_CLEAR"") -> FLAG(key=""abyssFloor100Cleared"") -> STEP(value=10) -> SUB(value=1) -> LOG(value=""深淵王を退けた。一度地上へ戻り、仲間たちと息を整えよう。"")]"
"ABYSS_FLOOR_100_CLEAR","リュシオン","封印が解けました。
けれど今は、深淵の底を覗き込む時ではありません。","","種別=会話; 行=4/7; 参照=abyss_floor_100_clear:actions[0]; event=abyss_floor_100_clear; actions=[CONV(value=""ABYSS_FLOOR_100_CLEAR"") -> FLAG(key=""abyssFloor100Cleared"") -> STEP(value=10) -> SUB(value=1) -> LOG(value=""深淵王を退けた。一度地上へ戻り、仲間たちと息を整えよう。"")]"
"ABYSS_FLOOR_100_CLEAR","リュシオン","戻りなさい。
あなたたちが守った地上の風を、もう一度吸うのです。","","種別=会話; 行=5/7; 参照=abyss_floor_100_clear:actions[0]; event=abyss_floor_100_clear; actions=[CONV(value=""ABYSS_FLOOR_100_CLEAR"") -> FLAG(key=""abyssFloor100Cleared"") -> STEP(value=10) -> SUB(value=1) -> LOG(value=""深淵王を退けた。一度地上へ戻り、仲間たちと息を整えよう。"")]"
"ABYSS_FLOOR_100_CLEAR","ジョセフ","……そうだな。
勝ったって顔で帰ろうぜ。一度くらい、胸を張ってよ。","101","種別=会話; 行=6/7; 参照=abyss_floor_100_clear:actions[0]; event=abyss_floor_100_clear; actions=[CONV(value=""ABYSS_FLOOR_100_CLEAR"") -> FLAG(key=""abyssFloor100Cleared"") -> STEP(value=10) -> SUB(value=1) -> LOG(value=""深淵王を退けた。一度地上へ戻り、仲間たちと息を整えよう。"")]"
"ABYSS_FLOOR_100_CLEAR","シャニー","道は、消えてない。
でも、今は戻れる。……戻ろう。","306","種別=会話; 行=7/7; 参照=abyss_floor_100_clear:actions[0]; event=abyss_floor_100_clear; actions=[CONV(value=""ABYSS_FLOOR_100_CLEAR"") -> FLAG(key=""abyssFloor100Cleared"") -> STEP(value=10) -> SUB(value=1) -> LOG(value=""深淵王を退けた。一度地上へ戻り、仲間たちと息を整えよう。"")]"
"ABYSS_FLOOR_100_EPILOGUE","システム","世界の中心の亀裂の縁。
深淵の風は弱まり、遠くの草が、久しぶりに朝の匂いを運んでいた。","","種別=会話; 行=1/11; 参照=abyss_floor_100_epilogue:actions[0]; event=abyss_floor_100_epilogue; actions=[CONV(value=""ABYSS_FLOOR_100_EPILOGUE"") -> FLAG(key=""abyssFloor100EpilogueCleared"") -> STEP(value=10) -> SUB(value=2) -> LOG(value=""終焉の祭壇へ至る道を探し、深淵王の影を断とう。"")]"
"ABYSS_FLOOR_100_EPILOGUE","サラ","……戻ってこられたんですね。
足の裏が地面を覚えていて、少しだけ安心しました。","110","種別=会話; 行=2/11; 参照=abyss_floor_100_epilogue:actions[0]; event=abyss_floor_100_epilogue; actions=[CONV(value=""ABYSS_FLOOR_100_EPILOGUE"") -> FLAG(key=""abyssFloor100EpilogueCleared"") -> STEP(value=10) -> SUB(value=2) -> LOG(value=""終焉の祭壇へ至る道を探し、深淵王の影を断とう。"")]"
"ABYSS_FLOOR_100_EPILOGUE","ガイル","腹も減ったし、腕も重い。
生きて帰ったって感じがするな。……それでも、終わりじゃねえんだろ。","109","種別=会話; 行=3/11; 参照=abyss_floor_100_epilogue:actions[0]; event=abyss_floor_100_epilogue; actions=[CONV(value=""ABYSS_FLOOR_100_EPILOGUE"") -> FLAG(key=""abyssFloor100EpilogueCleared"") -> STEP(value=10) -> SUB(value=2) -> LOG(value=""終焉の祭壇へ至る道を探し、深淵王の影を断とう。"")]"
"ABYSS_FLOOR_100_EPILOGUE","シャオ","炉の火が戻っても、灰は掃かなきゃ残る。
深淵も同じだ。奥に残った火種を、放っておけない。","105","種別=会話; 行=4/11; 参照=abyss_floor_100_epilogue:actions[0]; event=abyss_floor_100_epilogue; actions=[CONV(value=""ABYSS_FLOOR_100_EPILOGUE"") -> FLAG(key=""abyssFloor100EpilogueCleared"") -> STEP(value=10) -> SUB(value=2) -> LOG(value=""終焉の祭壇へ至る道を探し、深淵王の影を断とう。"")]"
"ABYSS_FLOOR_100_EPILOGUE","エリーゼ","風が、下を指しています。
でも今度は、引きずり込む風じゃない。背中を押す風です。","106","種別=会話; 行=5/11; 参照=abyss_floor_100_epilogue:actions[0]; event=abyss_floor_100_epilogue; actions=[CONV(value=""ABYSS_FLOOR_100_EPILOGUE"") -> FLAG(key=""abyssFloor100EpilogueCleared"") -> STEP(value=10) -> SUB(value=2) -> LOG(value=""終焉の祭壇へ至る道を探し、深淵王の影を断とう。"")]"
"ABYSS_FLOOR_100_EPILOGUE","ケイト","水路は澄み始めています。
けれど底の濁りは、まだ沈んだままです。見に行かなきゃ。","104","種別=会話; 行=6/11; 参照=abyss_floor_100_epilogue:actions[0]; event=abyss_floor_100_epilogue; actions=[CONV(value=""ABYSS_FLOOR_100_EPILOGUE"") -> FLAG(key=""abyssFloor100EpilogueCleared"") -> STEP(value=10) -> SUB(value=2) -> LOG(value=""終焉の祭壇へ至る道を探し、深淵王の影を断とう。"")]"
"ABYSS_FLOOR_100_EPILOGUE","ジョセフ","休むなら今のうちだ。
次に潜る時は、きっと引き返す理由の方が少なくなる。","101","種別=会話; 行=7/11; 参照=abyss_floor_100_epilogue:actions[0]; event=abyss_floor_100_epilogue; actions=[CONV(value=""ABYSS_FLOOR_100_EPILOGUE"") -> FLAG(key=""abyssFloor100EpilogueCleared"") -> STEP(value=10) -> SUB(value=2) -> LOG(value=""終焉の祭壇へ至る道を探し、深淵王の影を断とう。"")]"
"ABYSS_FLOOR_100_EPILOGUE","レイラ","父の剣は、ここにあります。
悲しみを置いていくためではなく、連れて進むために。","204","種別=会話; 行=8/11; 参照=abyss_floor_100_epilogue:actions[0]; event=abyss_floor_100_epilogue; actions=[CONV(value=""ABYSS_FLOOR_100_EPILOGUE"") -> FLAG(key=""abyssFloor100EpilogueCleared"") -> STEP(value=10) -> SUB(value=2) -> LOG(value=""終焉の祭壇へ至る道を探し、深淵王の影を断とう。"")]"
"ABYSS_FLOOR_100_EPILOGUE","シャニー","闇も、まだ震えてる。
守り抜かれたものの奥で、別の何かが口を開けている。","306","種別=会話; 行=9/11; 参照=abyss_floor_100_epilogue:actions[0]; event=abyss_floor_100_epilogue; actions=[CONV(value=""ABYSS_FLOOR_100_EPILOGUE"") -> FLAG(key=""abyssFloor100EpilogueCleared"") -> STEP(value=10) -> SUB(value=2) -> LOG(value=""終焉の祭壇へ至る道を探し、深淵王の影を断とう。"")]"
"ABYSS_FLOOR_100_EPILOGUE","リュシオン","今は地上で息を整えなさい。
終焉の祭壇に残る王の影を断った時、次の道を越える光を託しましょう。","501","種別=会話; 行=10/11; 参照=abyss_floor_100_epilogue:actions[0]; event=abyss_floor_100_epilogue; actions=[CONV(value=""ABYSS_FLOOR_100_EPILOGUE"") -> FLAG(key=""abyssFloor100EpilogueCleared"") -> STEP(value=10) -> SUB(value=2) -> LOG(value=""終焉の祭壇へ至る道を探し、深淵王の影を断とう。"")]"
"ABYSS_FLOOR_100_EPILOGUE","システム","深淵の奥に残る気配は消えていない。
一行は、終焉の祭壇へ至る道を探すことにした。","","種別=会話; 行=11/11; 参照=abyss_floor_100_epilogue:actions[0]; event=abyss_floor_100_epilogue; actions=[CONV(value=""ABYSS_FLOOR_100_EPILOGUE"") -> FLAG(key=""abyssFloor100EpilogueCleared"") -> STEP(value=10) -> SUB(value=2) -> LOG(value=""終焉の祭壇へ至る道を探し、深淵王の影を断とう。"")]"
"ABYSS_CARMENA_GATE","システム","北門の前で、二人の将軍が同時に武器を構えた。
黒い空気が鎧の隙間から流れ、町を覆う淀みと結びついている。","","種別=会話; 行=1/6; 参照=abyss_carmena_gate_battle:actions[0]; event=abyss_carmena_gate_battle; actions=[CONV(value=""ABYSS_CARMENA_GATE"") -> BOSS(value=[302001,302000],winEventId=""abyss_carmena_gate_clear"")]"
"ABYSS_CARMENA_GATE","グレン将軍","ここより先は、深淵王の領域。
地上の者を一歩たりとも通すわけにはいかぬ。","","種別=会話; 行=2/6; 参照=abyss_carmena_gate_battle:actions[0]; event=abyss_carmena_gate_battle; actions=[CONV(value=""ABYSS_CARMENA_GATE"") -> BOSS(value=[302001,302000],winEventId=""abyss_carmena_gate_clear"")]"
"ABYSS_CARMENA_GATE","レオン将軍","退け。これは二将に下された最後の命令だ。
我らの命が尽きぬ限り、北門は開かない。","","種別=会話; 行=3/6; 参照=abyss_carmena_gate_battle:actions[0]; event=abyss_carmena_gate_battle; actions=[CONV(value=""ABYSS_CARMENA_GATE"") -> BOSS(value=[302001,302000],winEventId=""abyss_carmena_gate_clear"")]"
"ABYSS_CARMENA_GATE","ジョセフ","町の連中まで巻き込んで守る門に、何の意味がある。
その命令ごと、ここで止める。","101","種別=会話; 行=4/6; 参照=abyss_carmena_gate_battle:actions[0]; event=abyss_carmena_gate_battle; actions=[CONV(value=""ABYSS_CARMENA_GATE"") -> BOSS(value=[302001,302000],winEventId=""abyss_carmena_gate_clear"")]"
"ABYSS_CARMENA_GATE","シャニー","二人を縛る力が、カルメナの汚染を支えている。
ここで断てば、みんなの体も元に戻る。","306","種別=会話; 行=5/6; 参照=abyss_carmena_gate_battle:actions[0]; event=abyss_carmena_gate_battle; actions=[CONV(value=""ABYSS_CARMENA_GATE"") -> BOSS(value=[302001,302000],winEventId=""abyss_carmena_gate_clear"")]"
"ABYSS_CARMENA_GATE","魔王ゼノン","ならば二将まとめて引導を渡す。
門を開けろ。深淵の王へ至る道を、我らが切り拓く。","402","種別=会話; 行=6/6; 参照=abyss_carmena_gate_battle:actions[0]; event=abyss_carmena_gate_battle; actions=[CONV(value=""ABYSS_CARMENA_GATE"") -> BOSS(value=[302001,302000],winEventId=""abyss_carmena_gate_clear"")]"
"ABYSS_CARMENA_GATE_CLEAR","システム","二将の鎧から黒い霧が抜け、北門を塞いでいた力が砕けた。
町を覆っていた息苦しさも、潮が引くように薄れていく。","","種別=会話; 行=1/5; 参照=abyss_carmena_gate_clear:actions[0]; event=abyss_carmena_gate_clear; actions=[CONV(value=""ABYSS_CARMENA_GATE_CLEAR"") -> FLAG(key=""abyssCarmenaGateCleared"")]"
"ABYSS_CARMENA_GATE_CLEAR","グレン将軍","……守るべき巣は、とうに失われていたか。","","種別=会話; 行=2/5; 参照=abyss_carmena_gate_clear:actions[0]; event=abyss_carmena_gate_clear; actions=[CONV(value=""ABYSS_CARMENA_GATE_CLEAR"") -> FLAG(key=""abyssCarmenaGateCleared"")]"
"ABYSS_CARMENA_GATE_CLEAR","レオン将軍","それでも門に立ち続けた。命令だけを、最後の名として。","","種別=会話; 行=3/5; 参照=abyss_carmena_gate_clear:actions[0]; event=abyss_carmena_gate_clear; actions=[CONV(value=""ABYSS_CARMENA_GATE_CLEAR"") -> FLAG(key=""abyssCarmenaGateCleared"")]"
"ABYSS_CARMENA_GATE_CLEAR","ジョセフ","もう休め。門の先は、生きてる俺たちが引き受ける。","101","種別=会話; 行=4/5; 参照=abyss_carmena_gate_clear:actions[0]; event=abyss_carmena_gate_clear; actions=[CONV(value=""ABYSS_CARMENA_GATE_CLEAR"") -> FLAG(key=""abyssCarmenaGateCleared"")]"
"ABYSS_CARMENA_GATE_CLEAR","システム","全身を蝕んでいた深淵の汚染が消え、仲間たちの属性耐性が元に戻った。
カルメナの北門が開いた。","","種別=会話; 行=5/5; 参照=abyss_carmena_gate_clear:actions[0]; event=abyss_carmena_gate_clear; actions=[CONV(value=""ABYSS_CARMENA_GATE_CLEAR"") -> FLAG(key=""abyssCarmenaGateCleared"")]"
"ABYSS_LEONARD","システム","雷が鳴らない。黒い雲もない。
ただ、床に突き立つ剣だけが、歯を食いしばるように震えていた。","","種別=会話; 行=1/8; 参照=abyss_leonard_battle:actions[0]; event=abyss_leonard_battle; actions=[CONV(value=""ABYSS_LEONARD"") -> LB_ADD_PARTY(charId=101,amount=5,source=""story"") -> BOSS(value=302010,winEventId=""abyss_leonard_clear"")]"
"ABYSS_LEONARD","黒雷のレナード","来たか。……来てしまったか、ジョセフ。
この瞳で、お前の顔を見られるうちでよかった。","","種別=会話; 行=2/8; 参照=abyss_leonard_battle:actions[0]; event=abyss_leonard_battle; actions=[CONV(value=""ABYSS_LEONARD"") -> LB_ADD_PARTY(charId=101,amount=5,source=""story"") -> BOSS(value=302010,winEventId=""abyss_leonard_clear"")]"
"ABYSS_LEONARD","ジョセフ","レナード。お前、目が戻ってるな。
だったら剣を下ろせ。まだ間に合うって、俺に言わせろ。","101","種別=会話; 行=3/8; 参照=abyss_leonard_battle:actions[0]; event=abyss_leonard_battle; actions=[CONV(value=""ABYSS_LEONARD"") -> LB_ADD_PARTY(charId=101,amount=5,source=""story"") -> BOSS(value=302010,winEventId=""abyss_leonard_clear"")]"
"ABYSS_LEONARD","黒雷のレナード","間に合わぬ。体はもう深淵のものだ。
だが悔いる心だけは、まだ奪われずに残っている。","","種別=会話; 行=4/8; 参照=abyss_leonard_battle:actions[0]; event=abyss_leonard_battle; actions=[CONV(value=""ABYSS_LEONARD"") -> LB_ADD_PARTY(charId=101,amount=5,source=""story"") -> BOSS(value=302010,winEventId=""abyss_leonard_clear"")]"
"ABYSS_LEONARD","黒雷のレナード","私は斬った。守るためだと、自分に言い聞かせて。
斬った者の顔を、勝利の陰へ埋めて歩いた。","","種別=会話; 行=5/8; 参照=abyss_leonard_battle:actions[0]; event=abyss_leonard_battle; actions=[CONV(value=""ABYSS_LEONARD"") -> LB_ADD_PARTY(charId=101,amount=5,source=""story"") -> BOSS(value=302010,winEventId=""abyss_leonard_clear"")]"
"ABYSS_LEONARD","ジョセフ","言い訳を聞きに来たんじゃねえ。
お前を責めに来たんでもねえ。止めに来たんだ。","101","種別=会話; 行=6/8; 参照=abyss_leonard_battle:actions[0]; event=abyss_leonard_battle; actions=[CONV(value=""ABYSS_LEONARD"") -> LB_ADD_PARTY(charId=101,amount=5,source=""story"") -> BOSS(value=302010,winEventId=""abyss_leonard_clear"")]"
"ABYSS_LEONARD","黒雷のレナード","ならば頼む、盾よ。
かつて最強の剣と呼ばれた男の、最後の狂いを受け止めてくれ。","","種別=会話; 行=7/8; 参照=abyss_leonard_battle:actions[0]; event=abyss_leonard_battle; actions=[CONV(value=""ABYSS_LEONARD"") -> LB_ADD_PARTY(charId=101,amount=5,source=""story"") -> BOSS(value=302010,winEventId=""abyss_leonard_clear"")]"
"ABYSS_LEONARD","ジョセフ","ああ。最強の盾は、まだ折れてねえ。
友の剣くらい、泣きながらでも止めてやる。","101","種別=会話; 行=8/8; 参照=abyss_leonard_battle:actions[0]; event=abyss_leonard_battle; actions=[CONV(value=""ABYSS_LEONARD"") -> LB_ADD_PARTY(charId=101,amount=5,source=""story"") -> BOSS(value=302010,winEventId=""abyss_leonard_clear"")]"
"ABYSS_LEONARD_CLEAR","システム","剣の震えが止まった。
雷の残滓は、ジョセフの盾に触れて、小さな火花を一つだけ散らした。","","種別=会話; 行=1/3; 参照=abyss_leonard_clear:actions[0]; event=abyss_leonard_clear; actions=[CONV(value=""ABYSS_LEONARD_CLEAR"") -> FLAG(key=""abyssLeonardDefeated"") -> IF_FLAG(key=""abyssFirstBarrierCleared""){then:[CONV(value=""ABYSS_FIRST_BARRIER_CLEAR"")]}]"
"ABYSS_LEONARD_CLEAR","黒雷のレナード","……すまなかった。","","種別=会話; 行=2/3; 参照=abyss_leonard_clear:actions[0]; event=abyss_leonard_clear; actions=[CONV(value=""ABYSS_LEONARD_CLEAR"") -> FLAG(key=""abyssLeonardDefeated"") -> IF_FLAG(key=""abyssFirstBarrierCleared""){then:[CONV(value=""ABYSS_FIRST_BARRIER_CLEAR"")]}]"
"ABYSS_LEONARD_CLEAR","ジョセフ","謝る相手は山ほどいる。
俺が全部、覚えておく。だから今は、休め。","101","種別=会話; 行=3/3; 参照=abyss_leonard_clear:actions[0]; event=abyss_leonard_clear; actions=[CONV(value=""ABYSS_LEONARD_CLEAR"") -> FLAG(key=""abyssLeonardDefeated"") -> IF_FLAG(key=""abyssFirstBarrierCleared""){then:[CONV(value=""ABYSS_FIRST_BARRIER_CLEAR"")]}]"
"ABYSS_ELICIA","システム","風が同じ向きに吹き続ける。
迷いも声も、不要な荷物のように押し流されていく。","","種別=会話; 行=1/6; 参照=abyss_elicia_battle:actions[0]; event=abyss_elicia_battle; actions=[CONV(value=""ABYSS_ELICIA"") -> LB_ADD_PARTY(charId=106,amount=5,source=""story"") -> BOSS(value=302020,winEventId=""abyss_elicia_clear"")]"
"ABYSS_ELICIA","死風のエリシア","風は国のために吹く。
福音を運び、従わぬ火を消し、逆らう息を奪う神の息吹。","","種別=会話; 行=2/6; 参照=abyss_elicia_battle:actions[0]; event=abyss_elicia_battle; actions=[CONV(value=""ABYSS_ELICIA"") -> LB_ADD_PARTY(charId=106,amount=5,source=""story"") -> BOSS(value=302020,winEventId=""abyss_elicia_clear"")]"
"ABYSS_ELICIA","エリーゼ","違う。風は、人の背中を押すものだ。
洗濯物を乾かして、子どもの凧を持ち上げて、帰る道を知らせるものだ！","106","種別=会話; 行=3/6; 参照=abyss_elicia_battle:actions[0]; event=abyss_elicia_battle; actions=[CONV(value=""ABYSS_ELICIA"") -> LB_ADD_PARTY(charId=106,amount=5,source=""story"") -> BOSS(value=302020,winEventId=""abyss_elicia_clear"")]"
"ABYSS_ELICIA","死風のエリシア","小さな暮らしは、国の風下に置くもの。
旗が立つ限り、いくつかの家が潰れても国は残る。","","種別=会話; 行=4/6; 参照=abyss_elicia_battle:actions[0]; event=abyss_elicia_battle; actions=[CONV(value=""ABYSS_ELICIA"") -> LB_ADD_PARTY(charId=106,amount=5,source=""story"") -> BOSS(value=302020,winEventId=""abyss_elicia_clear"")]"
"ABYSS_ELICIA","エリーゼ","家の灯りを知らない国なんて、ただの大きな箱です！
人の暮らしを運ばない風を、私は福音なんて呼ばない！","106","種別=会話; 行=5/6; 参照=abyss_elicia_battle:actions[0]; event=abyss_elicia_battle; actions=[CONV(value=""ABYSS_ELICIA"") -> LB_ADD_PARTY(charId=106,amount=5,source=""story"") -> BOSS(value=302020,winEventId=""abyss_elicia_clear"")]"
"ABYSS_ELICIA","死風のエリシア","ならば吹いてみなさい。
あなたの弱い息で、国のために荒れる私の風を裂いてみせなさい。","","種別=会話; 行=6/6; 参照=abyss_elicia_battle:actions[0]; event=abyss_elicia_battle; actions=[CONV(value=""ABYSS_ELICIA"") -> LB_ADD_PARTY(charId=106,amount=5,source=""story"") -> BOSS(value=302020,winEventId=""abyss_elicia_clear"")]"
"ABYSS_ELICIA_CLEAR","システム","押し流すだけだった風がほどけ、誰かの窓辺を撫でるような弱い風になった。","","種別=会話; 行=1/2; 参照=abyss_elicia_clear:actions[0]; event=abyss_elicia_clear; actions=[CONV(value=""ABYSS_ELICIA_CLEAR"") -> FLAG(key=""abyssEliciaDefeated"") -> IF_FLAG(key=""abyssFirstBarrierCleared""){then:[CONV(value=""ABYSS_FIRST_BARRIER_CLEAR"")]}]"
"ABYSS_ELICIA_CLEAR","エリーゼ","弱い息でも、火を消すためだけにあるんじゃない。
……帰り道を教える風に、いつか戻れますように。","106","種別=会話; 行=2/2; 参照=abyss_elicia_clear:actions[0]; event=abyss_elicia_clear; actions=[CONV(value=""ABYSS_ELICIA_CLEAR"") -> FLAG(key=""abyssEliciaDefeated"") -> IF_FLAG(key=""abyssFirstBarrierCleared""){then:[CONV(value=""ABYSS_FIRST_BARRIER_CLEAR"")]}]"
"ABYSS_FIRST_BARRIER_CLEAR","システム","雷と風、二つの結界核が失われた。
深淵都市ビスタを覆っていた第一層の結界が砕け、南西門への道が開いた。","","種別=会話; 行=1/2; 参照=abyss_leonard_clear:actions[2].then[0]; event=abyss_leonard_clear; actions=[CONV(value=""ABYSS_LEONARD_CLEAR"") -> FLAG(key=""abyssLeonardDefeated"") -> IF_FLAG(key=""abyssFirstBarrierCleared""){then:[CONV(value=""ABYSS_FIRST_BARRIER_CLEAR"")]}] || 参照=abyss_elicia_clear:actions[2].then[0]; event=abyss_elicia_clear; actions=[CONV(value=""ABYSS_ELICIA_CLEAR"") -> FLAG(key=""abyssEliciaDefeated"") -> IF_FLAG(key=""abyssFirstBarrierCleared""){then:[CONV(value=""ABYSS_FIRST_BARRIER_CLEAR"")]}]"
"ABYSS_FIRST_BARRIER_CLEAR","シャニー","ビスタの向こうへ進める。
でも、さらに北には別の結界が残っている。","306","種別=会話; 行=2/2; 参照=abyss_leonard_clear:actions[2].then[0]; event=abyss_leonard_clear; actions=[CONV(value=""ABYSS_LEONARD_CLEAR"") -> FLAG(key=""abyssLeonardDefeated"") -> IF_FLAG(key=""abyssFirstBarrierCleared""){then:[CONV(value=""ABYSS_FIRST_BARRIER_CLEAR"")]}] || 参照=abyss_elicia_clear:actions[2].then[0]; event=abyss_elicia_clear; actions=[CONV(value=""ABYSS_ELICIA_CLEAR"") -> FLAG(key=""abyssEliciaDefeated"") -> IF_FLAG(key=""abyssFirstBarrierCleared""){then:[CONV(value=""ABYSS_FIRST_BARRIER_CLEAR"")]}]"
"ABYSS_SYRIS","システム","息が白く落ちる。床で凍ったその息は、
踏み出すたびに、薄い悲鳴のような音を立てた。","","種別=会話; 行=1/9; 参照=abyss_syris_battle:actions[0]; event=abyss_syris_battle; actions=[CONV(value=""ABYSS_SYRIS"") -> LB_ADD_PARTY(charId=104,amount=5,source=""story"") -> BOSS(value=302030,winEventId=""abyss_syris_clear"")]"
"ABYSS_SYRIS","極零のシーリス","水は始まり。水は終わり。
万物は水から立ち上がり、最後には水底へ還る。","","種別=会話; 行=2/9; 参照=abyss_syris_battle:actions[0]; event=abyss_syris_battle; actions=[CONV(value=""ABYSS_SYRIS"") -> LB_ADD_PARTY(charId=104,amount=5,source=""story"") -> BOSS(value=302030,winEventId=""abyss_syris_clear"")]"
"ABYSS_SYRIS","極零のシーリス","失敗した世界なら、沈めればいい。
底で静かに冷やし、濁りを沈ませ、また生み直せばいい。","","種別=会話; 行=3/9; 参照=abyss_syris_battle:actions[0]; event=abyss_syris_battle; actions=[CONV(value=""ABYSS_SYRIS"") -> LB_ADD_PARTY(charId=104,amount=5,source=""story"") -> BOSS(value=302030,winEventId=""abyss_syris_clear"")]"
"ABYSS_SYRIS","ケイト","……違います。水だけでは、命は育ちません。
凍った水底にあるのは、眠りであって未来じゃない。","104","種別=会話; 行=4/9; 参照=abyss_syris_battle:actions[0]; event=abyss_syris_battle; actions=[CONV(value=""ABYSS_SYRIS"") -> LB_ADD_PARTY(charId=104,amount=5,source=""story"") -> BOSS(value=302030,winEventId=""abyss_syris_clear"")]"
"ABYSS_SYRIS","極零のシーリス","震えているわ。その手で、何を読み解くの？
机の上で水を測る子に、沈む世界が止められるのかしら。","","種別=会話; 行=5/9; 参照=abyss_syris_battle:actions[0]; event=abyss_syris_battle; actions=[CONV(value=""ABYSS_SYRIS"") -> LB_ADD_PARTY(charId=104,amount=5,source=""story"") -> BOSS(value=302030,winEventId=""abyss_syris_clear"")]"
"ABYSS_SYRIS","ケイト","怖くないと言えば嘘になります。
でも、水だけの静けさより、火のある台所の方が僕は好きです。","104","種別=会話; 行=6/9; 参照=abyss_syris_battle:actions[0]; event=abyss_syris_battle; actions=[CONV(value=""ABYSS_SYRIS"") -> LB_ADD_PARTY(charId=104,amount=5,source=""story"") -> BOSS(value=302030,winEventId=""abyss_syris_clear"")]"
"ABYSS_SYRIS","ケイト","風が窓を鳴らして、雷で目が覚めて、
闇に休んで、光で朝を知る。命は、そうやって巡るんです。","104","種別=会話; 行=7/9; 参照=abyss_syris_battle:actions[0]; event=abyss_syris_battle; actions=[CONV(value=""ABYSS_SYRIS"") -> LB_ADD_PARTY(charId=104,amount=5,source=""story"") -> BOSS(value=302030,winEventId=""abyss_syris_clear"")]"
"ABYSS_SYRIS","ケイト","水だけで作る世界は、癒しではありません。
それは、誰の声も届かない冷たい混沌です。","104","種別=会話; 行=8/9; 参照=abyss_syris_battle:actions[0]; event=abyss_syris_battle; actions=[CONV(value=""ABYSS_SYRIS"") -> LB_ADD_PARTY(charId=104,amount=5,source=""story"") -> BOSS(value=302030,winEventId=""abyss_syris_clear"")]"
"ABYSS_SYRIS","極零のシーリス","ならば示しなさい。
あなたの震える手が、私の氷より深く命へ届くのだと。","","種別=会話; 行=9/9; 参照=abyss_syris_battle:actions[0]; event=abyss_syris_battle; actions=[CONV(value=""ABYSS_SYRIS"") -> LB_ADD_PARTY(charId=104,amount=5,source=""story"") -> BOSS(value=302030,winEventId=""abyss_syris_clear"")]"
"ABYSS_SYRIS_CLEAR","システム","凍った息が溶け、床に細い水筋を作った。
その水は、深淵の奥へは流れず、足元で静かに澄んだ。","","種別=会話; 行=1/2; 参照=abyss_syris_clear:actions[0]; event=abyss_syris_clear; actions=[CONV(value=""ABYSS_SYRIS_CLEAR"") -> FLAG(key=""abyssSyrisDefeated"") -> IF_FLAG(key=""abyssSecondBarrierCleared""){then:[CONV(value=""ABYSS_SECOND_BARRIER_CLEAR"")]}]"
"ABYSS_SYRIS_CLEAR","ケイト","水は、全部を沈めるためのものじゃない。
手を洗って、喉を潤して、明日へ渡すためのものです。","104","種別=会話; 行=2/2; 参照=abyss_syris_clear:actions[0]; event=abyss_syris_clear; actions=[CONV(value=""ABYSS_SYRIS_CLEAR"") -> FLAG(key=""abyssSyrisDefeated"") -> IF_FLAG(key=""abyssSecondBarrierCleared""){then:[CONV(value=""ABYSS_SECOND_BARRIER_CLEAR"")]}]"
"ABYSS_GRAD","システム","床の亀裂から火が噴いた。
石畳が赤く溶け、逃げ道が一つずつ炎に塗り潰される。","","種別=会話; 行=1/8; 参照=abyss_grad_battle:actions[0]; event=abyss_grad_battle; actions=[CONV(value=""ABYSS_GRAD"") -> LB_ADD_PARTY(charIds=[109,110],amount=5,source=""story"") -> BOSS(value=302040,winEventId=""abyss_grad_clear"")]"
"ABYSS_GRAD","焦熱のグラド","火山の時とは違うぞ、小僧ども。
ここでは炎が、世界の骨まで食う。光も闇も、混沌すら灰だ。","","種別=会話; 行=2/8; 参照=abyss_grad_battle:actions[0]; event=abyss_grad_battle; actions=[CONV(value=""ABYSS_GRAD"") -> LB_ADD_PARTY(charIds=[109,110],amount=5,source=""story"") -> BOSS(value=302040,winEventId=""abyss_grad_clear"")]"
"ABYSS_GRAD","焦熱のグラド","炎こそ最強だ。生み、壊し、灰まで支配する。
鍋の下で眠るだけの火に、本質などない。","","種別=会話; 行=3/8; 参照=abyss_grad_battle:actions[0]; event=abyss_grad_battle; actions=[CONV(value=""ABYSS_GRAD"") -> LB_ADD_PARTY(charIds=[109,110],amount=5,source=""story"") -> BOSS(value=302040,winEventId=""abyss_grad_clear"")]"
"ABYSS_GRAD","サラ","違います。鍋の下の火が、どれだけ人を生かしてきたか。
凍えた手も、濡れた服も、帰りを待つ灯りも、火が守ってきました。","110","種別=会話; 行=4/8; 参照=abyss_grad_battle:actions[0]; event=abyss_grad_battle; actions=[CONV(value=""ABYSS_GRAD"") -> LB_ADD_PARTY(charIds=[109,110],amount=5,source=""story"") -> BOSS(value=302040,winEventId=""abyss_grad_clear"")]"
"ABYSS_GRAD","焦熱のグラド","守る火だと？　甘い匂いがするな、小娘。
その甘さごと焦がしてやろう。","","種別=会話; 行=5/8; 参照=abyss_grad_battle:actions[0]; event=abyss_grad_battle; actions=[CONV(value=""ABYSS_GRAD"") -> LB_ADD_PARTY(charIds=[109,110],amount=5,source=""story"") -> BOSS(value=302040,winEventId=""abyss_grad_clear"")]"
"ABYSS_GRAD","ガイル","火は支配するもんじゃねえ。
胸に宿して、信念を燃やして、誰かを守り抜くもんだ。","109","種別=会話; 行=6/8; 参照=abyss_grad_battle:actions[0]; event=abyss_grad_battle; actions=[CONV(value=""ABYSS_GRAD"") -> LB_ADD_PARTY(charIds=[109,110],amount=5,source=""story"") -> BOSS(value=302040,winEventId=""abyss_grad_clear"")]"
"ABYSS_GRAD","ガイル","俺の炎は、俺のためじゃない。
大事な奴を焼かせないために、何度でも燃やす灯だ！","109","種別=会話; 行=7/8; 参照=abyss_grad_battle:actions[0]; event=abyss_grad_battle; actions=[CONV(value=""ABYSS_GRAD"") -> LB_ADD_PARTY(charIds=[109,110],amount=5,source=""story"") -> BOSS(value=302040,winEventId=""abyss_grad_clear"")]"
"ABYSS_GRAD","焦熱のグラド","ならば証明してみせろ。
俺の豪火より、貴様らのちっぽけな灯こそが炎の神髄であるのだと！","","種別=会話; 行=8/8; 参照=abyss_grad_battle:actions[0]; event=abyss_grad_battle; actions=[CONV(value=""ABYSS_GRAD"") -> LB_ADD_PARTY(charIds=[109,110],amount=5,source=""story"") -> BOSS(value=302040,winEventId=""abyss_grad_clear"")]"
"ABYSS_GRAD_CLEAR","システム","炎は消えなかった。
ただ、焼き尽くす赤から、手をかざせる橙へと色を戻した。","","種別=会話; 行=1/3; 参照=abyss_grad_clear:actions[0]; event=abyss_grad_clear; actions=[CONV(value=""ABYSS_GRAD_CLEAR"") -> FLAG(key=""abyssGradDefeated"") -> IF_FLAG(key=""abyssSecondBarrierCleared""){then:[CONV(value=""ABYSS_SECOND_BARRIER_CLEAR"")]}]"
"ABYSS_GRAD_CLEAR","サラ","火は怖いです。でも、怖いからこそ、丁寧に扱うんです。
誰かの夕食を焦がさないように。","110","種別=会話; 行=2/3; 参照=abyss_grad_clear:actions[0]; event=abyss_grad_clear; actions=[CONV(value=""ABYSS_GRAD_CLEAR"") -> FLAG(key=""abyssGradDefeated"") -> IF_FLAG(key=""abyssSecondBarrierCleared""){then:[CONV(value=""ABYSS_SECOND_BARRIER_CLEAR"")]}]"
"ABYSS_GRAD_CLEAR","ガイル","ああ。豪火より先に、守る灯を絶やさねえ。
それが俺たちの炎だ。","109","種別=会話; 行=3/3; 参照=abyss_grad_clear:actions[0]; event=abyss_grad_clear; actions=[CONV(value=""ABYSS_GRAD_CLEAR"") -> FLAG(key=""abyssGradDefeated"") -> IF_FLAG(key=""abyssSecondBarrierCleared""){then:[CONV(value=""ABYSS_SECOND_BARRIER_CLEAR"")]}]"
"ABYSS_SECOND_BARRIER_CLEAR","システム","水と火、残る二つの結界核が消滅した。
混沌魔城レガシオンを閉ざしていた第二層の結界が崩れ去った。","","種別=会話; 行=1/2; 参照=abyss_syris_clear:actions[2].then[0]; event=abyss_syris_clear; actions=[CONV(value=""ABYSS_SYRIS_CLEAR"") -> FLAG(key=""abyssSyrisDefeated"") -> IF_FLAG(key=""abyssSecondBarrierCleared""){then:[CONV(value=""ABYSS_SECOND_BARRIER_CLEAR"")]}] || 参照=abyss_grad_clear:actions[2].then[0]; event=abyss_grad_clear; actions=[CONV(value=""ABYSS_GRAD_CLEAR"") -> FLAG(key=""abyssGradDefeated"") -> IF_FLAG(key=""abyssSecondBarrierCleared""){then:[CONV(value=""ABYSS_SECOND_BARRIER_CLEAR"")]}]"
"ABYSS_SECOND_BARRIER_CLEAR","魔王ゼノン","これで魔城までの道は繋がった。
深淵王の喉元へ、ようやく刃が届く。","402","種別=会話; 行=2/2; 参照=abyss_syris_clear:actions[2].then[0]; event=abyss_syris_clear; actions=[CONV(value=""ABYSS_SYRIS_CLEAR"") -> FLAG(key=""abyssSyrisDefeated"") -> IF_FLAG(key=""abyssSecondBarrierCleared""){then:[CONV(value=""ABYSS_SECOND_BARRIER_CLEAR"")]}] || 参照=abyss_grad_clear:actions[2].then[0]; event=abyss_grad_clear; actions=[CONV(value=""ABYSS_GRAD_CLEAR"") -> FLAG(key=""abyssGradDefeated"") -> IF_FLAG(key=""abyssSecondBarrierCleared""){then:[CONV(value=""ABYSS_SECOND_BARRIER_CLEAR"")]}]"
"ABYSS_VELD","システム","白い鎧が黒く脈打っている。
混沌の騎士は、祈る者の列を見下ろすように剣を構えた。","","種別=会話; 行=1/11; 参照=abyss_veld_battle:actions[0]; event=abyss_veld_battle; actions=[CONV(value=""ABYSS_VELD"") -> LB_ADD_PARTY(charId=204,amount=5,source=""story"") -> BOSS(value=302050,winEventId=""abyss_veld_clear"")]"
"ABYSS_VELD","昏迷の黒騎士ヴェルド","遅い。あまりに遅い。
救いを名乗る足音は、いつも血の跡を踏んでから届く。","","種別=会話; 行=2/11; 参照=abyss_veld_battle:actions[0]; event=abyss_veld_battle; actions=[CONV(value=""ABYSS_VELD"") -> LB_ADD_PARTY(charId=204,amount=5,source=""story"") -> BOSS(value=302050,winEventId=""abyss_veld_clear"")]"
"ABYSS_VELD","レイラ","ヴェルド様……。
その声で、そんなことを言わないでください。","204","種別=会話; 行=3/11; 参照=abyss_veld_battle:actions[0]; event=abyss_veld_battle; actions=[CONV(value=""ABYSS_VELD"") -> LB_ADD_PARTY(charId=204,amount=5,source=""story"") -> BOSS(value=302050,winEventId=""abyss_veld_clear"")]"
"ABYSS_VELD","昏迷の黒騎士ヴェルド","城門を閉じろ。外の泣き声は、壁の厚みで消える。
救いとは、残す命と捧げる命を選ぶことだ。","","種別=会話; 行=4/11; 参照=abyss_veld_battle:actions[0]; event=abyss_veld_battle; actions=[CONV(value=""ABYSS_VELD"") -> LB_ADD_PARTY(charId=204,amount=5,source=""story"") -> BOSS(value=302050,winEventId=""abyss_veld_clear"")]"
"ABYSS_VELD","レイラ","それは、あなたの言葉ではありません。
あなたは、門の外で泣く子にこそ毛布を掛ける人でした。","204","種別=会話; 行=5/11; 参照=abyss_veld_battle:actions[0]; event=abyss_veld_battle; actions=[CONV(value=""ABYSS_VELD"") -> LB_ADD_PARTY(charId=204,amount=5,source=""story"") -> BOSS(value=302050,winEventId=""abyss_veld_clear"")]"
"ABYSS_VELD","昏迷の黒騎士ヴェルド","黙れ。名を呼ぶな。
光に選ばれた者も、光に縋る者も、等しく膝をつかせてやる。","","種別=会話; 行=6/11; 参照=abyss_veld_battle:actions[0]; event=abyss_veld_battle; actions=[CONV(value=""ABYSS_VELD"") -> LB_ADD_PARTY(charId=204,amount=5,source=""story"") -> BOSS(value=302050,winEventId=""abyss_veld_clear"")]"
"ABYSS_VELD","システム","振り上げた剣の下で、首元のペンダントがかすかに揺れた。
黒い鎧の中で、その小さな光だけが消えていない。","","種別=会話; 行=7/11; 参照=abyss_veld_battle:actions[0]; event=abyss_veld_battle; actions=[CONV(value=""ABYSS_VELD"") -> LB_ADD_PARTY(charId=204,amount=5,source=""story"") -> BOSS(value=302050,winEventId=""abyss_veld_clear"")]"
"ABYSS_VELD","レイラ","……まだ、持っていてくれた。
深淵が捨て忘れたのでもいい。そこに、呼びかけます。","204","種別=会話; 行=8/11; 参照=abyss_veld_battle:actions[0]; event=abyss_veld_battle; actions=[CONV(value=""ABYSS_VELD"") -> LB_ADD_PARTY(charId=204,amount=5,source=""story"") -> BOSS(value=302050,winEventId=""abyss_veld_clear"")]"
"ABYSS_VELD","レイラ","聖騎士として、あなたの非道を止める。
娘として、その胸に残った灯を、最後まで信じる。","204","種別=会話; 行=9/11; 参照=abyss_veld_battle:actions[0]; event=abyss_veld_battle; actions=[CONV(value=""ABYSS_VELD"") -> LB_ADD_PARTY(charId=204,amount=5,source=""story"") -> BOSS(value=302050,winEventId=""abyss_veld_clear"")]"
"ABYSS_VELD","昏迷の黒騎士ヴェルド","灯など、踏めば消える。
来い。希望ごと斬り伏せ、泣き声を深淵の底へ落としてやる。","","種別=会話; 行=10/11; 参照=abyss_veld_battle:actions[0]; event=abyss_veld_battle; actions=[CONV(value=""ABYSS_VELD"") -> LB_ADD_PARTY(charId=204,amount=5,source=""story"") -> BOSS(value=302050,winEventId=""abyss_veld_clear"")]"
"ABYSS_VELD","レイラ","目を覚ませ、バカ親父。
今度は私が、あなたの頬を叩く番です。","204","種別=会話; 行=11/11; 参照=abyss_veld_battle:actions[0]; event=abyss_veld_battle; actions=[CONV(value=""ABYSS_VELD"") -> LB_ADD_PARTY(charId=204,amount=5,source=""story"") -> BOSS(value=302050,winEventId=""abyss_veld_clear"")]"
"ABYSS_VELD_CLEAR","システム","黒い脈動が鎧から抜け落ちた。
ヴェルドの剣が床を打ち、レイラは自分の剣を放り捨てて駆け寄った。","","種別=会話; 行=1/13; 参照=abyss_veld_clear:actions[0]; event=abyss_veld_clear; actions=[CONV(value=""ABYSS_VELD_CLEAR"") -> FLAG(key=""abyssVeldDefeated"")]"
"ABYSS_VELD_CLEAR","レイラ","父さん……！","204","種別=会話; 行=2/13; 参照=abyss_veld_clear:actions[0]; event=abyss_veld_clear; actions=[CONV(value=""ABYSS_VELD_CLEAR"") -> FLAG(key=""abyssVeldDefeated"")]"
"ABYSS_VELD_CLEAR","昏迷の黒騎士ヴェルド","泣き虫は……変わらんな、レイラ。
昔もそうだ。転んでは、私の袖を濡らした。","","種別=会話; 行=3/13; 参照=abyss_veld_clear:actions[0]; event=abyss_veld_clear; actions=[CONV(value=""ABYSS_VELD_CLEAR"") -> FLAG(key=""abyssVeldDefeated"")]"
"ABYSS_VELD_CLEAR","システム","ヴェルドは震える手を伸ばし、
子どもをあやすように、レイラの涙を親指でぬぐった。","","種別=会話; 行=4/13; 参照=abyss_veld_clear:actions[0]; event=abyss_veld_clear; actions=[CONV(value=""ABYSS_VELD_CLEAR"") -> FLAG(key=""abyssVeldDefeated"")]"
"ABYSS_VELD_CLEAR","昏迷の黒騎士ヴェルド","すまん、レイラ。怖かったろう。
守れと教えた手で、お前の世界を傷つけた。","","種別=会話; 行=5/13; 参照=abyss_veld_clear:actions[0]; event=abyss_veld_clear; actions=[CONV(value=""ABYSS_VELD_CLEAR"") -> FLAG(key=""abyssVeldDefeated"")]"
"ABYSS_VELD_CLEAR","レイラ","……うん。怖かった。
でも、今はここにいる。父さんが、ここにいる。","204","種別=会話; 行=6/13; 参照=abyss_veld_clear:actions[0]; event=abyss_veld_clear; actions=[CONV(value=""ABYSS_VELD_CLEAR"") -> FLAG(key=""abyssVeldDefeated"")]"
"ABYSS_VELD_CLEAR","昏迷の黒騎士ヴェルド","ああ……最後に、お前の声を聞けた。
泣くなとは言わん。涙のあとで、顔を上げろ。","","種別=会話; 行=7/13; 参照=abyss_veld_clear:actions[0]; event=abyss_veld_clear; actions=[CONV(value=""ABYSS_VELD_CLEAR"") -> FLAG(key=""abyssVeldDefeated"")]"
"ABYSS_VELD_CLEAR","レイラ","……はい。","204","種別=会話; 行=8/13; 参照=abyss_veld_clear:actions[0]; event=abyss_veld_clear; actions=[CONV(value=""ABYSS_VELD_CLEAR"") -> FLAG(key=""abyssVeldDefeated"")]"
"ABYSS_VELD_CLEAR","システム","ヴェルドの瞳に、かすかな光が戻る。
彼はレイラの向こうに立つ者たちを、静かに見つめた。","","種別=会話; 行=9/13; 参照=abyss_veld_clear:actions[0]; event=abyss_veld_clear; actions=[CONV(value=""ABYSS_VELD_CLEAR"") -> FLAG(key=""abyssVeldDefeated"")]"
"ABYSS_VELD_CLEAR","昏迷の黒騎士ヴェルド","……世界を、守ってくれ。","","種別=会話; 行=10/13; 参照=abyss_veld_clear:actions[0]; event=abyss_veld_clear; actions=[CONV(value=""ABYSS_VELD_CLEAR"") -> FLAG(key=""abyssVeldDefeated"")]"
"ABYSS_VELD_CLEAR","昏迷の黒騎士ヴェルド","救世主たち。","","種別=会話; 行=11/13; 参照=abyss_veld_clear:actions[0]; event=abyss_veld_clear; actions=[CONV(value=""ABYSS_VELD_CLEAR"") -> FLAG(key=""abyssVeldDefeated"")]"
"ABYSS_VELD_CLEAR","システム","ヴェルドはレイラの膝の中で、静かに息を吐いた。
床には輝く剣が、レイラの腕には古いペンダントが残された。","","種別=会話; 行=12/13; 参照=abyss_veld_clear:actions[0]; event=abyss_veld_clear; actions=[CONV(value=""ABYSS_VELD_CLEAR"") -> FLAG(key=""abyssVeldDefeated"")]"
"ABYSS_VELD_CLEAR","レイラ","……行きます。
泣き止むのは、深淵を断ってからです。","204","種別=会話; 行=13/13; 参照=abyss_veld_clear:actions[0]; event=abyss_veld_clear; actions=[CONV(value=""ABYSS_VELD_CLEAR"") -> FLAG(key=""abyssVeldDefeated"")]"
"ABYSS_JASPER","システム","白い祭壇が、黒い光を吐いている。
眩しいのに冷たい。祈りの場というより、裁きの台に近かった。","","種別=会話; 行=1/14; 参照=abyss_jasper_battle:actions[0]; event=abyss_jasper_battle; actions=[CONV(value=""ABYSS_JASPER"") -> BOSS(value=302060,winEventId=""abyss_jasper_clear"")]"
"ABYSS_JASPER","妄執の神官ジャスパー","来おったか、迷える子らよ。
膝をつけ。今なら、灰にするだけで済ませてやる。","","種別=会話; 行=2/14; 参照=abyss_jasper_battle:actions[0]; event=abyss_jasper_battle; actions=[CONV(value=""ABYSS_JASPER"") -> BOSS(value=302060,winEventId=""abyss_jasper_clear"")]"
"ABYSS_JASPER","シャニー","その光、冷たい。
闇のせいにしないで。あなたが選んだ冷たさだ。","306","種別=会話; 行=3/14; 参照=abyss_jasper_battle:actions[0]; event=abyss_jasper_battle; actions=[CONV(value=""ABYSS_JASPER"") -> BOSS(value=302060,winEventId=""abyss_jasper_clear"")]"
"ABYSS_JASPER","妄執の神官ジャスパー","闇の娘が、光を量るか。
光とは暴くもの。迷いを剥ぎ、弱さを照らし、影を消すものよ。","","種別=会話; 行=4/14; 参照=abyss_jasper_battle:actions[0]; event=abyss_jasper_battle; actions=[CONV(value=""ABYSS_JASPER"") -> BOSS(value=302060,winEventId=""abyss_jasper_clear"")]"
"ABYSS_JASPER","レイラ","違います。光は、目を焼くためにあるのではありません。
迷う人が、自分の足で帰る道を見つけるためにあります。","204","種別=会話; 行=5/14; 参照=abyss_jasper_battle:actions[0]; event=abyss_jasper_battle; actions=[CONV(value=""ABYSS_JASPER"") -> BOSS(value=302060,winEventId=""abyss_jasper_clear"")]"
"ABYSS_JASPER","妄執の神官ジャスパー","帰る道を選ばせるから、民は過つのだ。
パンの配り方すら誤る者どもに、国も未来も選ばせるな。","","種別=会話; 行=6/14; 参照=abyss_jasper_battle:actions[0]; event=abyss_jasper_battle; actions=[CONV(value=""ABYSS_JASPER"") -> BOSS(value=302060,winEventId=""abyss_jasper_clear"")]"
"ABYSS_JASPER","サラ","祈りは、数をそろえるためのものではありません。
名前を呼んで、手を伸ばすためのものです。","110","種別=会話; 行=7/14; 参照=abyss_jasper_battle:actions[0]; event=abyss_jasper_battle; actions=[CONV(value=""ABYSS_JASPER"") -> BOSS(value=302060,winEventId=""abyss_jasper_clear"")]"
"ABYSS_JASPER","妄執の神官ジャスパー","名を呼ぶから手が鈍る。
顔を見るから、要らぬ涙で式が濁る。","","種別=会話; 行=8/14; 参照=abyss_jasper_battle:actions[0]; event=abyss_jasper_battle; actions=[CONV(value=""ABYSS_JASPER"") -> BOSS(value=302060,winEventId=""abyss_jasper_clear"")]"
"ABYSS_JASPER","ケイト","だから楔を、騎士を、人を……材料にしたんですか。
救う相手の顔を見ない救済なんて、救済じゃありません。","104","種別=会話; 行=9/14; 参照=abyss_jasper_battle:actions[0]; event=abyss_jasper_battle; actions=[CONV(value=""ABYSS_JASPER"") -> BOSS(value=302060,winEventId=""abyss_jasper_clear"")]"
"ABYSS_JASPER","妄執の神官ジャスパー","顔など要らぬ。数を正し、穢れを分け、残すべき命を残す。
儂が照らし、儂が選び、儂が世界を正す。","","種別=会話; 行=10/14; 参照=abyss_jasper_battle:actions[0]; event=abyss_jasper_battle; actions=[CONV(value=""ABYSS_JASPER"") -> BOSS(value=302060,winEventId=""abyss_jasper_clear"")]"
"ABYSS_JASPER","ジョセフ","その光じゃ、盾の裏まで届かねえ。
人が隠してる震えを焼いて、立てなくしてるだけだ。","101","種別=会話; 行=11/14; 参照=abyss_jasper_battle:actions[0]; event=abyss_jasper_battle; actions=[CONV(value=""ABYSS_JASPER"") -> BOSS(value=302060,winEventId=""abyss_jasper_clear"")]"
"ABYSS_JASPER","妄執の神官ジャスパー","黙れ。名を与えれば従う。
光も混沌も、式の下で膝をつく。","","種別=会話; 行=12/14; 参照=abyss_jasper_battle:actions[0]; event=abyss_jasper_battle; actions=[CONV(value=""ABYSS_JASPER"") -> BOSS(value=302060,winEventId=""abyss_jasper_clear"")]"
"ABYSS_JASPER","レイラ","あなたの光は、人を照らしていない。
跪いた影を見て、自分が高い場所にいると思い込んでいるだけです。","204","種別=会話; 行=13/14; 参照=abyss_jasper_battle:actions[0]; event=abyss_jasper_battle; actions=[CONV(value=""ABYSS_JASPER"") -> BOSS(value=302060,winEventId=""abyss_jasper_clear"")]"
"ABYSS_JASPER","妄執の神官ジャスパー","ならば焼かれて知るがよい。
愚者の自由より、選ばれた一条の光こそが世界を救うのだ！","","種別=会話; 行=14/14; 参照=abyss_jasper_battle:actions[0]; event=abyss_jasper_battle; actions=[CONV(value=""ABYSS_JASPER"") -> BOSS(value=302060,winEventId=""abyss_jasper_clear"")]"
"ABYSS_JASPER_CLEAR","妄執の神官ジャスパー","王よ、力を。儂はまだ導ける！
式は残っている。民はまだ、儂の光を知らぬ！","","種別=会話; 行=1/6; 参照=abyss_jasper_clear:actions[0]; event=abyss_jasper_clear; actions=[CONV(value=""ABYSS_JASPER_CLEAR"") -> FLAG(key=""abyssJasperDefeated"") -> ITEM(id=701007,count=1)]"
"ABYSS_JASPER_CLEAR","システム","黒い腕が、ジャスパーの影を掴んだ。
影だけが先に怯え、体はそれに遅れて震え始めた。","","種別=会話; 行=2/6; 参照=abyss_jasper_clear:actions[0]; event=abyss_jasper_clear; actions=[CONV(value=""ABYSS_JASPER_CLEAR"") -> FLAG(key=""abyssJasperDefeated"") -> ITEM(id=701007,count=1)]"
"ABYSS_JASPER_CLEAR","妄執の神官ジャスパー","違う。儂は器ではない。
儂は選ばれた者だ。照らす側だ。王よ、儂の成果を、儂の……。","","種別=会話; 行=3/6; 参照=abyss_jasper_clear:actions[0]; event=abyss_jasper_clear; actions=[CONV(value=""ABYSS_JASPER_CLEAR"") -> FLAG(key=""abyssJasperDefeated"") -> ITEM(id=701007,count=1)]"
"ABYSS_JASPER_CLEAR","システム","最後の声は、祈りにも悲鳴にもならなかった。
研究成果も名も奪われ、選ばれたと信じた男だけが無残に消えた。","","種別=会話; 行=4/6; 参照=abyss_jasper_clear:actions[0]; event=abyss_jasper_clear; actions=[CONV(value=""ABYSS_JASPER_CLEAR"") -> FLAG(key=""abyssJasperDefeated"") -> ITEM(id=701007,count=1)]"
"ABYSS_JASPER_CLEAR","シャニー","……選ばれたんじゃない。
自分から、差し出しただけ。","306","種別=会話; 行=5/6; 参照=abyss_jasper_clear:actions[0]; event=abyss_jasper_clear; actions=[CONV(value=""ABYSS_JASPER_CLEAR"") -> FLAG(key=""abyssJasperDefeated"") -> ITEM(id=701007,count=1)]"
"ABYSS_JASPER_CLEAR","システム","ジャゴレアの根元に、濁った光を放つ結晶が残された。
混沌の結晶片を手に入れた。","","種別=会話; 行=6/6; 参照=abyss_jasper_clear:actions[0]; event=abyss_jasper_clear; actions=[CONV(value=""ABYSS_JASPER_CLEAR"") -> FLAG(key=""abyssJasperDefeated"") -> ITEM(id=701007,count=1)]"
"ABYSS_ILLUMINACIA","混沌姫イルミナシア","ようやく来たのね。
この牢獄では、時間も祈りも、わたくしの指先で同じ色に溶ける。","","種別=会話; 行=1/6; 参照=abyss_illuminacia_battle:actions[0]; event=abyss_illuminacia_battle; actions=[CONV(value=""ABYSS_ILLUMINACIA"") -> BOSS(value=302070,winEventId=""abyss_illuminacia_clear"")]"
"ABYSS_ILLUMINACIA","シャオ","旧い深淵で人を弄んでいた影と同じ匂いだ。
だが今度は、観察して笑うだけじゃ済ませない。","105","種別=会話; 行=2/6; 参照=abyss_illuminacia_battle:actions[0]; event=abyss_illuminacia_battle; actions=[CONV(value=""ABYSS_ILLUMINACIA"") -> BOSS(value=302070,winEventId=""abyss_illuminacia_clear"")]"
"ABYSS_ILLUMINACIA","混沌姫イルミナシア","地上の光も、魔族の闇も、最後には混沌へ還る。
抗うほど美しく崩れるから、ここまで招いたのよ。","","種別=会話; 行=3/6; 参照=abyss_illuminacia_battle:actions[0]; event=abyss_illuminacia_battle; actions=[CONV(value=""ABYSS_ILLUMINACIA"") -> BOSS(value=302070,winEventId=""abyss_illuminacia_clear"")]"
"ABYSS_ILLUMINACIA","レイラ","人の誇りを、壊れ方で数えるな。
この牢獄ごと、あなたの傲慢を断ちます。","204","種別=会話; 行=4/6; 参照=abyss_illuminacia_battle:actions[0]; event=abyss_illuminacia_battle; actions=[CONV(value=""ABYSS_ILLUMINACIA"") -> BOSS(value=302070,winEventId=""abyss_illuminacia_clear"")]"
"ABYSS_ILLUMINACIA","シャニー","混ぜれば同じになると思っている。
でも、違いを抱えたまま手を取り合えることを、この人は知らない。","306","種別=会話; 行=5/6; 参照=abyss_illuminacia_battle:actions[0]; event=abyss_illuminacia_battle; actions=[CONV(value=""ABYSS_ILLUMINACIA"") -> BOSS(value=302070,winEventId=""abyss_illuminacia_clear"")]"
"ABYSS_ILLUMINACIA","混沌姫イルミナシア","ならば見せて。
混沌にほどけない絆が、本当に存在するのかを。","","種別=会話; 行=6/6; 参照=abyss_illuminacia_battle:actions[0]; event=abyss_illuminacia_battle; actions=[CONV(value=""ABYSS_ILLUMINACIA"") -> BOSS(value=302070,winEventId=""abyss_illuminacia_clear"")]"
"ABYSS_ILLUMINACIA_CLEAR","システム","イルミナシアの影が崩れると、牢獄の奥で空間そのものが裂けた。","","種別=会話; 行=1/3; 参照=abyss_illuminacia_clear:actions[0]; event=abyss_illuminacia_clear; actions=[CONV(value=""ABYSS_ILLUMINACIA_CLEAR"") -> FLAG(key=""abyssIlluminaciaDefeated"")]"
"ABYSS_ILLUMINACIA_CLEAR","混沌姫イルミナシア","……まだ、ひとつの色にならないのね。
ならば王の前で、最後まで足掻いてみせなさい。","","種別=会話; 行=2/3; 参照=abyss_illuminacia_clear:actions[0]; event=abyss_illuminacia_clear; actions=[CONV(value=""ABYSS_ILLUMINACIA_CLEAR"") -> FLAG(key=""abyssIlluminaciaDefeated"")]"
"ABYSS_ILLUMINACIA_CLEAR","シャニー","亀裂の向こうに、深淵王の気配がある。
終わらせよう。ここまで落ちた全部を。","306","種別=会話; 行=3/3; 参照=abyss_illuminacia_clear:actions[0]; event=abyss_illuminacia_clear; actions=[CONV(value=""ABYSS_ILLUMINACIA_CLEAR"") -> FLAG(key=""abyssIlluminaciaDefeated"")]"
"ABYSS_VEGNASIS","システム","五つの声が、一本の異形の柱から重なって響く。
雷、風、水、火、闇の魂が、深淵の肉へ縫い合わされていた。","","種別=会話; 行=1/5; 参照=abyss_final_altar_encounter:actions[0].else[0]; event=abyss_final_altar_encounter; actions=[IF_FLAG(key=""abyssVegnasisDefeated""){then:[CONV(value=""ABYSS_AZELGARAG"") -> BOSS(value=302100,winEventId=""abyss_azelgarag_clear"",battleBg=""battle_bg_lastboss"")]}{else:[CONV(value=""ABYSS_VEGNASIS"") -> BOSS(value=[302080,302081,302082,302083,302084],winEventId=""abyss_vegnasis_clear"",battleBg=""battle_bg_lastboss"",deferFixedBossDefeat=true)]}] || 参照=abyss_vegnasis_battle:actions[0]; event=abyss_vegnasis_battle; actions=[CONV(value=""ABYSS_VEGNASIS"") -> BOSS(value=[302080,302081,302082,302083,302084],winEventId=""abyss_vegnasis_clear"",battleBg=""battle_bg_lastboss"",deferFixedBossDefeat=true)]"
"ABYSS_VEGNASIS","死幻の魔柱ヴェグナシス","個は弱い。絆は脆い。
ゆえに王は、五つを一つへ混ぜ、死なぬ柱とした。","","種別=会話; 行=2/5; 参照=abyss_final_altar_encounter:actions[0].else[0]; event=abyss_final_altar_encounter; actions=[IF_FLAG(key=""abyssVegnasisDefeated""){then:[CONV(value=""ABYSS_AZELGARAG"") -> BOSS(value=302100,winEventId=""abyss_azelgarag_clear"",battleBg=""battle_bg_lastboss"")]}{else:[CONV(value=""ABYSS_VEGNASIS"") -> BOSS(value=[302080,302081,302082,302083,302084],winEventId=""abyss_vegnasis_clear"",battleBg=""battle_bg_lastboss"",deferFixedBossDefeat=true)]}] || 参照=abyss_vegnasis_battle:actions[0]; event=abyss_vegnasis_battle; actions=[CONV(value=""ABYSS_VEGNASIS"") -> BOSS(value=[302080,302081,302082,302083,302084],winEventId=""abyss_vegnasis_clear"",battleBg=""battle_bg_lastboss"",deferFixedBossDefeat=true)]"
"ABYSS_VEGNASIS","ジョセフ","一つにしたつもりか。
声が五つ聞こえる時点で、誰一人消せちゃいねえ。","101","種別=会話; 行=3/5; 参照=abyss_final_altar_encounter:actions[0].else[0]; event=abyss_final_altar_encounter; actions=[IF_FLAG(key=""abyssVegnasisDefeated""){then:[CONV(value=""ABYSS_AZELGARAG"") -> BOSS(value=302100,winEventId=""abyss_azelgarag_clear"",battleBg=""battle_bg_lastboss"")]}{else:[CONV(value=""ABYSS_VEGNASIS"") -> BOSS(value=[302080,302081,302082,302083,302084],winEventId=""abyss_vegnasis_clear"",battleBg=""battle_bg_lastboss"",deferFixedBossDefeat=true)]}] || 参照=abyss_vegnasis_battle:actions[0]; event=abyss_vegnasis_battle; actions=[CONV(value=""ABYSS_VEGNASIS"") -> BOSS(value=[302080,302081,302082,302083,302084],winEventId=""abyss_vegnasis_clear"",battleBg=""battle_bg_lastboss"",deferFixedBossDefeat=true)]"
"ABYSS_VEGNASIS","シャニー","倒すたび、残った魂へ力が流れる。
それでも、一つずつ解き放つしかない。","306","種別=会話; 行=4/5; 参照=abyss_final_altar_encounter:actions[0].else[0]; event=abyss_final_altar_encounter; actions=[IF_FLAG(key=""abyssVegnasisDefeated""){then:[CONV(value=""ABYSS_AZELGARAG"") -> BOSS(value=302100,winEventId=""abyss_azelgarag_clear"",battleBg=""battle_bg_lastboss"")]}{else:[CONV(value=""ABYSS_VEGNASIS"") -> BOSS(value=[302080,302081,302082,302083,302084],winEventId=""abyss_vegnasis_clear"",battleBg=""battle_bg_lastboss"",deferFixedBossDefeat=true)]}] || 参照=abyss_vegnasis_battle:actions[0]; event=abyss_vegnasis_battle; actions=[CONV(value=""ABYSS_VEGNASIS"") -> BOSS(value=[302080,302081,302082,302083,302084],winEventId=""abyss_vegnasis_clear"",battleBg=""battle_bg_lastboss"",deferFixedBossDefeat=true)]"
"ABYSS_VEGNASIS","魔王ゼノン","五つの怨念ごと斬り伏せる。
王の前座にしては、悪趣味が過ぎるぞ。","402","種別=会話; 行=5/5; 参照=abyss_final_altar_encounter:actions[0].else[0]; event=abyss_final_altar_encounter; actions=[IF_FLAG(key=""abyssVegnasisDefeated""){then:[CONV(value=""ABYSS_AZELGARAG"") -> BOSS(value=302100,winEventId=""abyss_azelgarag_clear"",battleBg=""battle_bg_lastboss"")]}{else:[CONV(value=""ABYSS_VEGNASIS"") -> BOSS(value=[302080,302081,302082,302083,302084],winEventId=""abyss_vegnasis_clear"",battleBg=""battle_bg_lastboss"",deferFixedBossDefeat=true)]}] || 参照=abyss_vegnasis_battle:actions[0]; event=abyss_vegnasis_battle; actions=[CONV(value=""ABYSS_VEGNASIS"") -> BOSS(value=[302080,302081,302082,302083,302084],winEventId=""abyss_vegnasis_clear"",battleBg=""battle_bg_lastboss"",deferFixedBossDefeat=true)]"
"ABYSS_SPIRIT_FINAL_BLESSING","システム","認められた精霊のプリズムが呼応し、幾重もの光が一行を包んだ。","","種別=会話; 行=1/2; 参照イベント=なし（直接呼出・休眠・旧実装定義を含む）"
"ABYSS_SPIRIT_FINAL_BLESSING","シャニー","精霊たちが、この戦いだけ力を重ねてくれている。
五つの属性を恐れず、魂の結び目を断とう。","306","種別=会話; 行=2/2; 参照イベント=なし（直接呼出・休眠・旧実装定義を含む）"
"ABYSS_VEGNASIS_FALL_1","黒雷のレナード","……盾よ。雷は、もう私を縛らぬ。
残る者を頼む。","","種別=会話; 行=1/1; 参照イベント=なし（直接呼出・休眠・旧実装定義を含む）"
"ABYSS_VEGNASIS_FALL_2","死風のエリシア","風が……家々の灯りへ帰っていく。
押し流すだけの風では、なかった。","","種別=会話; 行=1/1; 参照イベント=なし（直接呼出・休眠・旧実装定義を含む）"
"ABYSS_VEGNASIS_FALL_3","極零のシーリス","水底にも……朝は届くのね。
凍らせた声を、連れていって。","","種別=会話; 行=1/1; 参照イベント=なし（直接呼出・休眠・旧実装定義を含む）"
"ABYSS_VEGNASIS_FALL_4","焦熱のグラド","小さな灯か……。
灰より先に、守り抜いてみせろ。","","種別=会話; 行=1/1; 参照イベント=なし（直接呼出・休眠・旧実装定義を含む）"
"ABYSS_VEGNASIS_FALL_5","昏迷の黒騎士ヴェルド","レイラ……顔を上げろ。
最後の門は、お前たちの手で開け。","","種別=会話; 行=1/1; 参照イベント=なし（直接呼出・休眠・旧実装定義を含む）"
"ABYSS_VEGNASIS_CLEAR","システム","最後の魂が解け、死幻の魔柱は音もなく崩れ落ちた。
祭壇の最奥で、深淵王がゆっくりと立ち上がる。","","種別=会話; 行=1/2; 参照=abyss_vegnasis_clear:actions[0]; event=abyss_vegnasis_clear; actions=[CONV(value=""ABYSS_VEGNASIS_CLEAR"") -> FLAG(key=""abyssVegnasisDefeated"") -> CONV(value=""ABYSS_AZELGARAG"") -> BOSS(value=302100,winEventId=""abyss_azelgarag_clear"",battleBg=""battle_bg_lastboss"")]"
"ABYSS_VEGNASIS_CLEAR","シャニー","休ませてはくれない。
でも、ここで止まれば、五人をまた深淵へ渡すことになる。","306","種別=会話; 行=2/2; 参照=abyss_vegnasis_clear:actions[0]; event=abyss_vegnasis_clear; actions=[CONV(value=""ABYSS_VEGNASIS_CLEAR"") -> FLAG(key=""abyssVegnasisDefeated"") -> CONV(value=""ABYSS_AZELGARAG"") -> BOSS(value=302100,winEventId=""abyss_azelgarag_clear"",battleBg=""battle_bg_lastboss"")]"
"ABYSS_AZELGARAG","深淵王アゼルガラグ","よくぞ我が世界を歩いた。
町を繋ぎ、楔を解き、捨てた魂へ名を返したか。","","種別=会話; 行=1/5; 参照=abyss_final_altar_encounter:actions[0].then[0]; event=abyss_final_altar_encounter; actions=[IF_FLAG(key=""abyssVegnasisDefeated""){then:[CONV(value=""ABYSS_AZELGARAG"") -> BOSS(value=302100,winEventId=""abyss_azelgarag_clear"",battleBg=""battle_bg_lastboss"")]}{else:[CONV(value=""ABYSS_VEGNASIS"") -> BOSS(value=[302080,302081,302082,302083,302084],winEventId=""abyss_vegnasis_clear"",battleBg=""battle_bg_lastboss"",deferFixedBossDefeat=true)]}] || 参照=abyss_vegnasis_clear:actions[2]; event=abyss_vegnasis_clear; actions=[CONV(value=""ABYSS_VEGNASIS_CLEAR"") -> FLAG(key=""abyssVegnasisDefeated"") -> CONV(value=""ABYSS_AZELGARAG"") -> BOSS(value=302100,winEventId=""abyss_azelgarag_clear"",battleBg=""battle_bg_lastboss"")] || 参照=abyss_azelgarag_battle:actions[0]; event=abyss_azelgarag_battle; actions=[CONV(value=""ABYSS_AZELGARAG"") -> BOSS(value=302100,winEventId=""abyss_azelgarag_clear"")]"
"ABYSS_AZELGARAG","魔王ゼノン","世界を名乗るには狭量だな。
貴様の深淵は、奪ったものを混ぜて腐らせる穴にすぎぬ。","402","種別=会話; 行=2/5; 参照=abyss_final_altar_encounter:actions[0].then[0]; event=abyss_final_altar_encounter; actions=[IF_FLAG(key=""abyssVegnasisDefeated""){then:[CONV(value=""ABYSS_AZELGARAG"") -> BOSS(value=302100,winEventId=""abyss_azelgarag_clear"",battleBg=""battle_bg_lastboss"")]}{else:[CONV(value=""ABYSS_VEGNASIS"") -> BOSS(value=[302080,302081,302082,302083,302084],winEventId=""abyss_vegnasis_clear"",battleBg=""battle_bg_lastboss"",deferFixedBossDefeat=true)]}] || 参照=abyss_vegnasis_clear:actions[2]; event=abyss_vegnasis_clear; actions=[CONV(value=""ABYSS_VEGNASIS_CLEAR"") -> FLAG(key=""abyssVegnasisDefeated"") -> CONV(value=""ABYSS_AZELGARAG"") -> BOSS(value=302100,winEventId=""abyss_azelgarag_clear"",battleBg=""battle_bg_lastboss"")] || 参照=abyss_azelgarag_battle:actions[0]; event=abyss_azelgarag_battle; actions=[CONV(value=""ABYSS_AZELGARAG"") -> BOSS(value=302100,winEventId=""abyss_azelgarag_clear"")]"
"ABYSS_AZELGARAG","深淵王アゼルガラグ","違いこそ争いの種。
すべてを混沌へ還せば、痛みも選別もない。","","種別=会話; 行=3/5; 参照=abyss_final_altar_encounter:actions[0].then[0]; event=abyss_final_altar_encounter; actions=[IF_FLAG(key=""abyssVegnasisDefeated""){then:[CONV(value=""ABYSS_AZELGARAG"") -> BOSS(value=302100,winEventId=""abyss_azelgarag_clear"",battleBg=""battle_bg_lastboss"")]}{else:[CONV(value=""ABYSS_VEGNASIS"") -> BOSS(value=[302080,302081,302082,302083,302084],winEventId=""abyss_vegnasis_clear"",battleBg=""battle_bg_lastboss"",deferFixedBossDefeat=true)]}] || 参照=abyss_vegnasis_clear:actions[2]; event=abyss_vegnasis_clear; actions=[CONV(value=""ABYSS_VEGNASIS_CLEAR"") -> FLAG(key=""abyssVegnasisDefeated"") -> CONV(value=""ABYSS_AZELGARAG"") -> BOSS(value=302100,winEventId=""abyss_azelgarag_clear"",battleBg=""battle_bg_lastboss"")] || 参照=abyss_azelgarag_battle:actions[0]; event=abyss_azelgarag_battle; actions=[CONV(value=""ABYSS_AZELGARAG"") -> BOSS(value=302100,winEventId=""abyss_azelgarag_clear"")]"
"ABYSS_AZELGARAG","シャニー","痛みを消すために、痛みを感じる人まで消す。
そんな静けさを、救いとは呼ばない。","306","種別=会話; 行=4/5; 参照=abyss_final_altar_encounter:actions[0].then[0]; event=abyss_final_altar_encounter; actions=[IF_FLAG(key=""abyssVegnasisDefeated""){then:[CONV(value=""ABYSS_AZELGARAG"") -> BOSS(value=302100,winEventId=""abyss_azelgarag_clear"",battleBg=""battle_bg_lastboss"")]}{else:[CONV(value=""ABYSS_VEGNASIS"") -> BOSS(value=[302080,302081,302082,302083,302084],winEventId=""abyss_vegnasis_clear"",battleBg=""battle_bg_lastboss"",deferFixedBossDefeat=true)]}] || 参照=abyss_vegnasis_clear:actions[2]; event=abyss_vegnasis_clear; actions=[CONV(value=""ABYSS_VEGNASIS_CLEAR"") -> FLAG(key=""abyssVegnasisDefeated"") -> CONV(value=""ABYSS_AZELGARAG"") -> BOSS(value=302100,winEventId=""abyss_azelgarag_clear"",battleBg=""battle_bg_lastboss"")] || 参照=abyss_azelgarag_battle:actions[0]; event=abyss_azelgarag_battle; actions=[CONV(value=""ABYSS_AZELGARAG"") -> BOSS(value=302100,winEventId=""abyss_azelgarag_clear"")]"
"ABYSS_AZELGARAG","深淵王アゼルガラグ","ならば証明せよ。
五柱を越え、なお残るその命で、深淵の終わりを語ってみせよ。","","種別=会話; 行=5/5; 参照=abyss_final_altar_encounter:actions[0].then[0]; event=abyss_final_altar_encounter; actions=[IF_FLAG(key=""abyssVegnasisDefeated""){then:[CONV(value=""ABYSS_AZELGARAG"") -> BOSS(value=302100,winEventId=""abyss_azelgarag_clear"",battleBg=""battle_bg_lastboss"")]}{else:[CONV(value=""ABYSS_VEGNASIS"") -> BOSS(value=[302080,302081,302082,302083,302084],winEventId=""abyss_vegnasis_clear"",battleBg=""battle_bg_lastboss"",deferFixedBossDefeat=true)]}] || 参照=abyss_vegnasis_clear:actions[2]; event=abyss_vegnasis_clear; actions=[CONV(value=""ABYSS_VEGNASIS_CLEAR"") -> FLAG(key=""abyssVegnasisDefeated"") -> CONV(value=""ABYSS_AZELGARAG"") -> BOSS(value=302100,winEventId=""abyss_azelgarag_clear"",battleBg=""battle_bg_lastboss"")] || 参照=abyss_azelgarag_battle:actions[0]; event=abyss_azelgarag_battle; actions=[CONV(value=""ABYSS_AZELGARAG"") -> BOSS(value=302100,winEventId=""abyss_azelgarag_clear"")]"
"ABYSS_AZELGARAG_TRANSFORM","システム","深淵王の肉体が崩れた。
しかし黒い亀裂は閉じず、砕けた力を吸い上げて新たな姿を形作る。","","種別=会話; 行=1/5; 参照イベント=なし（直接呼出・休眠・旧実装定義を含む）"
"ABYSS_AZELGARAG_TRANSFORM","深淵王アゼルガラグ・終極","我は王ではない。深淵そのもの。
終わりを望む声がある限り、何度でも形を得る。","","種別=会話; 行=2/5; 参照イベント=なし（直接呼出・休眠・旧実装定義を含む）"
"ABYSS_AZELGARAG_TRANSFORM","光の神","終わりを選ぶには、まだ早い。
異なる光を携えた者たちよ、いま一度立ちなさい。","","種別=会話; 行=3/5; 参照イベント=なし（直接呼出・休眠・旧実装定義を含む）"
"ABYSS_AZELGARAG_TRANSFORM","システム","柔らかな光が一行を包んだ。
HPとMPが全回復し、全能力が高まった。","","種別=会話; 行=4/5; 参照イベント=なし（直接呼出・休眠・旧実装定義を含む）"
"ABYSS_AZELGARAG_TRANSFORM","シャニー","これが最後。
今度こそ、深淵の意思ごと断つ。","306","種別=会話; 行=5/5; 参照イベント=なし（直接呼出・休眠・旧実装定義を含む）"
"ABYSS_AZELGARAG_CLEAR","システム","終極の姿がほどけ、深淵を満たしていた圧力が消えていく。
遠く離れた町々の空へ、初めて淡い光が差した。","","種別=会話; 行=1/8; 参照=abyss_azelgarag_clear:actions[0]; event=abyss_azelgarag_clear; actions=[CONV(value=""ABYSS_AZELGARAG_CLEAR"") -> FLAG(key=""abyssAzelgaragDefeated"") -> FLAG(key=""abyssEpilogueSeen"") -> IF_ITEM(id=109,count=1){then:[]}{else:[ITEM(id=109,count=1)]} -> UNLOCK(value=""wing"") -> CREDITS(title=""深淵世界編　完"",lines=[""企画・シナリオ　Yuzora-Yu"",""制作　RPG-TEST"",""最果ての地カルメナ"",""深淵都市ビスタ"",""混沌魔城レガシオン"",""そして、まだ見ぬ深淵へ""]) -> STEP(value=10) -> SUB(value=2) -> LOG(value=""深淵王を倒し、リュシオンから光の翼を授かった。終焉の祭壇には、なお深い亀裂が残っている。"")]"
"ABYSS_AZELGARAG_CLEAR","深淵王アゼルガラグ","異なるまま……並び立つか。
それもまた、混沌とは違う一つの答え……。","","種別=会話; 行=2/8; 参照=abyss_azelgarag_clear:actions[0]; event=abyss_azelgarag_clear; actions=[CONV(value=""ABYSS_AZELGARAG_CLEAR"") -> FLAG(key=""abyssAzelgaragDefeated"") -> FLAG(key=""abyssEpilogueSeen"") -> IF_ITEM(id=109,count=1){then:[]}{else:[ITEM(id=109,count=1)]} -> UNLOCK(value=""wing"") -> CREDITS(title=""深淵世界編　完"",lines=[""企画・シナリオ　Yuzora-Yu"",""制作　RPG-TEST"",""最果ての地カルメナ"",""深淵都市ビスタ"",""混沌魔城レガシオン"",""そして、まだ見ぬ深淵へ""]) -> STEP(value=10) -> SUB(value=2) -> LOG(value=""深淵王を倒し、リュシオンから光の翼を授かった。終焉の祭壇には、なお深い亀裂が残っている。"")]"
"ABYSS_AZELGARAG_CLEAR","シャニー","答えは一つじゃない。
だから、誰かが全部を終わらせて決める必要もない。","306","種別=会話; 行=3/8; 参照=abyss_azelgarag_clear:actions[0]; event=abyss_azelgarag_clear; actions=[CONV(value=""ABYSS_AZELGARAG_CLEAR"") -> FLAG(key=""abyssAzelgaragDefeated"") -> FLAG(key=""abyssEpilogueSeen"") -> IF_ITEM(id=109,count=1){then:[]}{else:[ITEM(id=109,count=1)]} -> UNLOCK(value=""wing"") -> CREDITS(title=""深淵世界編　完"",lines=[""企画・シナリオ　Yuzora-Yu"",""制作　RPG-TEST"",""最果ての地カルメナ"",""深淵都市ビスタ"",""混沌魔城レガシオン"",""そして、まだ見ぬ深淵へ""]) -> STEP(value=10) -> SUB(value=2) -> LOG(value=""深淵王を倒し、リュシオンから光の翼を授かった。終焉の祭壇には、なお深い亀裂が残っている。"")]"
"ABYSS_AZELGARAG_CLEAR","ジョセフ","帰ろうぜ。
地上にも、ここにも、俺たちを待ってる奴がいる。","101","種別=会話; 行=4/8; 参照=abyss_azelgarag_clear:actions[0]; event=abyss_azelgarag_clear; actions=[CONV(value=""ABYSS_AZELGARAG_CLEAR"") -> FLAG(key=""abyssAzelgaragDefeated"") -> FLAG(key=""abyssEpilogueSeen"") -> IF_ITEM(id=109,count=1){then:[]}{else:[ITEM(id=109,count=1)]} -> UNLOCK(value=""wing"") -> CREDITS(title=""深淵世界編　完"",lines=[""企画・シナリオ　Yuzora-Yu"",""制作　RPG-TEST"",""最果ての地カルメナ"",""深淵都市ビスタ"",""混沌魔城レガシオン"",""そして、まだ見ぬ深淵へ""]) -> STEP(value=10) -> SUB(value=2) -> LOG(value=""深淵王を倒し、リュシオンから光の翼を授かった。終焉の祭壇には、なお深い亀裂が残っている。"")]"
"ABYSS_AZELGARAG_CLEAR","リュシオン","その前に、これを託しましょう。
空へ逃れるためではなく、自ら選んだ道を越えるための光です。","501","種別=会話; 行=5/8; 参照=abyss_azelgarag_clear:actions[0]; event=abyss_azelgarag_clear; actions=[CONV(value=""ABYSS_AZELGARAG_CLEAR"") -> FLAG(key=""abyssAzelgaragDefeated"") -> FLAG(key=""abyssEpilogueSeen"") -> IF_ITEM(id=109,count=1){then:[]}{else:[ITEM(id=109,count=1)]} -> UNLOCK(value=""wing"") -> CREDITS(title=""深淵世界編　完"",lines=[""企画・シナリオ　Yuzora-Yu"",""制作　RPG-TEST"",""最果ての地カルメナ"",""深淵都市ビスタ"",""混沌魔城レガシオン"",""そして、まだ見ぬ深淵へ""]) -> STEP(value=10) -> SUB(value=2) -> LOG(value=""深淵王を倒し、リュシオンから光の翼を授かった。終焉の祭壇には、なお深い亀裂が残っている。"")]"
"ABYSS_AZELGARAG_CLEAR","システム","光の神リュシオンの加護が、静かに背へ宿った。
光の翼を手に入れた！","","種別=会話; 行=6/8; 参照=abyss_azelgarag_clear:actions[0]; event=abyss_azelgarag_clear; actions=[CONV(value=""ABYSS_AZELGARAG_CLEAR"") -> FLAG(key=""abyssAzelgaragDefeated"") -> FLAG(key=""abyssEpilogueSeen"") -> IF_ITEM(id=109,count=1){then:[]}{else:[ITEM(id=109,count=1)]} -> UNLOCK(value=""wing"") -> CREDITS(title=""深淵世界編　完"",lines=[""企画・シナリオ　Yuzora-Yu"",""制作　RPG-TEST"",""最果ての地カルメナ"",""深淵都市ビスタ"",""混沌魔城レガシオン"",""そして、まだ見ぬ深淵へ""]) -> STEP(value=10) -> SUB(value=2) -> LOG(value=""深淵王を倒し、リュシオンから光の翼を授かった。終焉の祭壇には、なお深い亀裂が残っている。"")]"
"ABYSS_AZELGARAG_CLEAR","リュシオン","異なる光を抱いたまま、進みなさい。
あなたたちが帰る空も、これから選ぶ道も、その翼は拒みません。","501","種別=会話; 行=7/8; 参照=abyss_azelgarag_clear:actions[0]; event=abyss_azelgarag_clear; actions=[CONV(value=""ABYSS_AZELGARAG_CLEAR"") -> FLAG(key=""abyssAzelgaragDefeated"") -> FLAG(key=""abyssEpilogueSeen"") -> IF_ITEM(id=109,count=1){then:[]}{else:[ITEM(id=109,count=1)]} -> UNLOCK(value=""wing"") -> CREDITS(title=""深淵世界編　完"",lines=[""企画・シナリオ　Yuzora-Yu"",""制作　RPG-TEST"",""最果ての地カルメナ"",""深淵都市ビスタ"",""混沌魔城レガシオン"",""そして、まだ見ぬ深淵へ""]) -> STEP(value=10) -> SUB(value=2) -> LOG(value=""深淵王を倒し、リュシオンから光の翼を授かった。終焉の祭壇には、なお深い亀裂が残っている。"")]"
"ABYSS_AZELGARAG_CLEAR","システム","一行は光の道を通り、地上へ帰還した。
終焉の祭壇には、消え切らない小さな亀裂だけが残った。","","種別=会話; 行=8/8; 参照=abyss_azelgarag_clear:actions[0]; event=abyss_azelgarag_clear; actions=[CONV(value=""ABYSS_AZELGARAG_CLEAR"") -> FLAG(key=""abyssAzelgaragDefeated"") -> FLAG(key=""abyssEpilogueSeen"") -> IF_ITEM(id=109,count=1){then:[]}{else:[ITEM(id=109,count=1)]} -> UNLOCK(value=""wing"") -> CREDITS(title=""深淵世界編　完"",lines=[""企画・シナリオ　Yuzora-Yu"",""制作　RPG-TEST"",""最果ての地カルメナ"",""深淵都市ビスタ"",""混沌魔城レガシオン"",""そして、まだ見ぬ深淵へ""]) -> STEP(value=10) -> SUB(value=2) -> LOG(value=""深淵王を倒し、リュシオンから光の翼を授かった。終焉の祭壇には、なお深い亀裂が残っている。"")]"
"ABYSS_POSTGAME_CRACK","システム","終焉の祭壇を再び訪れると、最奥の亀裂が以前より深く口を開けていた。","","種別=会話; 行=1/4; 参照=abyss_postgame_crack:actions[0]; event=abyss_postgame_crack; actions=[CONV(value=""ABYSS_POSTGAME_CRACK"") -> FLAG(key=""abyssRandomUnlocked"") -> FLAG(key=""abyssDungeonMenuUnlocked"") -> UNLOCK(value=[""dungeonMenu"",""teleport""]) -> START_ABYSS_DUNGEON(mode=""random"",floor=1,direct=true)]"
"ABYSS_POSTGAME_CRACK","シャニー","物語を縛っていた深淵とは違う。
ここから先は、入るたびに形を変える底なしの迷宮。","306","種別=会話; 行=2/4; 参照=abyss_postgame_crack:actions[0]; event=abyss_postgame_crack; actions=[CONV(value=""ABYSS_POSTGAME_CRACK"") -> FLAG(key=""abyssRandomUnlocked"") -> FLAG(key=""abyssDungeonMenuUnlocked"") -> UNLOCK(value=[""dungeonMenu"",""teleport""]) -> START_ABYSS_DUNGEON(mode=""random"",floor=1,direct=true)]"
"ABYSS_POSTGAME_CRACK","魔王ゼノン","王を失ってなお力だけが残ったか。
よかろう。腕試しの穴として、何度でも踏破してやる。","402","種別=会話; 行=3/4; 参照=abyss_postgame_crack:actions[0]; event=abyss_postgame_crack; actions=[CONV(value=""ABYSS_POSTGAME_CRACK"") -> FLAG(key=""abyssRandomUnlocked"") -> FLAG(key=""abyssDungeonMenuUnlocked"") -> UNLOCK(value=[""dungeonMenu"",""teleport""]) -> START_ABYSS_DUNGEON(mode=""random"",floor=1,direct=true)]"
"ABYSS_POSTGAME_CRACK","システム","クリア後深淵、ダンジョンメニュー、宿屋の転送の扉が解放された。","","種別=会話; 行=4/4; 参照=abyss_postgame_crack:actions[0]; event=abyss_postgame_crack; actions=[CONV(value=""ABYSS_POSTGAME_CRACK"") -> FLAG(key=""abyssRandomUnlocked"") -> FLAG(key=""abyssDungeonMenuUnlocked"") -> UNLOCK(value=[""dungeonMenu"",""teleport""]) -> START_ABYSS_DUNGEON(mode=""random"",floor=1,direct=true)]"
"ABYSS_CARMENA_RESIDENT_SPRING","泉辺の男","その水面を、あまり長く見るな。
帰りたい場所の匂いがする。","","種別=会話; 行=1/3; 参照=abyss_carmena_resident_spring:actions[0]; event=abyss_carmena_resident_spring; actions=[CONV(value=""ABYSS_CARMENA_RESIDENT_SPRING"")]"
"ABYSS_CARMENA_RESIDENT_SPRING","泉辺の男","俺には麦を焼く匂いだった。
飛び込んだよ。三度もな。","","種別=会話; 行=2/3; 参照=abyss_carmena_resident_spring:actions[0]; event=abyss_carmena_resident_spring; actions=[CONV(value=""ABYSS_CARMENA_RESIDENT_SPRING"")]"
"ABYSS_CARMENA_RESIDENT_SPRING","泉辺の男","戻ってきた時には、靴の泥だけ増えていた。","","種別=会話; 行=3/3; 参照=abyss_carmena_resident_spring:actions[0]; event=abyss_carmena_resident_spring; actions=[CONV(value=""ABYSS_CARMENA_RESIDENT_SPRING"")]"
"ABYSS_CARMENA_RESIDENT_RATIONS","宿の手伝い","四人分。……違う、三人分でいい。","","種別=会話; 行=1/3; 参照=abyss_carmena_resident_rations:actions[0]; event=abyss_carmena_resident_rations; actions=[CONV(value=""ABYSS_CARMENA_RESIDENT_RATIONS"")]"
"ABYSS_CARMENA_RESIDENT_RATIONS","宿の手伝い","北門へ連れていかれた人の皿まで並べると、
宿の主人が怒るんだ。","","種別=会話; 行=2/3; 参照=abyss_carmena_resident_rations:actions[0]; event=abyss_carmena_resident_rations; actions=[CONV(value=""ABYSS_CARMENA_RESIDENT_RATIONS"")]"
"ABYSS_CARMENA_RESIDENT_RATIONS","宿の手伝い","片づけるのは、もう少し後にする。","","種別=会話; 行=3/3; 参照=abyss_carmena_resident_rations:actions[0]; event=abyss_carmena_resident_rations; actions=[CONV(value=""ABYSS_CARMENA_RESIDENT_RATIONS"")]"
"ABYSS_CARMENA_RESIDENT_OLD_KINGDOM","古い外套の老人","王都の鐘が、昼なのに七つ鳴った。
そこから先は、ここだ。","","種別=会話; 行=1/3; 参照=abyss_carmena_resident_old_kingdom:actions[0]; event=abyss_carmena_resident_old_kingdom; actions=[CONV(value=""ABYSS_CARMENA_RESIDENT_OLD_KINGDOM"")]"
"ABYSS_CARMENA_RESIDENT_OLD_KINGDOM","古い外套の老人","国の名か。……お前さんの地図には無いだろうよ。","","種別=会話; 行=2/3; 参照=abyss_carmena_resident_old_kingdom:actions[0]; event=abyss_carmena_resident_old_kingdom; actions=[CONV(value=""ABYSS_CARMENA_RESIDENT_OLD_KINGDOM"")]"
"ABYSS_CARMENA_RESIDENT_OLD_KINGDOM","古い外套の老人","若い連中は、わしが作った昔話だと言う。
あいつらの祖父より、わしのほうが後から来たのにな。","","種別=会話; 行=3/3; 参照=abyss_carmena_resident_old_kingdom:actions[0]; event=abyss_carmena_resident_old_kingdom; actions=[CONV(value=""ABYSS_CARMENA_RESIDENT_OLD_KINGDOM"")]"
"ABYSS_CARMENA_RESIDENT_GATE_CHILD","門を見張る子","鎧の人が、今日は二回こっちを見た。","","種別=会話; 行=1/3; 参照=abyss_carmena_resident_gate_child:actions[0]; event=abyss_carmena_resident_gate_child; actions=[CONV(value=""ABYSS_CARMENA_RESIDENT_GATE_CHILD"")]"
"ABYSS_CARMENA_RESIDENT_GATE_CHILD","門を見張る子","三回見た日は、誰かいなくなる。
だから、数えてる。","","種別=会話; 行=2/3; 参照=abyss_carmena_resident_gate_child:actions[0]; event=abyss_carmena_resident_gate_child; actions=[CONV(value=""ABYSS_CARMENA_RESIDENT_GATE_CHILD"")]"
"ABYSS_CARMENA_RESIDENT_GATE_CHILD","門を見張る子","……いま、二回だよ。","","種別=会話; 行=3/3; 参照=abyss_carmena_resident_gate_child:actions[0]; event=abyss_carmena_resident_gate_child; actions=[CONV(value=""ABYSS_CARMENA_RESIDENT_GATE_CHILD"")]"
"ABYSS_VISTA_RECRUITMENT","ビスタの魔物使い","深淵の魔物でも、まれに地上から差す光へ触れて、憎しみを手放すことがある。","","種別=会話; 行=1/2; 参照=abyss_vista_recruitment_guide:actions[0]; event=abyss_vista_recruitment_guide; actions=[CONV(value=""ABYSS_VISTA_RECRUITMENT"")]"
"ABYSS_VISTA_RECRUITMENT","ビスタの魔物使い","そうなった魔物は、倒した者の強さではなく心を見て、旅へ加わることがある。
期待しすぎるほど多くはないが、決して零ではない。","","種別=会話; 行=2/2; 参照=abyss_vista_recruitment_guide:actions[0]; event=abyss_vista_recruitment_guide; actions=[CONV(value=""ABYSS_VISTA_RECRUITMENT"")]"
"ABYSS_VISTA_SCAVENGER","南区の拾い屋","墓地の風が止んだ朝は、鉄くずを拾いに行く。
止まらない朝は、戸を板で塞ぐ。","","種別=会話; 行=1/2; 参照=abyss_vista_scavenger:actions[0]; event=abyss_vista_scavenger; actions=[CONV(value=""ABYSS_VISTA_SCAVENGER"")]"
"ABYSS_VISTA_SCAVENGER","南区の拾い屋","暦なんて要らない。
生き残るには、それで十分だった。","","種別=会話; 行=2/2; 参照=abyss_vista_scavenger:actions[0]; event=abyss_vista_scavenger; actions=[CONV(value=""ABYSS_VISTA_SCAVENGER"")]"
"ABYSS_VISTA_WIDOW","石段の女","地下道の壁に、夫の名を刻んである。
北へ働きに出たきり、戻らなかったから。","","種別=会話; 行=1/2; 参照=abyss_vista_widow:actions[0]; event=abyss_vista_widow; actions=[CONV(value=""ABYSS_VISTA_WIDOW"")]"
"ABYSS_VISTA_WIDOW","石段の女","道が繋がれば帰ってくるなんて、もう思ってない。
でも、名前まで塞がれるのは嫌なの。","","種別=会話; 行=2/2; 参照=abyss_vista_widow:actions[0]; event=abyss_vista_widow; actions=[CONV(value=""ABYSS_VISTA_WIDOW"")]"
"ABYSS_VISTA_TOLL_KEEPER","北区の門番","昔は地下道を通るたび、パンを一切れ納めた。
町を割った連中への通行税さ。","","種別=会話; 行=1/2; 参照=abyss_vista_toll_keeper:actions[0]; event=abyss_vista_toll_keeper; actions=[CONV(value=""ABYSS_VISTA_TOLL_KEEPER"")]"
"ABYSS_VISTA_TOLL_KEEPER","北区の門番","今は取らん。
南の子どもが、痩せすぎた。","","種別=会話; 行=2/2; 参照=abyss_vista_toll_keeper:actions[0]; event=abyss_vista_toll_keeper; actions=[CONV(value=""ABYSS_VISTA_TOLL_KEEPER"")]"
"ABYSS_VISTA_LAMPLIGHTER","灯守","この灯は消すなと言われて、親父から継いだ。
誰が帰るための灯かは、親父も知らなかった。","","種別=会話; 行=1/2; 参照=abyss_vista_lamplighter:actions[0]; event=abyss_vista_lamplighter; actions=[CONV(value=""ABYSS_VISTA_LAMPLIGHTER"")]"
"ABYSS_VISTA_LAMPLIGHTER","灯守","最近、炎が北へ傾く。
レガシオンの結界が弱っているのかもしれん。","","種別=会話; 行=2/2; 参照=abyss_vista_lamplighter:actions[0]; event=abyss_vista_lamplighter; actions=[CONV(value=""ABYSS_VISTA_LAMPLIGHTER"")]"
"ABYSS_VISTA_UNDERPASS_WORKER","地下道の補修工","天井が鳴ったら、壁際へ寄れ。
走ると、上の町ごと落ちてくる。","","種別=会話; 行=1/2; 参照=abyss_vista_underpass_worker:actions[0]; event=abyss_vista_underpass_worker; actions=[CONV(value=""ABYSS_VISTA_UNDERPASS_WORKER"")]"
"ABYSS_VISTA_UNDERPASS_WORKER","地下道の補修工","南と北が口を利かなくても、下水と崩落は待ってくれん。
だから俺たちは、両方の壁を直す。","","種別=会話; 行=2/2; 参照=abyss_vista_underpass_worker:actions[0]; event=abyss_vista_underpass_worker; actions=[CONV(value=""ABYSS_VISTA_UNDERPASS_WORKER"")]"
"ABYSS_VISTA_UNDERPASS_CHILDREN","地下道の子ども","ここなら南区の子とも遊べるんだ。
大人は暗くて危ないって言うけど。","","種別=会話; 行=1/2; 参照=abyss_vista_underpass_children:actions[0]; event=abyss_vista_underpass_children; actions=[CONV(value=""ABYSS_VISTA_UNDERPASS_CHILDREN"")]"
"ABYSS_VISTA_UNDERPASS_CHILDREN","地下道の子ども","地上のほうが、みんな怖い顔してるよ。","","種別=会話; 行=2/2; 参照=abyss_vista_underpass_children:actions[0]; event=abyss_vista_underpass_children; actions=[CONV(value=""ABYSS_VISTA_UNDERPASS_CHILDREN"")]"
"ABYSS_LEGACION_ARENA","格闘場の係員","ここはモンスター格闘場だ。
いまは闘技場の整備中だが、門と観客席はいつでも使えるよう保っている。","","種別=会話; 行=1/1; 参照=abyss_legacion_arena_notice:actions[0]; event=abyss_legacion_arena_notice; actions=[CONV(value=""ABYSS_LEGACION_ARENA"")]"
"ABYSS_LEGACION_SMITH_APPRENTICE","鍛冶場の徒弟","親方は、深淵の鉄は泣き声で硬さが分かると言う。
俺には全部、同じ悲鳴に聞こえる。","","種別=会話; 行=1/2; 参照=abyss_legacion_smith_apprentice:actions[0]; event=abyss_legacion_smith_apprentice; actions=[CONV(value=""ABYSS_LEGACION_SMITH_APPRENTICE"")]"
"ABYSS_LEGACION_SMITH_APPRENTICE","鍛冶場の徒弟","だから毎朝、一本ずつ打つ。
いつか違いが分かるまで。","","種別=会話; 行=2/2; 参照=abyss_legacion_smith_apprentice:actions[0]; event=abyss_legacion_smith_apprentice; actions=[CONV(value=""ABYSS_LEGACION_SMITH_APPRENTICE"")]"
"ABYSS_LEGACION_GUILD_CLERK","ギルドの記録係","依頼書は三冊ある。
未帰還、捜索打切り、名前不明。","","種別=会話; 行=1/2; 参照=abyss_legacion_guild_clerk:actions[0]; event=abyss_legacion_guild_clerk; actions=[CONV(value=""ABYSS_LEGACION_GUILD_CLERK"")]"
"ABYSS_LEGACION_GUILD_CLERK","ギルドの記録係","達成済みの帳面は薄い。
それでも捨てない。戻った者が、自分の名を探すから。","","種別=会話; 行=2/2; 参照=abyss_legacion_guild_clerk:actions[0]; event=abyss_legacion_guild_clerk; actions=[CONV(value=""ABYSS_LEGACION_GUILD_CLERK"")]"
"ABYSS_LEGACION_CASTLE_SERVANT","城勤めの女","皇帝家が滅びたあとも、食卓には八枚の皿を置く。
城の決まりは、主より長生きするものよ。","","種別=会話; 行=1/2; 参照=abyss_legacion_castle_servant:actions[0]; event=abyss_legacion_castle_servant; actions=[CONV(value=""ABYSS_LEGACION_CASTLE_SERVANT"")]"
"ABYSS_LEGACION_CASTLE_SERVANT","城勤めの女","末裔様は一枚でよいと仰る。
だから七枚は、空のまま磨いている。","","種別=会話; 行=2/2; 参照=abyss_legacion_castle_servant:actions[0]; event=abyss_legacion_castle_servant; actions=[CONV(value=""ABYSS_LEGACION_CASTLE_SERVANT"")]"
"ABYSS_LEGACION_WALL_VENDOR","城壁下の商人","北門が開けば客が増える。
増えるのが客だけなら、ありがたいんだがね。","","種別=会話; 行=1/2; 参照=abyss_legacion_wall_vendor:actions[0]; event=abyss_legacion_wall_vendor; actions=[CONV(value=""ABYSS_LEGACION_WALL_VENDOR"")]"
"ABYSS_LEGACION_WALL_VENDOR","城壁下の商人","夢幻回廊から戻る連中は、影の数が合わない。
勘定は日が差す場所でやることにしてる。","","種別=会話; 行=2/2; 参照=abyss_legacion_wall_vendor:actions[0]; event=abyss_legacion_wall_vendor; actions=[CONV(value=""ABYSS_LEGACION_WALL_VENDOR"")]"
"ABYSS_LEGACION_AUDIENCE","深淵皇帝家の末裔","二層の結界を越えた者よ。
我らの都へ、失われた道を繋いでくれたことに礼を言う。","","種別=会話; 行=1/3; 参照=abyss_legacion_audience:actions[0]; event=abyss_legacion_audience; actions=[CONV(value=""ABYSS_LEGACION_AUDIENCE"") -> FLAG(key=""abyssLegacionNorthGateOpen"")]"
"ABYSS_LEGACION_AUDIENCE","深淵皇帝家の末裔","北門の先に、夢幻回廊リドパルムがある。
深淵王へ至る者だけが通れるよう、いま門を開こう。","","種別=会話; 行=2/3; 参照=abyss_legacion_audience:actions[0]; event=abyss_legacion_audience; actions=[CONV(value=""ABYSS_LEGACION_AUDIENCE"") -> FLAG(key=""abyssLegacionNorthGateOpen"")]"
"ABYSS_LEGACION_AUDIENCE","システム","レガシオンの北門が開いた。","","種別=会話; 行=3/3; 参照=abyss_legacion_audience:actions[0]; event=abyss_legacion_audience; actions=[CONV(value=""ABYSS_LEGACION_AUDIENCE"") -> FLAG(key=""abyssLegacionNorthGateOpen"")]"
"ABYSS_LEGACION_PRIEST","レガシオンの神官","あなたたちには、強い属性の加護が幾重にも重なっているようですね。","","種別=会話; 行=1/2; 参照=abyss_legacion_priest:actions[0]; event=abyss_legacion_priest; actions=[CONV(value=""ABYSS_LEGACION_PRIEST"") -> FLAG(key=""abyssSpiritPrismKnown"")]"
"ABYSS_LEGACION_PRIEST","レガシオンの神官","もしや、プリズムに宿る声も聞こえるのではありませんか。
地上で救った六属性のプリズムを訪ねれば、それぞれの大精霊が応えるかもしれません。","","種別=会話; 行=2/2; 参照=abyss_legacion_priest:actions[0]; event=abyss_legacion_priest; actions=[CONV(value=""ABYSS_LEGACION_PRIEST"") -> FLAG(key=""abyssSpiritPrismKnown"")]"
"ABYSS_LEGACION_PRISON","システム","地下牢には壊れた鎖と空の檻だけが残っている。
奥の壁から、地下神殿へ続く重い魔力が伝わってくる。","","種別=会話; 行=1/1; 参照=abyss_legacion_prison:actions[0]; event=abyss_legacion_prison; actions=[CONV(value=""ABYSS_LEGACION_PRISON"")]"
"ABYSS_LEGACION_PRISON_MOTHER","牢前に座る母","息子は罪人じゃない。
城壁の外に朝があると言っただけ。","","種別=会話; 行=1/2; 参照=abyss_legacion_prison_mother:actions[0]; event=abyss_legacion_prison_mother; actions=[CONV(value=""ABYSS_LEGACION_PRISON_MOTHER"")]"
"ABYSS_LEGACION_PRISON_MOTHER","牢前に座る母","檻は空なのに、あの子は帰らない。
だから私だけでも、ここで待つ。","","種別=会話; 行=2/2; 参照=abyss_legacion_prison_mother:actions[0]; event=abyss_legacion_prison_mother; actions=[CONV(value=""ABYSS_LEGACION_PRISON_MOTHER"")]"
"ABYSS_LEGACION_PRISON_GUARD","老いた牢番","鍵はもう掛けていない。
だが、開いた扉を怖がって出ない者もいた。","","種別=会話; 行=1/2; 参照=abyss_legacion_prison_guard:actions[0]; event=abyss_legacion_prison_guard; actions=[CONV(value=""ABYSS_LEGACION_PRISON_GUARD"")]"
"ABYSS_LEGACION_PRISON_GUARD","老いた牢番","牢は鉄で作るとは限らん。
長く務めて、ようやく知った。","","種別=会話; 行=2/2; 参照=abyss_legacion_prison_guard:actions[0]; event=abyss_legacion_prison_guard; actions=[CONV(value=""ABYSS_LEGACION_PRISON_GUARD"")]"
"ABYSS_LEGACION_TEMPLE_ACOLYTE","地下神殿の侍祭","祈りは上へ届くものだと思っていました。
ここでは、唱えるほど下から返事が来る。","","種別=会話; 行=1/2; 参照=abyss_legacion_temple_acolyte:actions[0]; event=abyss_legacion_temple_acolyte; actions=[CONV(value=""ABYSS_LEGACION_TEMPLE_ACOLYTE"")]"
"ABYSS_LEGACION_TEMPLE_ACOLYTE","地下神殿の侍祭","だから声にせず、灯だけを供えています。","","種別=会話; 行=2/2; 参照=abyss_legacion_temple_acolyte:actions[0]; event=abyss_legacion_temple_acolyte; actions=[CONV(value=""ABYSS_LEGACION_TEMPLE_ACOLYTE"")]"
"ABYSS_LEGACION_GALLERY_PAGE","上層回廊の小姓","西塔の鐘は過去を、東塔の鏡は未来を見るそうです。","","種別=会話; 行=1/2; 参照=abyss_legacion_gallery_page:actions[0]; event=abyss_legacion_gallery_page; actions=[CONV(value=""ABYSS_LEGACION_GALLERY_PAGE"")]"
"ABYSS_LEGACION_GALLERY_PAGE","上層回廊の小姓","今を見張る者がいないので、僕がここに立っています。","","種別=会話; 行=2/2; 参照=abyss_legacion_gallery_page:actions[0]; event=abyss_legacion_gallery_page; actions=[CONV(value=""ABYSS_LEGACION_GALLERY_PAGE"")]"
"ABYSS_LEGACION_ARCHIVIST","城の記録官","プリズム崩壊の夜、王国は消えたのではない。
土地も人も、儀式の影へ落ちた。","","種別=会話; 行=1/2; 参照=abyss_legacion_archivist:actions[0]; event=abyss_legacion_archivist; actions=[CONV(value=""ABYSS_LEGACION_ARCHIVIST"")]"
"ABYSS_LEGACION_ARCHIVIST","城の記録官","その記録を禁書にした者たちも、いまは同じ影の中だ。","","種別=会話; 行=2/2; 参照=abyss_legacion_archivist:actions[0]; event=abyss_legacion_archivist; actions=[CONV(value=""ABYSS_LEGACION_ARCHIVIST"")]"
"ABYSS_LEGACION_WEST_SENTRY","西塔の衛兵","氷の森が青く光る夜は、城壁まで冷える。
毛布を二枚、見張り台へ持ち込むんだ。","","種別=会話; 行=1/2; 参照=abyss_legacion_west_sentry:actions[0]; event=abyss_legacion_west_sentry; actions=[CONV(value=""ABYSS_LEGACION_WEST_SENTRY"")]"
"ABYSS_LEGACION_WEST_SENTRY","西塔の衛兵","規則では一枚だ。
二枚目は、帰らない相棒の分ということにしている。","","種別=会話; 行=2/2; 参照=abyss_legacion_west_sentry:actions[0]; event=abyss_legacion_west_sentry; actions=[CONV(value=""ABYSS_LEGACION_WEST_SENTRY"")]"
"ABYSS_LEGACION_EAST_OBSERVER","東塔の観測士","煉獄山脈の火は、星の代わりになる。
揺れ方で、明日の風向きも分かる。","","種別=会話; 行=1/2; 参照=abyss_legacion_east_observer:actions[0]; event=abyss_legacion_east_observer; actions=[CONV(value=""ABYSS_LEGACION_EAST_OBSERVER"")]"
"ABYSS_LEGACION_EAST_OBSERVER","東塔の観測士","本物の星か。
一度でいいから、動かない光を見てみたい。","","種別=会話; 行=2/2; 参照=abyss_legacion_east_observer:actions[0]; event=abyss_legacion_east_observer; actions=[CONV(value=""ABYSS_LEGACION_EAST_OBSERVER"")]"
"LOG:game_start_retry:winActions[6]","システムログ","","","種別=ストーリーイベントLOG; path=winActions[6]; event=game_start_retry; actions=[CONV(value=""BATTLE_RETRY_TALK"") -> TEMP_LB_START(value=99,id=""game_start_retry_lb99"") -> HEAL -> BOSS(battleBg=""battle_bg_first"",value=[100001,100001])]; winActions=[TEMP_LB_CLEAR(id=""game_start_retry_lb99"") -> STEP(value=0) -> SUB(value=1) -> HEAL -> CONV(value=""GAME_START_2"") -> SUB(value=2) -> LOG(value="""")]"
"LOG:start_adventure:actions[5]","システムログ","","","種別=ストーリーイベントLOG; path=actions[5]; event=start_adventure; actions=[CONV(value=""PROLOGUE"") -> ALLY(value=109) -> ALLY(value=110) -> STEP(value=1) -> SUB(value=1) -> LOG(value="""")]"
"LOG:start_cave2:actions[1].no[0]","システムログ","準備ができたらもう一度話しかけよう","","種別=ストーリーイベントLOG; path=actions[1].no[0]; event=start_cave2; actions=[CONV(value=""START_CAVE2"") -> CHOICE(text=""封鎖を解いて、洞穴の奥へ進みますか？""){yes:[CONV(value=""START_CAVE3"") -> MAP_CHANGE(value=""START_CAVE_GATE_OPEN"") -> SUB(value=2)]}{no:[LOG(value=""準備ができたらもう一度話しかけよう"")]}]"
"LOG:start_boss_clear:actions[3]","システムログ","巨大な化け物を打ち倒した…！","","種別=ストーリーイベントLOG; path=actions[3]; event=start_boss_clear; actions=[CONV(value=""START_DUNGEON_CLEAR"") -> STEP(value=2) -> SUB(value=0) -> LOG(value=""巨大な化け物を打ち倒した…！"")]"
"LOG:big_tower_clear:actions[5]","システムログ","光の神殿を覆う結界が消えた。","","種別=ストーリーイベントLOG; path=actions[5]; event=big_tower_clear; actions=[CONV(value=""LIGHTHOUSE_CLEAR"") -> FLAG(key=""lighthouseCleared"") -> FLAG(key=""bigTowerCleared"") -> STEP(value=7) -> SUB(value=0) -> LOG(value=""光の神殿を覆う結界が消えた。"")]"
"LOG:light_palace_overpower_clear:actions[4]","システムログ","地下牢に囚われた人々の様子を確かめよう。","","種別=ストーリーイベントLOG; path=actions[4]; event=light_palace_overpower_clear; actions=[CONV(value=""LIGHT_PALACE_OVERPOWER_CLEAR"") -> FLAG(key=""lightPalaceCleared"",refreshField=true) -> STEP(value=8) -> SUB(value=0) -> LOG(value=""地下牢に囚われた人々の様子を確かめよう。"")]"
"LOG:light_palace_clear:actions[4]","システムログ","地下牢に囚われた人々の様子を確かめよう。","","種別=ストーリーイベントLOG; path=actions[4]; event=light_palace_clear; actions=[CONV(value=""LIGHT_PALACE_CLEAR"") -> FLAG(key=""lightPalaceCleared"",refreshField=true) -> STEP(value=8) -> SUB(value=0) -> LOG(value=""地下牢に囚われた人々の様子を確かめよう。"")]"
"LOG:dark_castle_clear:actions[6]","システムログ","闇の加護を得た。世界の中心の亀裂へ向かおう。","","種別=ストーリーイベントLOG; path=actions[6]; event=dark_castle_clear; actions=[CONV(value=""DARK_CASTLE_CLEAR"") -> ALLY(value=306) -> FLAG(key=""darkCastleCleared"") -> FLAG(key=""prismBlessingsComplete"") -> STEP(value=9) -> SUB(value=0) -> LOG(value=""闇の加護を得た。世界の中心の亀裂へ向かおう。"")]"
"LOG:quest_fire_holy_water_clear:actions[4]","システムログ","妖精の聖水を得た。イグナ火山へ戻ろう。","","種別=ストーリーイベントLOG; path=actions[4]; event=quest_fire_holy_water_clear; actions=[CONV(value=""FOREST_HOLY_WATER_CLEAR"") -> FLAG(key=""forestHolyWaterObtained"") -> ITEM(id=301,count=1) -> SUB(value=5) -> LOG(value=""妖精の聖水を得た。イグナ火山へ戻ろう。"")]"
"LOG:quest_water_blue_crystal_clear:actions[4]","システムログ","青の結晶を得た。水上都市のソフィアへ届けよう。","","種別=ストーリーイベントLOG; path=actions[4]; event=quest_water_blue_crystal_clear; actions=[CONV(value=""CRENA_BLUE_CRYSTAL_CLEAR"") -> FLAG(key=""blueCrystalObtained"") -> ITEM(id=302,count=1) -> SUB(value=2) -> LOG(value=""青の結晶を得た。水上都市のソフィアへ届けよう。"")]"
"LOG:fire_village_consult:actions[4]","システムログ","イグナ火山の異変を調査することになった。","","種別=ストーリーイベントLOG; path=actions[4]; event=fire_village_consult; actions=[CONV(value=""FIRE_VILLAGE_CONSULT"") -> FLAG(key=""fireVillageConsulted"") -> STEP(value=2) -> SUB(value=2) -> LOG(value=""イグナ火山の異変を調査することになった。"")]"
"LOG:fire_village_holy_water_briefing:actions[3]","システムログ","森の風穴で、妖精の泉を探そう。","","種別=ストーリーイベントLOG; path=actions[3]; event=fire_village_holy_water_briefing; actions=[CONV(value=""FIRE_VILLAGE_HOLY_WATER_BRIEFING"") -> FLAG(key=""windHoleRouteKnown"") -> SUB(value=4) -> LOG(value=""森の風穴で、妖精の泉を探そう。"")]"
"LOG:fire_volcano_glad_clear:actions[4]","システムログ","火のプリズムに炎の力が戻った。炎の里へ報告しよう。","","種別=ストーリーイベントLOG; path=actions[4]; event=fire_volcano_glad_clear; actions=[CONV(value=""FIRE_VOLCANO_CLEAR"") -> FLAG(key=""firePrismRestored"") -> STEP(value=2) -> SUB(value=7) -> LOG(value=""火のプリズムに炎の力が戻った。炎の里へ報告しよう。"")]"
"LOG:fire_village_report:actions[6]","システムログ","鍛冶機能が解放された。北の風の集落へ向かおう。","","種別=ストーリーイベントLOG; path=actions[6]; event=fire_village_report; actions=[CONV(value=""FIRE_VILLAGE_REPORT"") -> ALLY(value=105) -> UNLOCK(value=""smith"") -> FLAG(key=""fireVillageCleared"") -> STEP(value=3) -> SUB(value=0) -> LOG(value=""鍛冶機能が解放された。北の風の集落へ向かおう。"")]"
"LOG:wind_village_intro:actions[5]","システムログ","エリーゼが同行した。禁忌の森へ向かおう。","","種別=ストーリーイベントLOG; path=actions[5]; event=wind_village_intro; actions=[CONV(value=""WIND_VILLAGE_INTRO"") -> ALLY(value=106) -> FLAG(key=""eliseJoinedAtWindVillage"") -> STEP(value=3) -> SUB(value=1) -> LOG(value=""エリーゼが同行した。禁忌の森へ向かおう。"")]"
"LOG:wind_forest_guardians_clear:actions[5]","システムログ","森の守護者が金の鍵を託した。森の奥にある風の神殿の石門へ向かおう。","","種別=ストーリーイベントLOG; path=actions[5]; event=wind_forest_guardians_clear; actions=[CONV(value=""WIND_FOREST_GUARDIANS_CLEAR"") -> HEAL -> FLAG(key=""windForestCleansed"") -> STEP(value=3) -> SUB(value=2) -> LOG(value=""森の守護者が金の鍵を託した。森の奥にある風の神殿の石門へ向かおう。"")]"
"LOG:wind_temple_clear:actions[5]","システムログ","風のプリズムに聖なる風が戻った。西の水上都市へ向かおう。","","種別=ストーリーイベントLOG; path=actions[5]; event=wind_temple_clear; actions=[CONV(value=""WIND_TEMPLE_CLEAR"") -> ALLY(value=106) -> FLAG(key=""windVillageCleared"") -> STEP(value=4) -> SUB(value=0) -> LOG(value=""風のプリズムに聖なる風が戻った。西の水上都市へ向かおう。"")]"
"LOG:water_city_sophia:actions[7]","システムログ","クレナ鍾乳洞で青の結晶を探そう。","","種別=ストーリーイベントLOG; path=actions[7]; event=water_city_sophia; actions=[FLAG(key=""waterCityIntroCleared"",refreshField=true) -> CONV(value=""WATER_CITY_SOPHIA"") -> ALLY(value=104) -> FLAG(key=""kateJoinedAtWaterCity"") -> STEP(value=4) -> SUB(value=1) -> FLAG(key=""crenaRouteKnown"") -> LOG(value=""クレナ鍾乳洞で青の結晶を探そう。"")]"
"LOG:water_city_blue_crystal_report:actions[3]","システムログ","青の結晶が水の道を開いた。海底神殿へ向かおう。","","種別=ストーリーイベントLOG; path=actions[3]; event=water_city_blue_crystal_report; actions=[CONV(value=""WATER_CITY_BLUE_CRYSTAL_REPORT"") -> FLAG(key=""seabedTempleRouteOpened"") -> SUB(value=3) -> LOG(value=""青の結晶が水の道を開いた。海底神殿へ向かおう。"")]"
"LOG:sea_temple_gate_clear:actions[2]","システムログ","鍵束を入手した。海底神殿の水門へ進もう。","","種別=ストーリーイベントLOG; path=actions[2]; event=sea_temple_gate_clear; actions=[CONV(value=""SEABED_TEMPLE_GATE_CLEAR"") -> FLAG(key=""seabedTempleGateCleared"") -> LOG(value=""鍵束を入手した。海底神殿の水門へ進もう。"")]"
"LOG:water_temple_clear:actions[8]","システムログ","魔法の小舟を手に入れた。雷の要塞へ向かおう。","","種別=ストーリーイベントLOG; path=actions[8]; event=water_temple_clear; actions=[CONV(value=""SEABED_TEMPLE_CLEAR"") -> ALLY(value=104) -> ITEM(id=108,count=1) -> UNLOCK(value=""boat"") -> FLAG(key=""hasShip"") -> FLAG(key=""waterCityCleared"") -> STEP(value=5) -> SUB(value=0) -> LOG(value=""魔法の小舟を手に入れた。雷の要塞へ向かおう。"")]"
"LOG:abyss_floor_100_clear:actions[4]","システムログ","深淵王を退けた。一度地上へ戻り、仲間たちと息を整えよう。","","種別=ストーリーイベントLOG; path=actions[4]; event=abyss_floor_100_clear; actions=[CONV(value=""ABYSS_FLOOR_100_CLEAR"") -> FLAG(key=""abyssFloor100Cleared"") -> STEP(value=10) -> SUB(value=1) -> LOG(value=""深淵王を退けた。一度地上へ戻り、仲間たちと息を整えよう。"")]"
"LOG:abyss_floor_100_epilogue:actions[4]","システムログ","終焉の祭壇へ至る道を探し、深淵王の影を断とう。","","種別=ストーリーイベントLOG; path=actions[4]; event=abyss_floor_100_epilogue; actions=[CONV(value=""ABYSS_FLOOR_100_EPILOGUE"") -> FLAG(key=""abyssFloor100EpilogueCleared"") -> STEP(value=10) -> SUB(value=2) -> LOG(value=""終焉の祭壇へ至る道を探し、深淵王の影を断とう。"")]"
"LOG:thunder_veld_forced_loss:actions[7]","システムログ","結界を解くため、大灯台へ向かおう。","","種別=ストーリーイベントLOG; path=actions[7]; event=thunder_veld_forced_loss; meta={restartOnResume=true,skipAutoPostBattleBossSprite=true}; actions=[CONV(value=""THUNDER_VELD_OVERPOWER"") -> STORY_DEFEAT(log=""圧倒的な光の奔流に呑まれ、パーティは全滅した……。"",normalWipeout=true,cleanupFieldVisualOnBlackout=true,removeFieldVisualIds=[""field-visual-veld-overpower""]) -> CONV(value=""THUNDER_VELD_LOSS"") -> ALLY(value=101) -> FLAG(key=""thunderFortCleared"") -> STEP(value=6) -> SUB(value=0) -> LOG(value=""結界を解くため、大灯台へ向かおう。"")]"
"LOG:thunder_veld_loss:actions[7]","システムログ","ジョセフが同行した。大灯台へ向かおう。","","種別=ストーリーイベントLOG; path=actions[7]; event=thunder_veld_loss; meta={restartOnResume=true,skipAutoPostBattleBossSprite=true}; actions=[CONV(value=""THUNDER_VELD_OVERPOWER"") -> STORY_DEFEAT(log=""圧倒的な光の奔流に呑まれ、パーティは全滅した……。"",normalWipeout=true,cleanupFieldVisualOnBlackout=true,removeFieldVisualIds=[""field-visual-veld-overpower""]) -> CONV(value=""THUNDER_VELD_LOSS"") -> ALLY(value=101) -> FLAG(key=""thunderFortCleared"") -> STEP(value=6) -> SUB(value=0) -> LOG(value=""ジョセフが同行した。大灯台へ向かおう。"")]"
"LOG:abyss_azelgarag_clear:actions[8]","システムログ","深淵王を倒し、リュシオンから光の翼を授かった。終焉の祭壇には、なお深い亀裂が残っている。","","種別=ストーリーイベントLOG; path=actions[8]; event=abyss_azelgarag_clear; actions=[CONV(value=""ABYSS_AZELGARAG_CLEAR"") -> FLAG(key=""abyssAzelgaragDefeated"") -> FLAG(key=""abyssEpilogueSeen"") -> IF_ITEM(id=109,count=1){then:[]}{else:[ITEM(id=109,count=1)]} -> UNLOCK(value=""wing"") -> CREDITS(title=""深淵世界編　完"",lines=[""企画・シナリオ　Yuzora-Yu"",""制作　RPG-TEST"",""最果ての地カルメナ"",""深淵都市ビスタ"",""混沌魔城レガシオン"",""そして、まだ見ぬ深淵へ""]) -> STEP(value=10) -> SUB(value=2) -> LOG(value=""深淵王を倒し、リュシオンから光の翼を授かった。終焉の祭壇には、なお深い亀裂が残っている。"")]"
"APPLOG:battle.js:L560","システムログ","戦えるメンバーがいません！","","種別=直接App.log; source=battle.js:560; property=init; code=App.log(""戦えるメンバーがいません！"")"
"APPLOG:dungeon.js:L381","システムログ","終焉の祭壇の亀裂は、まだ見つかっていない。","","種別=直接App.log; source=dungeon.js:381; property=startFromMenu; code=App.log('終焉の祭壇の亀裂は、まだ見つかっていない。')"
"APPLOG:dungeon.js:L396","システムログ","終焉の祭壇の亀裂は、まだ見つかっていない。","","種別=直接App.log; source=dungeon.js:396; property=enter; code=App.log('終焉の祭壇の亀裂は、まだ見つかっていない。')"
"APPLOG:dungeon.js:L415","システムログ","終焉の祭壇の亀裂は、まだ見つかっていない。","","種別=直接App.log; source=dungeon.js:415; property=start; code=App.log('終焉の祭壇の亀裂は、まだ見つかっていない。')"
"APPLOG:dungeon.js:L497","システムログ","${challenge.themeLabel || '変異'}の依頼迷宮へ入った。","","種別=直接App.log; source=dungeon.js:497; property=startGuildQuestRun; code=App.log(`${challenge.themeLabel || '変異'}の依頼迷宮へ入った。`)"
"APPLOG:dungeon.js:L599","システムログ","<span style=""color:#ffd78a;"">${label}の鍵は既に持っている。</span>","","種別=直接App.log; source=dungeon.js:599; property=grantDungeonKey; code=App.log(`<span style=""color:#ffd78a;"">${label}の鍵は既に持っている。</span>`)"
"APPLOG:dungeon.js:L605","システムログ","<span style=""color:#ffd78a;"">${label}の鍵を手に入れた！</span>","","種別=直接App.log; source=dungeon.js:605; property=grantDungeonKey; code=App.log(`<span style=""color:#ffd78a;"">${label}の鍵を手に入れた！</span>`)"
"APPLOG:dungeon.js:L665","システムログ","<span style=""color:#ff9a9a;"">${label}の扉だ。同じ色の鍵が必要だ。</span>","","種別=直接App.log; source=dungeon.js:665; property=unlockDoorAt; code=App.log(`<span style=""color:#ff9a9a;"">${label}の扉だ。同じ色の鍵が必要だ。</span>`)"
"APPLOG:dungeon.js:L677","システムログ","<span style=""color:#ffd78a;"">${label}の鍵で扉を開けた。</span>","","種別=直接App.log; source=dungeon.js:677; property=unlockDoorAt; code=App.log(`<span style=""color:#ffd78a;"">${label}の鍵で扉を開けた。</span>`)"
"APPLOG:dungeon.js:L731","システムログ","<span style=""color:#ffd78a;"">${label}の鍵を守る魔物が立ちはだかった！</span>","","種別=直接App.log; source=dungeon.js:731; property=startKeyGuardianBattle; code=App.log(`<span style=""color:#ffd78a;"">${label}の鍵を守る魔物が立ちはだかった！</span>`)"
"APPLOG:dungeon.js:L769","システムログ","宝箱の中で何かが蠢いたが、姿を現さなかった…。","","種別=直接App.log; source=dungeon.js:769; property=startChestTrapBattle; code=App.log('宝箱の中で何かが蠢いたが、姿を現さなかった…。')"
"APPLOG:dungeon.js:L780","システムログ","宝箱を開けた！<br><span style=""color:#ff8a72;font-weight:bold;"">${monster.name}</span> が襲いかかってきた！","","種別=直接App.log; source=dungeon.js:780; property=startChestTrapBattle; code=App.log(`宝箱を開けた！<br><span style=""color:#ff8a72;font-weight:bold;"">${monster.name}</span> が襲いかかってきた！`)"
"APPLOG:dungeon.js:L877","システムログ","${nextDef.displayName || nextDef.name}へ移動した。","","種別=直接App.log; source=dungeon.js:877; property=changeFixedFloor; code=App.log(`${nextDef.displayName || nextDef.name}へ移動した。`)"
"APPLOG:dungeon.js:L1085","システムログ","${name}は、こちらの出方を窺っている。","","種別=直接App.log; source=dungeon.js:1085; property=confirmFixedBossChallenge; code=App.log(`${name}は、こちらの出方を窺っている。`)"
"APPLOG:dungeon.js:L1467","システムログ","${areaDef.displayName || areaDef.name}に入った。","","種別=直接App.log; source=dungeon.js:1467; property=startFixed; code=App.log(`${areaDef.displayName || areaDef.name}に入った。`)"
"APPLOG:dungeon.js:L1473","システムログ","物語深淵は100階で踏破済みです。メニューから帰還し、ランダム深淵へ挑戦してください。","","種別=直接App.log; source=dungeon.js:1473; property=nextFloor; code=App.log('物語深淵は100階で踏破済みです。メニューから帰還し、ランダム深淵へ挑戦してください。')"
"APPLOG:dungeon.js:L1483","システムログ","依頼迷宮の出口が開いた。","","種別=直接App.log; source=dungeon.js:1483; property=nextFloor; code=App.log('依頼迷宮の出口が開いた。')"
"APPLOG:dungeon.js:L1575","システムログ","地下 ${Dungeon.floor} 階の冒険を再開します。","","種別=直接App.log; source=dungeon.js:1575; property=loadFloor; code=App.log(`地下 ${Dungeon.floor} 階の冒険を再開します。`)"
"APPLOG:dungeon.js:L1751","システムログ","<span style='color:#f88;'>帰還先が不安定だったため、安全な場所へ移動しました。</span>","","種別=直接App.log; source=dungeon.js:1751; property=exit; code=App.log(""<span style='color:#f88;'>帰還先が不安定だったため、安全な場所へ移動しました。</span>"")"
"APPLOG:dungeon.js:L1795","システムログ","命からがら逃げ出した……","","種別=直接App.log; source=dungeon.js:1795; property=exit; code=App.log(""命からがら逃げ出した……"")"
"APPLOG:dungeon.js:L1797","システムログ","依頼迷宮を攻略し、帰還した。","","種別=直接App.log; source=dungeon.js:1797; property=exit; code=App.log('依頼迷宮を攻略し、帰還した。')"
"APPLOG:dungeon.js:L1799","システムログ","依頼迷宮から撤退した。依頼は再挑戦できる。","","種別=直接App.log; source=dungeon.js:1799; property=exit; code=App.log('依頼迷宮から撤退した。依頼は再挑戦できる。')"
"APPLOG:dungeon.js:L1801","システムログ","ダンジョンから脱出した","","種別=直接App.log; source=dungeon.js:1801; property=exit; code=App.log(""ダンジョンから脱出した"")"
"APPLOG:dungeon.js:L2065","システムログ","ボスの気配が立ちはだかっている。","","種別=直接App.log; source=dungeon.js:2065; property=prepareAbyssBossTileAction; code=App.log(""ボスの気配が立ちはだかっている。"")"
"APPLOG:dungeon.js:L2139","システムログ","<span style=""color:#80ffb0;"">清らかな泉が湧いている。</span>","","種別=直接App.log; source=dungeon.js:2139; property=handleMove; code=App.log('<span style=""color:#80ffb0;"">清らかな泉が湧いている。</span>')"
"APPLOG:dungeon.js:L2176","システムログ","階段がある。","","種別=直接App.log; source=dungeon.js:2176; property=handleMove; code=App.log(""階段がある。"")"
"APPLOG:dungeon.js:L2193","システムログ","ボスの気配が…","","種別=直接App.log; source=dungeon.js:2193; property=handleMove; code=App.log(""ボスの気配が…"")"
"APPLOG:dungeon.js:L2292","システムログ","中身を取得できなかった。宝箱はまだ開いていない。","","種別=直接App.log; source=dungeon.js:2292; property=openChest; code=App.log('中身を取得できなかった。宝箱はまだ開いていない。')"
"APPLOG:dungeon.js:L2299","システムログ","<span style=""color:#ffd700;"">${item.name}</span> を手に入れた！","","種別=直接App.log; source=dungeon.js:2299; property=openChest; code=App.log(`<span style=""color:#ffd700;"">${item.name}</span> を手に入れた！`)"
"APPLOG:dungeon.js:L2400","システムログ","宝箱を開けた！<br>なんと <span style=""color:#ffff00;""> ${it.name} </span>を手に入れた！","","種別=直接App.log; source=dungeon.js:2400; property=openChest; code=App.log(`宝箱を開けた！<br>なんと <span style=""color:#ffff00;""> ${it.name} </span>を手に入れた！`)"
"APPLOG:dungeon.js:L2443","システムログ","宝箱を開けた！<br>中身は空だった…。","","種別=直接App.log; source=dungeon.js:2443; property=openChest; code=App.log('宝箱を開けた！<br>中身は空だった…。')"
"APPLOG:dungeon.js:L2460","システムログ","宝箱を開けた！<br>${msg} を手に入れた！","","種別=直接App.log; source=dungeon.js:2460; property=openChest; code=App.log(`宝箱を開けた！<br>${msg} を手に入れた！`)"
"APPLOG:dungeon.js:L2541","システムログ","<span style=""color:#80ffb0;"">清らかな泉の力で、HPとMPが全回復した！</span>","","種別=直接App.log; source=dungeon.js:2541; property=useHealSpring; code=App.log('<span style=""color:#80ffb0;"">清らかな泉の力で、HPとMPが全回復した！</span>')"
"APPLOG:dungeon.js:L2599","システムログ","<span style=""color:#ff8a5c;"">溶岩の熱でダメージを受けた！</span>","","種別=直接App.log; source=dungeon.js:2599; property=stepOnLava; code=App.log('<span style=""color:#ff8a5c;"">溶岩の熱でダメージを受けた！</span>')"
"APPLOG:dungeon.js:L2625","システムログ","<span style=""color:#88ff66;"">${message}</span>","","種別=直接App.log; source=dungeon.js:2625; property=damagePartyByFloorEffect; code=App.log(`<span style=""color:#88ff66;"">${message}</span>`)"
"APPLOG:dungeon.js:L2917","システムログ","天使は静かに目を伏せた。","","種別=直接App.log; source=dungeon.js:2917; property=startAngelTrial; code=App.log('天使は静かに目を伏せた。')"
"APPLOG:dungeon.js:L2930","システムログ","天使の羽が黒く染まった。","","種別=直接App.log; source=dungeon.js:2930; property=startAngelTrial; code=App.log('天使の羽が黒く染まった。')"
"MAPLOG:dungeon.js:L3335:log","試練の天使と話す","試練の天使が静かに待っている。","","種別=マップログ; source=dungeon.js:3335; property=log; context={type=""angel"",label=""試練の天使と話す""}; variable=angel"
"APPLOG:dungeon.js:L3499","システムログ","こんなところで会うなんて、これも何かの縁だ。<br>${rewardText}","","種別=直接App.log; source=dungeon.js:3499; property=encounterAdventurer; code=App.log(`こんなところで会うなんて、これも何かの縁だ。<br>${rewardText}`)"
"APPLOG:dungeon.js:L3507","システムログ","<span style=""color:#ffd700;"">${rewardText}</span>","","種別=直接App.log; source=dungeon.js:3507; property=encounterAdventurer; code=App.log(`<span style=""color:#ffd700;"">${rewardText}</span>`)"
"APPLOG:dungeon.js:L3626","システムログ","<span style=""color:#c78cff;"">亀裂の根源を打ち破った！</span>","","種別=直接App.log; source=dungeon.js:3626; property=completeAbyssRift; code=App.log('<span style=""color:#c78cff;"">亀裂の根源を打ち破った！</span>')"
"APPLOG:dungeon.js:L3652","システムログ","亀裂の根源を打ち破った！<br>根源が消滅し、その跡から輝く装備を見つけた！！<br>${itemName}を手に入れた！","","種別=直接App.log; source=dungeon.js:3652; property=resumePendingRiftReward; code=App.log(`亀裂の根源を打ち破った！<br>根源が消滅し、その跡から輝く装備を見つけた！！<br>${itemName}を手に入れた！`)"
"APPLOG:dungeon.js:L3655","システムログ","<span style=""color:#ffd700;"">${itemName}を手に入れた！</span>","","種別=直接App.log; source=dungeon.js:3655; property=resumePendingRiftReward; code=App.log(`<span style=""color:#ffd700;"">${itemName}を手に入れた！</span>`)"
"APPLOG:dungeon.js:L5268","システムログ","<span style=""color:#80ffb0;"">依頼迷宮の討伐目標を達成した！</span>","","種別=直接App.log; source=dungeon.js:5268; property=onBossDefeated; code=App.log('<span style=""color:#80ffb0;"">依頼迷宮の討伐目標を達成した！</span>')"
"APPLOG:dungeon.js:L5282","システムログ","地下 ${Dungeon.floor} 階ボス撃破！ボスの気配が消えた...","","種別=直接App.log; source=dungeon.js:5282; property=onBossDefeated; code=App.log(`地下 ${Dungeon.floor} 階ボス撃破！ボスの気配が消えた...`)"
"APPLOG:dungeon.js:L5403","システムログ","<span style=""color:#80ffb0;"">物語深淵を踏破した！ ランダム深淵が解放されます。</span>","","種別=直接App.log; source=dungeon.js:5403; property=onBossDefeated; code=App.log('<span style=""color:#80ffb0;"">物語深淵を踏破した！ ランダム深淵が解放されます。</span>')"
"APPLOG:dungeon.js:L5405","システムログ","<span style=""color:#80ffb0;"">階段が現れた！</span>","","種別=直接App.log; source=dungeon.js:5405; property=onBossDefeated; code=App.log('<span style=""color:#80ffb0;"">階段が現れた！</span>')"
"APPLOG:main.js:L112","システムログ","${this.name}は力尽きた！","","種別=直接App.log; source=main.js:112; method=takeDamage; code=App.log(`${this.name}は力尽きた！`)"
"APPLOG:main.js:L1682","システムログ","冒険を開始します。","","種別=直接App.log; source=main.js:1682; property=startGameLogic; code=App.log(""冒険を開始します。"")"
"APPLOG:main.js:L2195","システムログ","${entry.name}を発見した！","","種別=直接App.log; source=main.js:2195; property=discoverFixedMap; code=App.log(`${entry.name}を発見した！`)"
"APPLOG:main.js:L2403","システムログ","ライザーク要塞1階、冒険者ギルド受付前へ移動した！","","種別=直接App.log; source=main.js:2403; property=travelToGuildReception; code=App.log?.('ライザーク要塞1階、冒険者ギルド受付前へ移動した！')"
"APPLOG:main.js:L2467","システムログ","光の翼で空へ舞い上がった！","","種別=直接App.log; source=main.js:2467; property=useLightWing; code=App.log(""光の翼で空へ舞い上がった！"")"
"APPLOG:main.js:L2475","システムログ","そこには降りることができない！","","種別=直接App.log; source=main.js:2475; property=tryLandFromFlight; code=App.log(""そこには降りることができない！"")"
"APPLOG:main.js:L2480","システムログ","地面に降り立った。","","種別=直接App.log; source=main.js:2480; property=tryLandFromFlight; code=App.log(""地面に降り立った。"")"
"APPLOG:main.js:L2494","システムログ","【システム解放】${App.getFeatureUnlockLabel(key)}が利用可能になった！","","種別=直接App.log; source=main.js:2494; property=unlockFeature; code=App.log(`【システム解放】${App.getFeatureUnlockLabel(key)}が利用可能になった！`)"
"APPLOG:main.js:L2534","システムログ","【仲間加入】${existing.name}がパーティに加わった！","","種別=直接App.log; source=main.js:2534; property=addStoryAlly; code=App.log(`【仲間加入】${existing.name}がパーティに加わった！`)"
"APPLOG:main.js:L3858","システムログ","試練の気配は静まっている。${requiredText}に到達した仲間をパーティに入れる必要がありそうだ。","","種別=直接App.log; source=main.js:3858; property=startLimitBreakTrial; code=App.log(`試練の気配は静まっている。${requiredText}に到達した仲間をパーティに入れる必要がありそうだ。`)"
"APPLOG:main.js:L3868","システムログ","試練への挑戦を見送った。","","種別=直接App.log; source=main.js:3868; property=startLimitBreakTrial; code=App.log('試練への挑戦を見送った。')"
"APPLOG:main.js:L3875","システムログ","${names}の前に、${trialName}の門が開いた！","","種別=直接App.log; source=main.js:3875; property=startLimitBreakTrial; code=App.log(`${names}の前に、${trialName}の門が開いた！`)"
"APPLOG:main.js:L4098","システムログ","足元を調べた。しかし、何も見つからなかった","","種別=直接App.log; source=main.js:4098; property=inspectCurrentTile; code=App.log(""足元を調べた。しかし、何も見つからなかった"")"
"APPLOG:main.js:L6286","システムログ","<span style='color:#88f;'>「警戒」により不意打ちを防いだ！</span>","","種別=直接App.log; source=main.js:6286; property=getEncounterFlags; code=App.log(""<span style='color:#88f;'>「警戒」により不意打ちを防いだ！</span>"")"
"APPLOG:main.js:L6291","システムログ","<span style='color:#8f8;'>「忍び足」により先制攻撃のチャンス！</span>","","種別=直接App.log; source=main.js:6291; property=getEncounterFlags; code=App.log(""<span style='color:#8f8;'>「忍び足」により先制攻撃のチャンス！</span>"")"
"APPLOG:main.js:L6546","システムログ","敵だ！","","種別=直接App.log; source=main.js:6546; property=tryRandomEncounter; code=App.log(""敵だ！"")"
"APPLOG:main.js:L6941","システムログ","属性が不均質に混ざり合っている…","","種別=直接App.log; source=main.js:6941; property=enterFixedMap; code=App.log('属性が不均質に混ざり合っている…')"
"APPLOG:main.js:L6977","システムログ","${areaDef.name}に入った","","種別=直接App.log; source=main.js:6977; property=enterFixedMap; code=App.log(`${areaDef.name}に入った`)"
"APPLOG:main.js:L8496","システムログ","冒険者がこちらに気づいた。","","種別=直接App.log; source=main.js:8496; property=prepareAdjacentDungeonAdventurerAction; code=App.log('冒険者がこちらに気づいた。')"
"APPLOG:main.js:L8926","システムログ","プリズムは沈黙している。","","種別=直接App.log; source=main.js:8926; property=executeMapAction; code=App.log('プリズムは沈黙している。')"
"APPLOG:main.js:L9305","システムログ","雷の要塞の東門は、内側から雷の結界で閉ざされている。西門側から制御炉を止めれば開きそうだ。","","種別=直接App.log; source=main.js:9305; property=refreshCurrentAction; code=App.log('雷の要塞の東門は、内側から雷の結界で閉ざされている。西門側から制御炉を止めれば開きそうだ。')"
"APPLOG:main.js:L9583","システムログ","冒険者が立っている。","","種別=直接App.log; source=main.js:9583; property=move; code=App.log('冒険者が立っている。')"
"APPLOG:main.js:L9623","システムログ","建物に遮られて進めない。","","種別=直接App.log; source=main.js:9623; property=move; code=App.log('建物に遮られて進めない。')"
"APPLOG:main.js:L9670","システムログ","フィールドへ出た","","種別=直接App.log; source=main.js:9670; property=move; code=App.log(""フィールドへ出た"")"
"APPLOG:main.js:L9732","システムログ","海は船がないと渡れない…","","種別=直接App.log; source=main.js:9732; property=move; code=App.log(""海は船がないと渡れない…"")"
"APPLOG:main.js:L9733","システムログ","魔法の小舟で海へ漕ぎ出した。","","種別=直接App.log; source=main.js:9733; property=move; code=App.log(""魔法の小舟で海へ漕ぎ出した。"")"
"APPLOG:main.js:L9738","システムログ","小舟を降りた。","","種別=直接App.log; source=main.js:9738; property=move; code=App.log(""小舟を降りた。"")"
"MAPLOG:map.js:L1642:lockedText","北門","北門は城内から閉ざされている。皇帝家の末裔との謁見が必要だ。","","種別=進行制限メッセージ; source=map.js:1642; property=lockedText; context={x=""43"",y=""19"",entryKey=""north"",label=""北門"",requiredFlag=""abyssLegacionNorthGateOpen""}; property=entrances"
"MAPLOG:map.js:L2559:log","宿に泊まる","黒曜石の壁に、淡い灯がともっている。","","種別=マップログ; source=map.js:2559; property=log; context={x=""10"",y=""20"",type=""inn"",label=""宿に泊まる""}; property=mapActions"
"MAPLOG:map.js:L2582:log","黒い泉から地上へ戻る","黒い水面の奥に、地上へ続く光が揺れている。","","種別=マップログ; source=map.js:2582; property=log; context={x=""19"",y=""26"",type=""returnPortal"",label=""黒い泉から地上へ戻る""}; property=mapActions"
"MAPLOG:map.js:L2588:log","マップログ","二将の背後で、北門が固く閉ざされている。","","種別=マップログ; source=map.js:2588; property=log; context={x=""19"",y=""2"",missingFlag=""abyssCarmenaGateCleared""}; property=blockingObjects"
"MAPLOG:map.js:L2618:lockedText","進行制限メッセージ","二将が門を守っている。","","種別=進行制限メッセージ; source=map.js:2618; property=lockedText; context={x=""19"",y=""0"",area=""ABYSS_WORLD"",worldKey=""ABYSS_WORLD"",requiredFlag=""abyssCarmenaGateCleared""}; property=worldExits"
"MAPLOG:map.js:L3151:lockedText","進行制限メッセージ","北門はまだ閉ざされている。","","種別=進行制限メッセージ; source=map.js:3151; property=lockedText; context={x=""24"",y=""0"",area=""ABYSS_WORLD"",worldKey=""ABYSS_WORLD"",requiredFlag=""abyssLegacionNorthGateOpen""}; property=worldExits"
"MAPLOG:map.js:L3348:log","西塔の頂を調べる","崩れた狭間から、城下町と閉ざされた南の荒野が見える。","","種別=マップログ; source=map.js:3348; property=log; context={x=""11"",y=""2"",type=""log"",label=""西塔の頂を調べる""}; property=mapActions"
"MAPLOG:map.js:L3429:log","東塔の頂を調べる","北の空に、夢幻回廊の輪郭だけが揺れている。","","種別=マップログ; source=map.js:3429; property=log; context={x=""11"",y=""2"",type=""log"",label=""東塔の頂を調べる""}; property=mapActions"
"MAPLOG:map.js:L3483:log","村人と話す","村人が、北東の穴を見つめている。","","種別=マップログ; source=map.js:3483; property=log; context={label=""村人と話す"",type=""storyEvent"",eventId=""town_start_villager_1_a""}; property=action"
"MAPLOG:map.js:L3506:log","村の若者と話す","若者が木剣を握りしめている。","","種別=マップログ; source=map.js:3506; property=log; context={label=""村の若者と話す"",type=""storyEvent"",eventId=""town_start_villager_2_a""}; property=action"
"MAPLOG:map.js:L3529:log","薬草摘みと話す","籠を抱えた女性が、葉についた泥を払っている。","","種別=マップログ; source=map.js:3529; property=log; context={label=""薬草摘みと話す"",type=""storyEvent"",eventId=""town_start_villager_3_a""}; property=action"
"MAPLOG:map.js:L3551:log","長老と話す","長老が旅人を待っている。","","種別=マップログ; source=map.js:3551; property=log; context={label=""長老と話す"",type=""log""}; property=action"
"MAPLOG:map.js:L3586:log","道具を買う","道具屋の看板が出ている。","","種別=マップログ; source=map.js:3586; property=log; context={x=""2"",y=""9"",label=""道具を買う"",type=""shop""}; property=mapActions"
"MAPLOG:map.js:L3596:log","武器を見る","簡素な武器が並んでいる。","","種別=マップログ; source=map.js:3596; property=log; context={x=""8"",y=""5"",label=""武器を見る"",type=""shop""}; property=mapActions"
"MAPLOG:map.js:L3606:log","防具を見る","旅支度用の防具が並んでいる。","","種別=マップログ; source=map.js:3606; property=log; context={x=""10"",y=""5"",label=""防具を見る"",type=""shop""}; property=mapActions"
"MAPLOG:map.js:L3616:log","洞穴に入る","北東の洞穴から冷たい風が吹いている。","","種別=マップログ; source=map.js:3616; property=log; context={x=""11"",y=""1"",label=""洞穴に入る"",type=""fixedDungeon""}; property=mapActions"
"MAPLOG:map.js:L3677:log","里の人と話す","里の西を気にしているようだ。","","種別=マップログ; source=map.js:3677; property=log; context={label=""里の人と話す"",type=""storyEvent"",eventId=""town_fire_villager_2""}; property=action"
"MAPLOG:map.js:L3698:log","炭運びと話す","煤だらけの男が、背負い籠を下ろした。","","種別=マップログ; source=map.js:3698; property=log; context={label=""炭運びと話す"",type=""log""}; property=action"
"MAPLOG:map.js:L3728:log","カリンと話す","女侍が佇んでいる","","種別=マップログ; source=map.js:3728; property=log; context={label=""カリンと話す"",type=""quest""}; property=action"
"MAPLOG:map.js:L3731:lockedText","カリンと話す","カリンはまだ、火山ガスが晴れる時を待っている。","","種別=進行制限メッセージ; source=map.js:3731; property=lockedText; context={label=""カリンと話す"",type=""quest""}; property=action"
"MAPLOG:map.js:L3750:log","里の長に話す","里の長が弱まった炎を見つめている。","","種別=マップログ; source=map.js:3750; property=log; context={label=""里の長に話す"",type=""log""}; property=action"
"MAPLOG:map.js:L3813:log","泊まる","熱気をしのげる宿屋がある。","","種別=マップログ; source=map.js:3813; property=log; context={x=""21"",y=""14"",label=""泊まる"",type=""inn""}; property=mapActions"
"MAPLOG:map.js:L3820:log","道具を買う","火山探索向けの道具屋だ。","","種別=マップログ; source=map.js:3820; property=log; context={x=""21"",y=""17"",label=""道具を買う"",type=""shop""}; property=mapActions"
"MAPLOG:map.js:L3830:log","武器を見る","鍛冶火が赤く揺れる武器屋だ。","","種別=マップログ; source=map.js:3830; property=log; context={x=""7"",y=""14"",label=""武器を見る"",type=""shop""}; property=mapActions"
"MAPLOG:map.js:L3840:log","防具を見る","火山の熱に耐える防具を扱っている。","","種別=マップログ; source=map.js:3840; property=log; context={x=""7"",y=""17"",label=""防具を見る"",type=""shop""}; property=mapActions"
"MAPLOG:map.js:L3850:log","鍛冶屋を訪ねる","鍛冶師が炉の縁に手を置いている。","","種別=マップログ; source=map.js:3850; property=log; context={x=""8"",y=""4"",label=""鍛冶屋を訪ねる"",type=""blacksmith""}; property=mapActions"
"MAPLOG:map.js:L3864:log","イグナ火山へ入る","北の火山道から、熱と魔物の気配が流れてくる。","","種別=マップログ; source=map.js:3864; property=log; context={x=""14"",y=""1"",label=""イグナ火山へ入る"",type=""fixedDungeon""}; property=mapActions"
"MAPLOG:map.js:L3960:log","見張りと話す","見張りが枝の揺れを追っている。","","種別=マップログ; source=map.js:3960; property=log; context={label=""見張りと話す"",type=""log""}; property=action"
"MAPLOG:map.js:L3990:log","集落の子と話す","子どもが小さな風鈴を握っている。","","種別=マップログ; source=map.js:3990; property=log; context={label=""集落の子と話す"",type=""log""}; property=action"
"MAPLOG:map.js:L4020:log","風織り職人と話す","職人が、風を含んだ薄布を指で弾いている。","","種別=マップログ; source=map.js:4020; property=log; context={label=""風織り職人と話す"",type=""log""}; property=action"
"MAPLOG:map.js:L4050:log","村人から話を聞く","村人が禁忌の森の方を見つめている。","","種別=マップログ; source=map.js:4050; property=log; context={label=""村人から話を聞く"",type=""quest""}; property=action"
"MAPLOG:map.js:L4053:lockedText","村人から話を聞く","今はまだ、禁忌の森の奥へ進むには危険が大きい。","","種別=進行制限メッセージ; source=map.js:4053; property=lockedText; context={label=""村人から話を聞く"",type=""quest""}; property=action"
"MAPLOG:map.js:L4072:log","エリーゼに話す","子どもたちが不安そうに身を寄せ合っている。","","種別=マップログ; source=map.js:4072; property=log; context={label=""エリーゼに話す"",type=""log""}; property=action"
"MAPLOG:map.js:L4114:log","泊まる","風よけの宿屋がある。","","種別=マップログ; source=map.js:4114; property=log; context={x=""22"",y=""7"",label=""泊まる"",type=""inn""}; property=mapActions"
"MAPLOG:map.js:L4121:log","道具を買う","森歩きに備えた道具屋だ。","","種別=マップログ; source=map.js:4121; property=log; context={x=""19"",y=""7"",label=""道具を買う"",type=""shop""}; property=mapActions"
"MAPLOG:map.js:L4131:log","武器を見る","軽く扱いやすい武器が並んでいる。","","種別=マップログ; source=map.js:4131; property=log; context={x=""6"",y=""7"",label=""武器を見る"",type=""shop""}; property=mapActions"
"MAPLOG:map.js:L4141:log","防具を見る","森の魔物に備えた防具屋だ。","","種別=マップログ; source=map.js:4141; property=log; context={x=""9"",y=""7"",label=""防具を見る"",type=""shop""}; property=mapActions"
"MAPLOG:map.js:L4151:log","禁忌の森へ入る","西の森から、淀んだ風が吹き込んでくる。","","種別=マップログ; source=map.js:4151; property=log; context={x=""0"",y=""8"",label=""禁忌の森へ入る"",type=""fixedDungeon""}; property=mapActions"
"MAPLOG:map.js:L4172:log","禁忌の森へ入る","西の森から、淀んだ風が吹き込んでくる。","","種別=マップログ; source=map.js:4172; property=log; context={x=""0"",y=""9"",label=""禁忌の森へ入る"",type=""fixedDungeon""}; property=mapActions"
"MAPLOG:map.js:L4193:log","禁忌の森へ入る","西の森から、淀んだ風が吹き込んでくる。","","種別=マップログ; source=map.js:4193; property=log; context={x=""0"",y=""10"",label=""禁忌の森へ入る"",type=""fixedDungeon""}; property=mapActions"
"MAPLOG:map.js:L4284:log","兵士と話す","黒鎧の兵士が橋を塞いでいる。","","種別=マップログ; source=map.js:4284; property=log; context={label=""兵士と話す"",type=""storyEvent"",eventId=""water_city_blockade_guard""}; property=action"
"MAPLOG:map.js:L4308:log","兵士と話す","黒鎧の兵士が橋を塞いでいる。","","種別=マップログ; source=map.js:4308; property=log; context={label=""兵士と話す"",type=""storyEvent"",eventId=""water_city_blockade_guard""}; property=action"
"MAPLOG:map.js:L4332:log","兵士と話す","黒鎧の兵士が橋を塞いでいる。","","種別=マップログ; source=map.js:4332; property=log; context={label=""兵士と話す"",type=""storyEvent"",eventId=""water_city_blockade_guard""}; property=action"
"MAPLOG:map.js:L4353:log","老人と話す","老人がライザーク要塞の方角を眺めている。","","種別=マップログ; source=map.js:4353; property=log; context={label=""老人と話す"",type=""log""}; property=action"
"MAPLOG:map.js:L4383:log","船大工と話す","船大工が水路の流れを測っている。","","種別=マップログ; source=map.js:4383; property=log; context={label=""船大工と話す"",type=""log""}; property=action"
"MAPLOG:map.js:L4413:log","元兵士と話す","元兵士が古い盾の傷を磨いている。","","種別=マップログ; source=map.js:4413; property=log; context={label=""元兵士と話す"",type=""storyEvent"",eventId=""town_water_villager_3""}; property=action"
"MAPLOG:map.js:L4434:log","渡し守と話す","渡し守が、濡れた綱の結び目を確かめている。","","種別=マップログ; source=map.js:4434; property=log; context={label=""渡し守と話す"",type=""log""}; property=action"
"MAPLOG:map.js:L4467:log","広場を調べる","濁った水路の音が、街の沈黙に混じっている。","","種別=マップログ; source=map.js:4467; property=log; context={label=""広場を調べる"",type=""log""}; property=action"
"MAPLOG:map.js:L4505:log","マリーと話す","白いローブの女性が、避難民の無事を祈っている。","","種別=マップログ; source=map.js:4505; property=log; context={label=""マリーと話す"",type=""quest""}; property=action"
"MAPLOG:map.js:L4508:lockedText","マリーと話す","マリーはまだ街の混乱を鎮めることで手一杯のようだ。","","種別=進行制限メッセージ; source=map.js:4508; property=lockedText; context={label=""マリーと話す"",type=""quest""}; property=action"
"MAPLOG:map.js:L4527:log","ハヤテと話す","水路のそばに、落ち着きなく周囲を見渡す若者がいる。","","種別=マップログ; source=map.js:4527; property=log; context={label=""ハヤテと話す"",type=""quest""}; property=action"
"MAPLOG:map.js:L4530:lockedText","ハヤテと話す","ハヤテはまだ、信頼できる案内人を待っているようだ。","","種別=進行制限メッセージ; source=map.js:4530; property=lockedText; context={label=""ハヤテと話す"",type=""quest""}; property=action"
"MAPLOG:map.js:L4549:log","シルビアと話す","優雅な身なりの貴人が、護衛を探している。","","種別=マップログ; source=map.js:4549; property=log; context={label=""シルビアと話す"",type=""quest""}; property=action"
"MAPLOG:map.js:L4552:lockedText","シルビアと話す","シルビアはまだ、声をかける相手を見定めている。","","種別=進行制限メッセージ; source=map.js:4552; property=lockedText; context={label=""シルビアと話す"",type=""quest""}; property=action"
"MAPLOG:map.js:L4619:log","ソフィアと話す","ソフィアが、神殿奥の水流について記録を読み返している。","","種別=マップログ; source=map.js:4619; property=log; context={label=""ソフィアと話す"",type=""quest""}; property=action"
"MAPLOG:map.js:L4622:lockedText","ソフィアと話す","今はまだ、海底神殿の奥へ進む手段がない。","","種別=進行制限メッセージ; source=map.js:4622; property=lockedText; context={label=""ソフィアと話す"",type=""quest""}; property=action"
"MAPLOG:map.js:L4646:log","アランと話す","アランが、神殿奥へ向かう水路を見つめている。","","種別=マップログ; source=map.js:4646; property=log; context={label=""アランと話す"",type=""quest""}; property=action"
"MAPLOG:map.js:L4649:lockedText","アランと話す","今はまだ、海底神殿の奥へ進む手段がない。","","種別=進行制限メッセージ; source=map.js:4649; property=lockedText; context={label=""アランと話す"",type=""quest""}; property=action"
"MAPLOG:map.js:L4660:log","錬金所に入る","薬草と魔石の香りが漂う、水上都市の錬金所だ。","","種別=マップログ; source=map.js:4660; property=log; context={x=""31"",y=""3"",label=""錬金所に入る"",type=""alchemy""}; property=mapActions"
"MAPLOG:map.js:L4672:log","道具を買う","水路沿いの道具屋だ。","","種別=マップログ; source=map.js:4672; property=log; context={x=""4"",y=""10"",label=""道具を買う"",type=""shop""}; property=mapActions"
"MAPLOG:map.js:L4682:log","武器を見る","海底神殿に備えた武器を扱っている。","","種別=マップログ; source=map.js:4682; property=log; context={x=""7"",y=""10"",label=""武器を見る"",type=""shop""}; property=mapActions"
"MAPLOG:map.js:L4692:log","防具を見る","水と闇に強い防具を扱っている。","","種別=マップログ; source=map.js:4692; property=log; context={x=""10"",y=""10"",label=""防具を見る"",type=""shop""}; property=mapActions"
"MAPLOG:map.js:L4847:log","マップログ","奈落が口を開けている。","","種別=マップログ; source=map.js:4847; property=log; context={x=""7"",y=""6""}; property=blockingObjects"
"MAPLOG:map.js:L4853:log","マップログ","奈落が口を開けている。","","種別=マップログ; source=map.js:4853; property=log; context={x=""8"",y=""6""}; property=blockingObjects"
"MAPLOG:map.js:L4859:log","マップログ","奈落が口を開けている。","","種別=マップログ; source=map.js:4859; property=log; context={x=""9"",y=""6""}; property=blockingObjects"
"MAPLOG:map.js:L4865:log","マップログ","奈落が口を開けている。","","種別=マップログ; source=map.js:4865; property=log; context={x=""7"",y=""7""}; property=blockingObjects"
"MAPLOG:map.js:L4871:log","マップログ","闇がどこまでも続いている。","","種別=マップログ; source=map.js:4871; property=log; context={x=""8"",y=""7""}; property=blockingObjects"
"MAPLOG:map.js:L4877:log","マップログ","奈落が口を開けている。","","種別=マップログ; source=map.js:4877; property=log; context={x=""9"",y=""7""}; property=blockingObjects"
"MAPLOG:map.js:L4883:log","マップログ","奈落が口を開けている。","","種別=マップログ; source=map.js:4883; property=log; context={x=""7"",y=""8""}; property=blockingObjects"
"MAPLOG:map.js:L4889:log","マップログ","奈落が口を開けている。","","種別=マップログ; source=map.js:4889; property=log; context={x=""8"",y=""8""}; property=blockingObjects"
"MAPLOG:map.js:L4895:log","マップログ","奈落が口を開けている。","","種別=マップログ; source=map.js:4895; property=log; context={x=""9"",y=""8""}; property=blockingObjects"
"MAPLOG:map.js:L4904:log","マップログ","崩れた祭壇には、古い儀式の痕跡が残っている。","","種別=マップログ; source=map.js:4904; property=log; context={x=""8"",y=""4""}; property=blockingObjects"
"MAPLOG:map.js:L4910:log","マップログ","崩れた祭壇が道を塞いでいる。","","種別=マップログ; source=map.js:4910; property=log; context={x=""7"",y=""4""}; property=blockingObjects"
"MAPLOG:map.js:L4916:log","マップログ","崩れた祭壇が道を塞いでいる。","","種別=マップログ; source=map.js:4916; property=log; context={x=""9"",y=""4""}; property=blockingObjects"
"MAPLOG:map.js:L4925:log","マップログ","亀裂だらけの柱が、奇跡的に立ち続けている。","","種別=マップログ; source=map.js:4925; property=log; context={x=""4"",y=""4""}; property=blockingObjects"
"MAPLOG:map.js:L4934:log","マップログ","柱の頂には、プリズムを支えた枠だけが残っている。","","種別=マップログ; source=map.js:4934; property=log; context={x=""12"",y=""4""}; property=blockingObjects"
"MAPLOG:map.js:L4943:log","マップログ","折れた柱の内部から、古い金属の導線が覗いている。","","種別=マップログ; source=map.js:4943; property=log; context={x=""4"",y=""10""}; property=blockingObjects"
"MAPLOG:map.js:L4952:log","マップログ","折れた柱には、読めない文字が刻まれている。","","種別=マップログ; source=map.js:4952; property=log; context={x=""12"",y=""10""}; property=blockingObjects"
"MAPLOG:map.js:L4959:log","マップログ","倒れた柱が斜めに通路を塞いでいる。","","種別=マップログ; source=map.js:4959; property=log; context={x=""12"",y=""9""}; property=blockingObjects"
"MAPLOG:map.js:L4966:log","マップログ","倒れた柱が斜めに通路を塞いでいる。","","種別=マップログ; source=map.js:4966; property=log; context={x=""11"",y=""10""}; property=blockingObjects"
"MAPLOG:map.js:L4975:log","マップログ","空になった台座。かつて何かが載せられていたようだ。","","種別=マップログ; source=map.js:4975; property=log; context={x=""5"",y=""5""}; property=blockingObjects"
"MAPLOG:map.js:L4984:log","マップログ","台座は崩れ、紫色の欠片だけが散らばっている。","","種別=マップログ; source=map.js:4984; property=log; context={x=""11"",y=""5""}; property=blockingObjects"
"MAPLOG:map.js:L4993:log","マップログ","壊れた固定具が、奈落の方を向いている。","","種別=マップログ; source=map.js:4993; property=log; context={x=""5"",y=""7""}; property=blockingObjects"
"MAPLOG:map.js:L5002:log","マップログ","六角形の窪みには、プリズムらしき傷跡がある。","","種別=マップログ; source=map.js:5002; property=log; context={x=""11"",y=""7""}; property=blockingObjects"
"MAPLOG:map.js:L5011:log","マップログ","台座から伸びる古い導線は、奈落の縁で途切れている。","","種別=マップログ; source=map.js:5011; property=log; context={x=""6"",y=""9""}; property=blockingObjects"
"MAPLOG:map.js:L5020:log","マップログ","崩れた台座に、微かな光を失った結晶片が残っている。","","種別=マップログ; source=map.js:5020; property=log; context={x=""10"",y=""9""}; property=blockingObjects"
"MAPLOG:map.js:L5037:log","魔窟に入る","闇がどこまでも続いているような穴がある。","","種別=マップログ; source=map.js:5037; property=log; context={x=""8"",y=""7"",label=""魔窟に入る"",type=""abyssDungeon""}; property=mapActions"
"MAPLOG:map.js:L5379:log","石碑に触れる","石碑からただならぬ気配があふれ出した……","","種別=マップログ; source=map.js:5379; property=log; context={x=""9"",y=""4"",label=""石碑に触れる"",type=""boss"",monsterId=""902000""}; property=mapActions"
"MAPLOG:map.js:L5619:log","マップログ","口を開いた阿形の守護像が、挑む者の覚悟を見定めている。","","種別=マップログ; source=map.js:5619; property=log; context={x=""10"",y=""7""}; property=blockingObjects"
"MAPLOG:map.js:L5628:log","マップログ","口を結んだ吽形の守護像が、静かに祠の奥を守っている。","","種別=マップログ; source=map.js:5628; property=log; context={x=""14"",y=""7""}; property=blockingObjects"
"MAPLOG:map.js:L5636:log","中間試練に挑む","祠を満たす霊光が、自らの殻を破ろうとする者の魂へ応える。","","種別=マップログ; source=map.js:5636; property=log; context={x=""12"",y=""3"",label=""中間試練に挑む"",type=""limitBreakTrial""}; property=mapActions"
"MAPLOG:map.js:L5945:log","マップログ","剣を伏せた天使像が、挑戦者の歩みを静かに見守っている。","","種別=マップログ; source=map.js:5945; property=log; context={x=""10"",y=""6""}; property=blockingObjects"
"MAPLOG:map.js:L5954:log","マップログ","神竜の像が翼を畳み、山頂の聖域を守っている。","","種別=マップログ; source=map.js:5954; property=log; context={x=""14"",y=""6""}; property=blockingObjects"
"MAPLOG:map.js:L5962:log","最終試練に挑む","祭壇が、極限に迫る者の名を静かに問うている。","","種別=マップログ; source=map.js:5962; property=log; context={x=""12"",y=""3"",label=""最終試練に挑む"",type=""limitBreakTrial""}; property=mapActions"
"MAPLOG:map.js:L6205:log","封印門を開く","混沌の結晶片が封印門に共鳴し、次元を隔てていた鎖がほどけた。","","種別=マップログ; source=map.js:6205; property=log; context={x=""16"",y=""5"",type=""fixedDungeon"",label=""封印門を開く""}; property=mapActions"
"MAPLOG:map.js:L6982:lockedLog","災禍の根ジャゴレアへ進む","黒騎士の力が道を塞いでいる。","","種別=進行制限ログ; source=map.js:6982; property=lockedLog; context={toDungeon=""JAGOREA_ROOT"",label=""災禍の根ジャゴレアへ進む"",requiredFlag=""abyssVeldDefeated""}; property=data"
"MAPLOG:map.js:L6992:lockedLog","終焉の祭壇へ進む","混沌姫の力が亀裂を閉ざしている。","","種別=進行制限ログ; source=map.js:6992; property=lockedLog; context={toDungeon=""FINAL_ALTAR"",label=""終焉の祭壇へ進む"",requiredFlag=""abyssIlluminaciaDefeated""}; property=floorLinks"
"MAPLOG:map.js:L7005:lockedText","さらに深い亀裂を調べる","亀裂はまだ固く閉ざされている。","","種別=進行制限メッセージ; source=map.js:7005; property=lockedText; context={type=""storyEvent"",eventId=""abyss_postgame_crack"",requiredFlag=""abyssEpilogueSeen"",label=""さらに深い亀裂を調べる""}; property=mapActions"
"MAPLOG:map.js:L7005:log","さらに深い亀裂を調べる","祭壇の奥に、底の知れない亀裂が広がっている。","","種別=マップログ; source=map.js:7005; property=log; context={type=""storyEvent"",eventId=""abyss_postgame_crack"",requiredFlag=""abyssEpilogueSeen"",label=""さらに深い亀裂を調べる""}; property=mapActions"
"MAPLOG:map.js:L7092:log","見張りと話す","見張りが洞穴の封鎖を守っている。","","種別=マップログ; source=map.js:7092; property=log; context={label=""見張りと話す"",type=""log""}; property=action"
"MAPLOG:map.js:L7316:lockedText","火のプリズムに呼びかける","火のプリズムは、まだこちらの声に応えない。","","種別=進行制限メッセージ; source=map.js:7316; property=lockedText; context={x=""10"",y=""4"",type=""elementalTrialPrism"",label=""火のプリズムに呼びかける""}; property=mapActions"
"MAPLOG:map.js:L7340:lockedLog","火山深部へ","火山ガスが淀み、今は進めない。","","種別=進行制限ログ; source=map.js:7340; property=lockedLog; context={x=""10"",y=""1"",toFloor=""4"",label=""火山深部へ"",requiredFlag=""windVillageCleared""}; property=floorLinks"
"MAPLOG:map.js:L7615:log","左の排熱弁を回す","煤に埋もれた排熱弁を回した。","","種別=マップログ; source=map.js:7615; property=log; context={x=""6"",y=""9"",label=""左の排熱弁を回す"",type=""switchGate""}; property=mapActions"
"MAPLOG:map.js:L7712:log","右の排熱弁を回す","赤く焼けた排熱弁を押し込んだ。","","種別=マップログ; source=map.js:7712; property=log; context={x=""22"",y=""16"",label=""右の排熱弁を回す"",type=""switchGate""}; property=mapActions"
"MAPLOG:map.js:L7828:inspectLog","調査ログ","守る剣を試す炎が、炉心の中心で人の形を成している。","","種別=調査ログ; source=map.js:7828; property=inspectLog; context={x=""14"",y=""6"",monsterId=""303201"",actionLabel=""炎心炉の試練に挑む""}; property=bosses"
"MAPLOG:map.js:L7915:log","風の集落カザリアへ戻る","集落へ続く森の出口だ。","","種別=マップログ; source=map.js:7915; property=log; context={x=""53"",y=""16"",to=""EXIT"",label=""風の集落カザリアへ戻る""}; property=floorLinks"
"MAPLOG:map.js:L7925:log","森の奥へ進む","木々の切れ目から、さらに深い森へ道が続いている。","","種別=マップログ; source=map.js:7925; property=log; context={x=""3"",y=""4"",toFloor=""2"",label=""森の奥へ進む""}; property=floorLinks"
"MAPLOG:map.js:L7984:log","立札を読む","掠れた字で「北」と書かれているようだ…","","種別=マップログ; source=map.js:7984; property=log; context={x=""42"",y=""15"",label=""立札を読む"",type=""log""}; property=mapActions"
"MAPLOG:map.js:L8053:log","東の森へ戻る","木々の切れ目から、来た道へ戻れそうだ。","","種別=マップログ; source=map.js:8053; property=log; context={x=""38"",y=""33"",toFloor=""1"",label=""東の森へ戻る""}; property=floorLinks"
"MAPLOG:map.js:L8061:log","風の神殿へ入る","森の北端に、風の神殿へ続く古い石門が開いている。","","種別=マップログ; source=map.js:8061; property=log; context={x=""20"",y=""2"",toDungeon=""WIND_TEMPLE"",label=""風の神殿へ入る"",requiredFlag=""windForestCleansed""}; property=floorLinks"
"MAPLOG:map.js:L8064:lockedLog","風の神殿へ入る","黒い風が石門を塞いでいる。祈りの広場の守護者を鎮めなければ進めなさそうだ。","","種別=進行制限ログ; source=map.js:8064; property=lockedLog; context={x=""20"",y=""2"",toDungeon=""WIND_TEMPLE"",label=""風の神殿へ入る"",requiredFlag=""windForestCleansed""}; property=floorLinks"
"MAPLOG:map.js:L8075:lockedLog","森の深部へ","毒と呪いが濃く、今は進めない。","","種別=進行制限ログ; source=map.js:8075; property=lockedLog; context={x=""27"",y=""6"",toFloor=""3"",label=""森の深部へ"",requiredFlag=""waterCityCleared""}; property=floorLinks"
"MAPLOG:map.js:L8114:log","朽ちた石碑を読む","石碑には、森の風を鎮めた名もなき守人の印が刻まれている。","","種別=マップログ; source=map.js:8114; property=log; context={x=""30"",y=""10"",label=""朽ちた石碑を読む"",type=""log""}; property=mapActions"
"MAPLOG:map.js:L8122:log","石碑に祈る","守護者を鎮めた石碑に、穏やかな風が巡っている。","","種別=マップログ; source=map.js:8122; property=log; context={x=""20"",y=""18"",label=""石碑に祈る"",type=""storyEvent"",eventId=""wind_forest_guardians_after"",requiredFlag=""windForestCleansed""}; property=mapActions"
"MAPLOG:map.js:L8146:inspectLog","調査ログ","祈りの広場の中央に、黒い風をまとった石碑が立っている。","","種別=調査ログ; source=map.js:8146; property=inspectLog; context={x=""20"",y=""18"",monsterId=""[ 301011, 301012 ]"",actionLabel=""石碑を調べる""}; property=bosses"
"MAPLOG:map.js:L8453:inspectLog","調査ログ","黒い風の中心で、森の根が鼓動のように膨らんでいる。","","種別=調査ログ; source=map.js:8453; property=inspectLog; context={x=""3"",y=""3"",monsterId=""[ 303203, 303207 ]"",actionLabel=""呪風の根を断つ""}; property=bosses"
"MAPLOG:map.js:L8699:lockedText","風のプリズムに呼びかける","風のプリズムは、まだこちらの声に応えない。","","種別=進行制限メッセージ; source=map.js:8699; property=lockedText; context={x=""12"",y=""8"",type=""elementalTrialPrism"",label=""風のプリズムに呼びかける""}; property=mapActions"
"MAPLOG:map.js:L8914:inspectLog","調査ログ","強敵の気配がする。","","種別=調査ログ; source=map.js:8914; property=inspectLog; context={x=""20"",y=""5"",monsterId=""[ 301021, 301022, 301021 ]"",actionLabel=""戦う""}; property=bosses"
"MAPLOG:map.js:L8925:inspectLog","調査ログ","強敵の気配がする。","","種別=調査ログ; source=map.js:8925; property=inspectLog; context={x=""20"",y=""16"",monsterId=""[ 301021, 301022, 301021 ]"",actionLabel=""戦う""}; property=bosses"
"MAPLOG:map.js:L8981:lockedText","水のプリズムに呼びかける","水のプリズムは、まだこちらの声に応えない。","","種別=進行制限メッセージ; source=map.js:8981; property=lockedText; context={x=""11"",y=""7"",type=""elementalTrialPrism"",label=""水のプリズムに呼びかける""}; property=mapActions"
"MAPLOG:map.js:L9005:lockedLog","地下4階へ下りる","激しい水流で進めない。","","種別=進行制限ログ; source=map.js:9005; property=lockedLog; context={x=""11"",y=""2"",toFloor=""4"",label=""地下4階へ下りる"",requiredFlag=""thunderFortCleared""}; property=floorLinks"
"MAPLOG:map.js:L9224:log","西の水門を下ろす","西の水門が低い音を立てた。","","種別=マップログ; source=map.js:9224; property=log; context={x=""5"",y=""6"",label=""西の水門を下ろす"",type=""switchGate""}; property=mapActions"
"MAPLOG:map.js:L9261:log","東の水門を下ろす","東の水門が閉じ、潮の唸りが変わった。","","種別=マップログ; source=map.js:9261; property=log; context={x=""25"",y=""20"",label=""東の水門を下ろす"",type=""switchGate""}; property=mapActions"
"MAPLOG:map.js:L9384:inspectLog","調査ログ","ソフィアとアランが、祭壇を縛る逆潮の核を睨んでいる。","","種別=調査ログ; source=map.js:9384; property=inspectLog; context={x=""15"",y=""6"",monsterId=""[ 303208, 303202 ]"",actionLabel=""逆潮祭壇を鎮める""}; property=bosses"
"MAPLOG:map.js:L9482:log","ゼリードと話す","ゼリードが、頂上に残る歪みを見上げている。","","種別=マップログ; source=map.js:9482; property=log; context={label=""ゼリードと話す"",type=""quest""}; property=action"
"MAPLOG:map.js:L9485:lockedText","ゼリードと話す","ゼリードはまだ、灯台の異変を見極めているようだ。","","種別=進行制限メッセージ; source=map.js:9485; property=lockedText; context={label=""ゼリードと話す"",type=""quest""}; property=action"
"MAPLOG:map.js:L10026:log","西門から外に出る","西門の向こうに、川沿いの岸辺が見える。","","種別=マップログ; source=map.js:10026; property=log; context={x=""1"",y=""14"",to=""EXIT"",label=""西門から外に出る""}; property=floorLinks"
"MAPLOG:map.js:L10038:log","東門から外に出る","門の向こうに、うっすらと光の神殿が見える。","","種別=マップログ; source=map.js:10038; property=log; context={x=""31"",y=""14"",to=""EXIT"",label=""東門から外に出る"",requiredFlag=""thunderFortCleared""}; property=floorLinks"
"MAPLOG:map.js:L10041:lockedLog","東門から外に出る","東門は雷の結界で閉ざされている…","","種別=進行制限ログ; source=map.js:10041; property=lockedLog; context={x=""31"",y=""14"",to=""EXIT"",label=""東門から外に出る"",requiredFlag=""thunderFortCleared""}; property=floorLinks"
"MAPLOG:map.js:L10106:log","受付職員と話す","受付職員が丁寧に一礼した。","","種別=マップログ; source=map.js:10106; property=log; context={label=""受付職員と話す"",type=""guild""}; property=action"
"MAPLOG:map.js:L10132:log","無料で休む","宿泊所の係員が空いている寝台を案内してくれた。","","種別=マップログ; source=map.js:10132; property=log; context={label=""無料で休む"",type=""freeRest""}; property=action"
"MAPLOG:map.js:L10152:log","リンと話す","リンが、雷鳴の奥に残る魔物の気配を追っている。","","種別=マップログ; source=map.js:10152; property=log; context={label=""リンと話す"",type=""quest""}; property=action"
"MAPLOG:map.js:L10156:lockedText","リンと話す","リンはまだ、光を導く者の到着を待っている。","","種別=進行制限メッセージ; source=map.js:10156; property=lockedText; context={label=""リンと話す"",type=""quest""}; property=action"
"MAPLOG:map.js:L10175:log","フリーダと話す","フリーダが、高圧電流の先を見据えている。","","種別=マップログ; source=map.js:10175; property=log; context={label=""フリーダと話す"",type=""quest""}; property=action"
"MAPLOG:map.js:L10178:lockedText","フリーダと話す","今はまだ、要塞深部の電流を越える加護が足りない。","","種別=進行制限メッセージ; source=map.js:10178; property=lockedText; context={label=""フリーダと話す"",type=""quest""}; property=action"
"MAPLOG:map.js:L10197:log","バロンと話す","バロンが、雷の制御核へ向けて武器を握り直している。","","種別=マップログ; source=map.js:10197; property=log; context={label=""バロンと話す"",type=""quest""}; property=action"
"MAPLOG:map.js:L10200:lockedText","バロンと話す","今はまだ、要塞深部の電流を越える加護が足りない。","","種別=進行制限メッセージ; source=map.js:10200; property=lockedText; context={label=""バロンと話す"",type=""quest""}; property=action"
"MAPLOG:map.js:L10221:log","補給品を買う","解放された要塞に補給隊が入っている。","","種別=マップログ; source=map.js:10221; property=log; context={label=""補給品を買う"",type=""shop""}; property=action"
"MAPLOG:map.js:L10226:lockedText","補給品を買う","まだ補給隊は入れないようだ。","","種別=進行制限メッセージ; source=map.js:10226; property=lockedText; context={label=""補給品を買う"",type=""shop""}; property=action"
"MAPLOG:map.js:L10247:log","武器を見る","押収された武器が整備されている。","","種別=マップログ; source=map.js:10247; property=log; context={label=""武器を見る"",type=""shop""}; property=action"
"MAPLOG:map.js:L10252:lockedText","武器を見る","武器庫は封鎖されている。","","種別=進行制限メッセージ; source=map.js:10252; property=lockedText; context={label=""武器を見る"",type=""shop""}; property=action"
"MAPLOG:map.js:L10273:log","防具を見る","雷対策の防具が並び始めている。","","種別=マップログ; source=map.js:10273; property=log; context={label=""防具を見る"",type=""shop""}; property=action"
"MAPLOG:map.js:L10278:lockedText","防具を見る","防具庫は封鎖されている。","","種別=進行制限メッセージ; source=map.js:10278; property=lockedText; context={label=""防具を見る"",type=""shop""}; property=action"
"MAPLOG:map.js:L10299:log","解放兵と話す","解放された兵が深く息を吐いている。","","種別=マップログ; source=map.js:10299; property=log; context={label=""解放兵と話す"",type=""storyEvent"",eventId=""post_thunder_fort_base_1""}; property=action"
"MAPLOG:map.js:L10302:lockedText","解放兵と話す","雷の轟きで声が届かない。","","種別=進行制限メッセージ; source=map.js:10302; property=lockedText; context={label=""解放兵と話す"",type=""storyEvent"",eventId=""post_thunder_fort_base_1""}; property=action"
"MAPLOG:map.js:L10313:log","依頼掲示板を見る","各地から届いた依頼票が掲示されている。","","種別=マップログ; source=map.js:10313; property=log; context={x=""8"",y=""20"",label=""依頼掲示板を見る"",type=""guildBoard""}; property=mapActions"
"MAPLOG:map.js:L10350:inspectLog","調査ログ","一際危険なオーラを纏う機械兵士が佇んでいる…","","種別=調査ログ; source=map.js:10350; property=inspectLog; context={x=""16"",y=""14"",monsterId=""852"",actionLabel=""機械兵士と戦う""}; property=bosses"
"MAPLOG:map.js:L10376:log","マップログ","冒険者ギルドの受付カウンターだ。","","種別=マップログ; source=map.js:10376; property=log; context={x=""7"",y=""20""}; property=blockingObjects"
"MAPLOG:map.js:L10383:log","マップログ","冒険者ギルドの受付カウンターだ。","","種別=マップログ; source=map.js:10383; property=log; context={x=""3"",y=""21""}; property=blockingObjects"
"MAPLOG:map.js:L10390:log","マップログ","冒険者ギルドの受付カウンターだ。","","種別=マップログ; source=map.js:10390; property=log; context={x=""4"",y=""21""}; property=blockingObjects"
"MAPLOG:map.js:L10400:log","マップログ","冒険者ギルドの受付カウンターだ。","","種別=マップログ; source=map.js:10400; property=log; context={x=""5"",y=""21""}; property=blockingObjects"
"MAPLOG:map.js:L10407:log","マップログ","冒険者ギルドの受付カウンターだ。","","種別=マップログ; source=map.js:10407; property=log; context={x=""6"",y=""21""}; property=blockingObjects"
"MAPLOG:map.js:L10414:log","マップログ","冒険者ギルドの受付カウンターだ。","","種別=マップログ; source=map.js:10414; property=log; context={x=""7"",y=""21""}; property=blockingObjects"
"MAPLOG:map.js:L10421:log","マップログ","依頼掲示板が置かれている。","","種別=マップログ; source=map.js:10421; property=log; context={x=""8"",y=""19""}; property=blockingObjects"
"MAPLOG:map.js:L10428:log","マップログ","依頼掲示板が置かれている。","","種別=マップログ; source=map.js:10428; property=log; context={x=""9"",y=""19""}; property=blockingObjects"
"MAPLOG:map.js:L10435:log","マップログ","依頼掲示板が置かれている。","","種別=マップログ; source=map.js:10435; property=log; context={x=""9"",y=""20""}; property=blockingObjects"
"MAPLOG:map.js:L10442:log","マップログ","簡素な寝台が並んでいる。","","種別=マップログ; source=map.js:10442; property=log; context={x=""27"",y=""20""}; property=blockingObjects"
"MAPLOG:map.js:L10449:log","マップログ","簡素な寝台が並んでいる。","","種別=マップログ; source=map.js:10449; property=log; context={x=""29"",y=""20""}; property=blockingObjects"
"MAPLOG:map.js:L10459:log","マップログ","要塞の宿泊所に備えられた寝台だ。","","種別=マップログ; source=map.js:10459; property=log; context={x=""27"",y=""21""}; property=blockingObjects"
"MAPLOG:map.js:L10469:log","マップログ","要塞の宿泊所に備えられた寝台だ。","","種別=マップログ; source=map.js:10469; property=log; context={x=""29"",y=""21""}; property=blockingObjects"
"MAPLOG:map.js:L10476:log","マップログ","簡素な寝台が並んでいる。","","種別=マップログ; source=map.js:10476; property=log; context={x=""27"",y=""23""}; property=blockingObjects"
"MAPLOG:map.js:L10483:log","マップログ","簡素な寝台が並んでいる。","","種別=マップログ; source=map.js:10483; property=log; context={x=""29"",y=""23""}; property=blockingObjects"
"MAPLOG:map.js:L10493:log","マップログ","要塞の宿泊所に備えられた寝台だ。","","種別=マップログ; source=map.js:10493; property=log; context={x=""27"",y=""24""}; property=blockingObjects"
"MAPLOG:map.js:L10503:log","マップログ","要塞の宿泊所に備えられた寝台だ。","","種別=マップログ; source=map.js:10503; property=log; context={x=""29"",y=""24""}; property=blockingObjects"
"MAPLOG:map.js:L10740:lockedLog","5階へ上がる","高圧電流が迸り、今は進めない。","","種別=進行制限ログ; source=map.js:10740; property=lockedLog; context={x=""26"",y=""4"",toFloor=""5"",label=""5階へ上がる"",requiredFlag=""lightPalaceCleared""}; property=floorLinks"
"MAPLOG:map.js:L10808:lockedText","雷のプリズムに呼びかける","雷のプリズムは、まだこちらの声に応えない。","","種別=進行制限メッセージ; source=map.js:10808; property=lockedText; context={x=""16"",y=""4"",type=""elementalTrialPrism"",label=""雷のプリズムに呼びかける""}; property=mapActions"
"MAPLOG:map.js:L10970:log","左の雷導スイッチを押す","左の雷導スイッチに手を置いた。","","種別=マップログ; source=map.js:10970; property=log; context={x=""10"",y=""4"",label=""左の雷導スイッチを押す"",type=""switchGate""}; property=mapActions"
"MAPLOG:map.js:L11007:log","東の雷導スイッチを押す","右の雷導スイッチに手を置いた。","","種別=マップログ; source=map.js:11007; property=log; context={x=""22"",y=""4"",label=""東の雷導スイッチを押す"",type=""switchGate""}; property=mapActions"
"MAPLOG:map.js:L11113:inspectLog","調査ログ","フリーダとバロンが、雷の核へ同時に武器を構えている。","","種別=調査ログ; source=map.js:11113; property=inspectLog; context={x=""16"",y=""8"",monsterId=""[ 303204, 901 ]"",actionLabel=""制御核を止める""}; property=bosses"
"MAPLOG:map.js:L11266:inspectLog","調査ログ","金の鍵を携えた番兵が白い回廊を守っている。","","種別=調査ログ; source=map.js:11266; property=inspectLog; context={x=""27"",y=""6"",monsterId=""952"",actionLabel=""白光の番兵と戦う""}; property=bosses"
"MAPLOG:map.js:L11293:log","聖薬を買う","巡礼者の補給所が開かれている。","","種別=マップログ; source=map.js:11293; property=log; context={label=""聖薬を買う"",type=""shop""}; property=action"
"MAPLOG:map.js:L11298:lockedText","聖薬を買う","まだ巡礼者は戻っていない。","","種別=進行制限メッセージ; source=map.js:11298; property=lockedText; context={label=""聖薬を買う"",type=""shop""}; property=action"
"MAPLOG:map.js:L11319:log","武器を見る","白光を帯びた武器が整えられている。","","種別=マップログ; source=map.js:11319; property=log; context={label=""武器を見る"",type=""shop""}; property=action"
"MAPLOG:map.js:L11324:lockedText","武器を見る","武器庫は沈黙している。","","種別=進行制限メッセージ; source=map.js:11324; property=lockedText; context={label=""武器を見る"",type=""shop""}; property=action"
"MAPLOG:map.js:L11345:log","防具を見る","浄化された防具が並んでいる。","","種別=マップログ; source=map.js:11345; property=log; context={label=""防具を見る"",type=""shop""}; property=action"
"MAPLOG:map.js:L11350:lockedText","防具を見る","防具庫は閉ざされている。","","種別=進行制限メッセージ; source=map.js:11350; property=lockedText; context={label=""防具を見る"",type=""shop""}; property=action"
"MAPLOG:map.js:L11371:log","巡礼者と話す","巡礼者が割れたステンドグラスを集めている。","","種別=マップログ; source=map.js:11371; property=log; context={label=""巡礼者と話す"",type=""storyEvent"",eventId=""post_light_palace_base_1""}; property=action"
"MAPLOG:map.js:L11374:lockedText","巡礼者と話す","光の宮殿グランプリズマはまだ緊張に包まれている。","","種別=進行制限メッセージ; source=map.js:11374; property=lockedText; context={label=""巡礼者と話す"",type=""storyEvent"",eventId=""post_light_palace_base_1""}; property=action"
"MAPLOG:map.js:L11661:lockedText","光のプリズムに呼びかける","光のプリズムは、まだこちらの声に応えない。","","種別=進行制限メッセージ; source=map.js:11661; property=lockedText; context={x=""17"",y=""8"",type=""elementalTrialPrism"",label=""光のプリズムに呼びかける""}; property=mapActions"
"MAPLOG:map.js:L13120:openLog","南口へ出る","南口の岩戸を内側から開けた。以後、南口からも再進入できる。","","種別=開通ログ; source=map.js:13120; property=openLog; context={x=""56"",y=""32"",to=""EXIT"",label=""南口へ出る""}; property=floorLinks"
"MAPLOG:map.js:L13289:log","マップログ","重厚な燭台が道を塞いでいる。","","種別=マップログ; source=map.js:13289; property=log; context={x=""15"",y=""5""}; property=blockingObjects"
"MAPLOG:map.js:L13297:log","マップログ","重厚な燭台が道を塞いでいる。","","種別=マップログ; source=map.js:13297; property=log; context={x=""17"",y=""5""}; property=blockingObjects"
"MAPLOG:map.js:L13371:log","闇市を見る","魔族の商人が静かに品を広げている。","","種別=マップログ; source=map.js:13371; property=log; context={label=""闇市を見る"",type=""shop""}; property=action"
"MAPLOG:map.js:L13376:lockedText","闇市を見る","城内はまだ戦闘態勢だ。","","種別=進行制限メッセージ; source=map.js:13376; property=lockedText; context={label=""闇市を見る"",type=""shop""}; property=action"
"MAPLOG:map.js:L13397:log","武器を見る","魔族の鍛冶場から低い槌音が響く。","","種別=マップログ; source=map.js:13397; property=log; context={label=""武器を見る"",type=""shop""}; property=action"
"MAPLOG:map.js:L13402:lockedText","武器を見る","武器庫には近づけない。","","種別=進行制限メッセージ; source=map.js:13402; property=lockedText; context={label=""武器を見る"",type=""shop""}; property=action"
"MAPLOG:map.js:L13423:log","防具を見る","闇に耐える防具が並んでいる。","","種別=マップログ; source=map.js:13423; property=log; context={label=""防具を見る"",type=""shop""}; property=action"
"MAPLOG:map.js:L13428:lockedText","防具を見る","防具庫には近づけない。","","種別=進行制限メッセージ; source=map.js:13428; property=lockedText; context={label=""防具を見る"",type=""shop""}; property=action"
"MAPLOG:map.js:L13449:log","魔族兵と話す","魔族兵が城門の修復計画を見ている。","","種別=マップログ; source=map.js:13449; property=log; context={label=""魔族兵と話す"",type=""storyEvent"",eventId=""post_dark_castle_base_1""}; property=action"
"MAPLOG:map.js:L13452:lockedText","魔族兵と話す","魔族兵は警戒している。","","種別=進行制限メッセージ; source=map.js:13452; property=lockedText; context={label=""魔族兵と話す"",type=""storyEvent"",eventId=""post_dark_castle_base_1""}; property=action"
"MAPLOG:map.js:L14074:log","玉座の間を見渡す","滅びた玉座の前で、赤い空だけが静かに揺れている。","","種別=マップログ; source=map.js:14074; property=log; context={x=""21"",y=""14"",label=""玉座の間を見渡す"",type=""log""}; property=mapActions"
"MAPLOG:map.js:L14081:lockedText","闇のプリズムに呼びかける","闇のプリズムは、まだこちらの声に応えない。","","種別=進行制限メッセージ; source=map.js:14081; property=lockedText; context={x=""16"",y=""5"",type=""elementalTrialPrism"",label=""闇のプリズムに呼びかける""}; property=mapActions"
"MAPLOG:map.js:L14241:log","風の通り道を聞く","洞の奥へ、低く澄んだ風の音が吸い込まれていく。","","種別=マップログ; source=map.js:14241; property=log; context={x=""12"",y=""9"",label=""風の通り道を聞く"",type=""log""}; property=mapActions"
"MAPLOG:map.js:L14320:inspectLog","調査ログ","妖精の泉で、闇をまとった魔物が小さな光を追い詰めている。","","種別=調査ログ; source=map.js:14320; property=inspectLog; context={x=""12"",y=""4"",monsterId=""[ 154, 154 ]"",actionLabel=""妖精を守る""}; property=bosses"
"MAPLOG:map.js:L14465:log","王国兵に話す","王国軍が鍾乳洞を調査中だ。安全が確認できるまで、これ以上先へは通せない。","","種別=マップログ; source=map.js:14465; property=log; context={label=""王国兵に話す"",type=""log""}; property=action"
"MAPLOG:map.js:L14543:lockedLog","地下3階へ下りる","巧妙な結界に阻まれている。","","種別=進行制限ログ; source=map.js:14543; property=lockedLog; context={x=""23"",y=""10"",toFloor=""3"",label=""地下3階へ下りる"",requiredFlag=""darkCastleCleared""}; property=floorLinks"
"MAPLOG:map.js:L14580:log","リーシアに話す","リーシアが結界の前で奥の魔力を探っている。","","種別=マップログ; source=map.js:14580; property=log; context={label=""リーシアに話す"",type=""quest""}; property=action"
"MAPLOG:map.js:L14584:lockedText","リーシアに話す","闇の加護がなければ、この結界の奥は見えない。","","種別=進行制限メッセージ; source=map.js:14584; property=lockedText; context={label=""リーシアに話す"",type=""quest""}; property=action"
"MAPLOG:map.js:L14598:inspectLog","調査ログ","青い結晶の前に、鋭い爪痕を残した魔物が佇んでいる。","","種別=調査ログ; source=map.js:14598; property=inspectLog; context={x=""13"",y=""5"",monsterId=""301021"",actionLabel=""結晶を守る魔物に挑む""}; property=bosses"
"MAPLOG:map.js:L14802:log","上層小部屋の封晶を砕く","封晶のひとつにヒビが入った。","","種別=マップログ; source=map.js:14802; property=log; context={x=""5"",y=""6"",label=""上層小部屋の封晶を砕く"",type=""switchGate""}; property=mapActions"
"MAPLOG:map.js:L14832:log","南東の封晶を砕く","封晶のひとつを砕いた。","","種別=マップログ; source=map.js:14832; property=log; context={x=""24"",y=""20"",label=""南東の封晶を砕く"",type=""switchGate""}; property=mapActions"
"MAPLOG:map.js:L14950:inspectLog","調査ログ","リーシアの魔力が、結界核の奥で苦しげに揺れている。","","種別=調査ログ; source=map.js:14950; property=inspectLog; context={x=""14"",y=""7"",monsterId=""[ 852, 901, 852 ]"",actionLabel=""結界核を砕く""}; property=bosses"
"MAPLOG:map.js:L15101:log","クロードに声をかける","クロードが、奥から漏れる闇を警戒している。","","種別=マップログ; source=map.js:15101; property=log; context={label=""クロードに声をかける"",type=""quest""}; property=action"
"MAPLOG:map.js:L15122:log","レオンに声をかける","レオンが、神殿跡地に残る光の痕跡を確かめている。","","種別=マップログ; source=map.js:15122; property=log; context={label=""レオンに声をかける"",type=""quest""}; property=action"
"MAPLOG:map.js:L15141:inspectLog","調査ログ","二つの剣閃が、闇の残滓を食い止めている。","","種別=調査ログ; source=map.js:15141; property=inspectLog; context={x=""15"",y=""7"",monsterId=""303206"",requiredFlag=""lightPalaceCleared"",actionLabel=""クロードとレオンに加勢する""}; property=bosses"
"MAPLOG:map.js:L15261:log","月影の声を聞く","月光の向こうから、静かな呼び声が届く。","","種別=マップログ; source=map.js:15261; property=log; context={label=""月影の声を聞く"",type=""quest""}; property=action"
"MAPLOG:map.js:L15274:log","祭壇の残光に触れる","崩れた祭壇に、月明かりのような冷たい闇が残っている。","","種別=マップログ; source=map.js:15274; property=log; context={x=""16"",y=""22"",label=""祭壇の残光に触れる"",type=""log""}; property=mapActions"
"MAPLOG:map.js:L15289:inspectLog","調査ログ","月光を飲む影が、祭壇の中央で脈打っている。","","種別=調査ログ; source=map.js:15289; property=inspectLog; context={x=""16"",y=""6"",monsterId=""401170"",requiredFlag=""lightPalaceCleared"",actionLabel=""月影の試練に挑む""}; property=bosses"
"MAPLOG:map.js:L15430:log","リュウの作戦を聞く","リュウが、禁則術式の崩し方を探っている。","","種別=マップログ; source=map.js:15430; property=log; context={label=""リュウの作戦を聞く"",type=""quest""}; property=action"
"MAPLOG:map.js:L15451:log","ミネルバの作戦を聞く","ミネルバが、禁則術式の継ぎ目を読み解いている。","","種別=マップログ; source=map.js:15451; property=log; context={label=""ミネルバの作戦を聞く"",type=""quest""}; property=action"
"MAPLOG:map.js:L15536:lockedLog","零式禁則層へ","二重の禁則封印が道を閉ざしている。","","種別=進行制限ログ; source=map.js:15536; property=lockedLog; context={x=""28"",y=""23"",toFloor=""3"",label=""零式禁則層へ"",requiredFlag=""grezeliaOuterSealBroken""}; property=floorLinks"
"MAPLOG:map.js:L15567:inspectLog","調査ログ","リュウとミネルバが、幾重にも絡む禁則術式を押さえている。","","種別=調査ログ; source=map.js:15567; property=inspectLog; context={x=""16"",y=""4"",monsterId=""301100"",requiredFlag=""darkCastleCleared"",actionLabel=""外殻術式を破る""}; property=bosses"
"MAPLOG:map.js:L15591:log","禁奥の脈動を読む","床下で、研究棟の心臓のような魔力が脈打っている。","","種別=マップログ; source=map.js:15591; property=log; context={x=""16"",y=""23"",label=""禁奥の脈動を読む"",type=""log""}; property=mapActions"
"MAPLOG:map.js:L15699:log","禁則の声に応える","最深部から、ゼノンの声が低く響いている。","","種別=マップログ; source=map.js:15699; property=log; context={label=""禁則の声に応える"",type=""quest""}; property=action"
"MAPLOG:map.js:L15718:inspectLog","調査ログ","禁則の底で、意志を持つ闇がこちらを見返している。","","種別=調査ログ; source=map.js:15718; property=inspectLog; context={x=""17"",y=""4"",monsterId=""401180"",requiredFlag=""grezeliaOuterSealBroken"",actionLabel=""零式禁則試練に挑む""}; property=bosses"
"MAPLOG:story.js:L5129:log","マップログ","圧倒的な光の奔流に呑まれ、パーティは全滅した……。","","種別=マップログ; source=story.js:5129; property=log; context={type=""STORY_DEFEAT""}; property=actions"
"MAPLOG:story.js:L5171:log","マップログ","圧倒的な光の奔流に呑まれ、パーティは全滅した……。","","種別=マップログ; source=story.js:5171; property=log; context={type=""STORY_DEFEAT""}; property=actions"
"APPLOG:story_logic.js:L1193","システムログ","パーティは全滅した……。","","種別=直接App.log; source=story_logic.js:1193; property=playStoryDefeatEffect; code=App.log('パーティは全滅した……。')"
"APPLOG:story_logic.js:L1316","システムログ","${char.name || '仲間'}の絆が深まった。","","種別=直接App.log; source=story_logic.js:1316; property=processAction; code=App.log(`${char.name || '仲間'}の絆が深まった。`)"
"APPLOG:story_logic.js:L1332","システムログ","不思議な力で体力が回復した！","","種別=直接App.log; source=story_logic.js:1332; property=processAction; code=App.log(""不思議な力で体力が回復した！"")"
"APPLOG:story_logic.js:L1415","システムログ","${item?.name || `アイテム${itemId}`}を手に入れた！","","種別=直接App.log; source=story_logic.js:1415; property=processAction; code=App.log(`${item?.name || `アイテム${itemId}`}を手に入れた！`)"
"APPLOG:story_logic.js:L1429","システムログ","${item?.name || `アイテム${itemId}`}を渡した。","","種別=直接App.log; source=story_logic.js:1429; property=processAction; code=App.log(`${item?.name || `アイテム${itemId}`}を渡した。`)"
